Individuo,Makespan,LoadBalance,Flowtime,CommunicationCost,WaitingTime,Fitness,Alocacao,Escalonamento
0,1438,1.7032869410719573,33192,1607,1148,719.851643470536,"[2, 0, 1, 0, 0, 1, 2, 1, 1, 1, 0, 2, 0, 0, 0, 3, 0, 1, 0, 2, 2, 1, 0, 2, 3, 1, 3, 0, 1, 2, 0, 3, 0, 3, 0, 3, 0, 2, 0, 2, 1, 3, 0, 2, 0, 3, 3, 1, 2, 2, 3, 3, 1, 1, 0, 2, 2, 1, 0, 0, 1, 1, 2, 2, 2, 1, 1, 1, 0, 1, 1, 0, 1, 2, 0, 3, 0, 2, 3, 2, 3, 0, 2, 3, 0, 2, 3, 1, 0, 2]","['0', '2', '1', '5', '4', '3', '12', '11', '10', '17', '8', '7', '6', '16', '87', '14', '9', '21', '35', '44', '25', '18', '15', '24', '26', '13', '27', '28', '19', '30', '23', '20', '31', '34', '39', '29', '22', '43', '36', '38', '33', '40', '37', '45', '53', '54', '41', '32', '49', '50', '42', '47', '46', '55', '48', '82', '51', '70', '56', '60', '59', '57', '67', '61', '52', '58', '62', '68', '77', '63', '64', '72', '73', '80', '79', '81', '85', '65', '66', '74', '69', '71', '75', '76', '78', '83', '84', '86', '88', '89']"
1,1500,1.7857142857142858,28637,1411,977,750.8928571428571,"[0, 0, 1, 1, 3, 3, 2, 0, 3, 3, 0, 1, 0, 1, 3, 1, 0, 3, 3, 0, 3, 2, 0, 3, 2, 2, 2, 2, 0, 2, 3, 0, 2, 1, 2, 3, 1, 2, 1, 1, 1, 1, 1, 1, 0, 3, 1, 3, 1, 1, 0, 3, 0, 2, 1, 2, 1, 3, 1, 0, 1, 2, 0, 3, 0, 2, 1, 0, 3, 2, 2, 1, 1, 1, 3, 2, 1, 2, 3, 3, 2, 0, 2, 2, 2, 0, 1, 0, 2, 3]","['0', '1', '3', '4', '5', '8', '10', '12', '7', '11', '6', '13', '15', '28', '2', '14', '16', '17', '87', '19', '9', '30', '27', '26', '23', '18', '24', '31', '21', '35', '45', '55', '36', '53', '46', '44', '37', '40', '50', '43', '22', '20', '54', '57', '34', '29', '33', '42', '25', '41', '38', '47', '32', '48', '39', '77', '49', '82', '51', '52', '60', '70', '58', '61', '62', '59', '63', '56', '68', '67', '72', '74', '64', '65', '73', '79', '66', '80', '69', '71', '75', '81', '76', '85', '78', '83', '84', '86', '88', '89']"
2,1396,1.6115440115440116,32699,1449,1015,698.805772005772,"[1, 1, 1, 3, 2, 3, 0, 0, 1, 2, 0, 2, 0, 0, 1, 3, 1, 1, 0, 2, 2, 3, 2, 2, 2, 3, 0, 2, 0, 1, 2, 3, 1, 2, 2, 1, 3, 2, 0, 3, 2, 3, 1, 1, 1, 3, 2, 0, 2, 0, 3, 0, 2, 1, 2, 2, 3, 1, 3, 2, 3, 1, 1, 3, 0, 2, 3, 0, 1, 1, 2, 1, 1, 0, 1, 0, 0, 1, 3, 1, 0, 1, 0, 1, 3, 0, 2, 3, 3, 3]","['0', '1', '3', '7', '2', '8', '4', '5', '6', '11', '14', '15', '12', '13', '16', '10', '28', '17', '19', '30', '87', '29', '82', '9', '22', '25', '24', '26', '21', '37', '34', '23', '18', '38', '36', '35', '20', '27', '44', '46', '33', '43', '45', '54', '53', '31', '39', '32', '42', '41', '55', '40', '47', '50', '57', '52', '51', '48', '58', '56', '60', '68', '62', '49', '61', '59', '77', '70', '63', '64', '72', '74', '65', '66', '73', '80', '85', '79', '67', '81', '69', '71', '75', '76', '78', '83', '84', '86', '88', '89']"
3,1413,1.6687333923826395,28557,1364,900,707.3343666961913,"[2, 2, 0, 0, 0, 1, 0, 2, 2, 3, 2, 1, 0, 2, 0, 3, 2, 2, 3, 3, 2, 1, 0, 2, 1, 2, 3, 0, 0, 3, 3, 0, 3, 3, 3, 3, 2, 2, 3, 2, 3, 2, 2, 1, 0, 3, 3, 3, 0, 0, 2, 0, 3, 2, 2, 1, 1, 2, 0, 1, 0, 1, 1, 2, 1, 1, 3, 0, 0, 0, 1, 2, 2, 2, 3, 1, 2, 0, 1, 1, 2, 1, 1, 1, 1, 2, 3, 2, 0, 3]","['0', '2', '17', '1', '4', '8', '6', '3', '15', '7', '14', '13', '5', '11', '12', '9', '16', '24', '19', '18', '26', '27', '10', '28', '25', '20', '33', '29', '87', '30', '21', '23', '32', '31', '22', '39', '40', '38', '82', '50', '35', '34', '77', '46', '44', '36', '41', '42', '37', '49', '43', '51', '59', '45', '60', '47', '54', '48', '52', '55', '56', '57', '68', '61', '72', '63', '53', '70', '67', '58', '64', '74', '73', '62', '65', '80', '66', '85', '79', '69', '81', '71', '75', '76', '78', '83', '84', '86', '88', '89']"
4,1512,1.7861783815711754,31678,1485,984,756.8930891907855,"[3, 3, 2, 1, 1, 0, 0, 2, 2, 1, 2, 1, 2, 1, 0, 1, 0, 3, 3, 1, 3, 2, 3, 3, 0, 3, 0, 1, 0, 1, 3, 2, 0, 3, 3, 2, 3, 1, 1, 0, 3, 0, 0, 3, 3, 1, 1, 1, 2, 3, 2, 2, 1, 1, 2, 3, 1, 2, 1, 0, 2, 0, 0, 2, 3, 1, 3, 0, 1, 1, 3, 0, 3, 0, 0, 1, 2, 0, 3, 0, 0, 2, 1, 3, 1, 1, 3, 2, 0, 1]","['0', '1', '5', '12', '3', '10', '2', '17', '11', '7', '4', '8', '16', '6', '15', '14', '87', '9', '24', '23', '18', '26', '20', '32', '27', '22', '38', '13', '28', '33', '25', '21', '19', '36', '35', '29', '42', '37', '30', '46', '44', '82', '31', '45', '34', '53', '43', '54', '55', '49', '39', '40', '50', '41', '48', '70', '47', '77', '52', '51', '60', '57', '59', '56', '68', '72', '67', '73', '61', '74', '80', '81', '63', '85', '64', '58', '62', '65', '79', '66', '69', '71', '75', '76', '78', '83', '84', '86', '88', '89']"
5,1318,1.5634638196915778,32314,1499,1000,659.7817319098458,"[1, 2, 0, 3, 1, 1, 2, 0, 3, 1, 2, 0, 2, 1, 3, 3, 2, 2, 1, 1, 0, 3, 2, 1, 0, 3, 1, 0, 3, 3, 1, 0, 0, 0, 1, 2, 0, 0, 1, 1, 1, 3, 3, 2, 2, 3, 2, 1, 1, 1, 2, 3, 2, 2, 3, 0, 1, 1, 0, 0, 2, 0, 3, 1, 0, 3, 0, 0, 1, 2, 3, 2, 3, 1, 3, 0, 2, 0, 3, 2, 3, 2, 0, 3, 0, 0, 3, 3, 0, 0]","['0', '1', '8', '7', '5', '2', '3', '17', '16', '11', '12', '4', '10', '6', '15', '19', '14', '13', '28', '87', '30', '9', '27', '21', '18', '20', '29', '33', '35', '23', '22', '26', '43', '24', '37', '46', '32', '44', '34', '36', '41', '25', '42', '51', '49', '59', '58', '48', '70', '45', '53', '31', '62', '40', '60', '54', '38', '39', '82', '55', '47', '52', '50', '56', '67', '77', '68', '72', '73', '74', '57', '79', '61', '63', '64', '65', '80', '85', '66', '69', '71', '75', '76', '81', '78', '83', '84', '86', '88', '89']"
6,1672,1.9916617033948778,29304,1366,877,836.9958308516974,"[2, 2, 2, 0, 2, 3, 1, 3, 2, 1, 0, 3, 0, 3, 3, 3, 1, 3, 2, 0, 3, 3, 1, 1, 3, 2, 2, 0, 2, 2, 2, 1, 2, 3, 2, 2, 1, 0, 2, 2, 0, 0, 3, 1, 2, 0, 0, 3, 2, 0, 0, 3, 3, 0, 3, 0, 2, 0, 3, 3, 2, 0, 0, 3, 2, 2, 3, 2, 3, 0, 3, 2, 1, 2, 0, 2, 1, 2, 2, 2, 3, 1, 1, 0, 1, 1, 2, 1, 2, 2]","['0', '2', '1', '17', '4', '6', '7', '3', '13', '8', '16', '14', '87', '15', '5', '10', '11', '12', '19', '9', '21', '24', '30', '36', '18', '25', '23', '34', '22', '35', '46', '29', '45', '55', '44', '53', '54', '28', '27', '43', '20', '38', '37', '32', '49', '82', '41', '26', '48', '33', '31', '51', '40', '50', '39', '57', '42', '59', '60', '47', '61', '63', '52', '64', '70', '58', '77', '62', '65', '56', '68', '66', '67', '69', '72', '73', '80', '74', '81', '79', '71', '75', '76', '85', '78', '83', '84', '86', '88', '89']"
7,1406,1.6565537555228278,31505,1414,970,703.8282768777614,"[1, 1, 3, 3, 2, 2, 3, 0, 1, 0, 2, 3, 0, 0, 1, 1, 1, 0, 2, 3, 1, 3, 1, 2, 2, 2, 2, 1, 1, 3, 0, 2, 1, 0, 2, 0, 3, 0, 0, 1, 0, 1, 0, 3, 2, 2, 2, 0, 0, 1, 1, 2, 3, 2, 1, 0, 1, 0, 1, 3, 0, 3, 0, 2, 0, 2, 1, 1, 1, 2, 0, 0, 3, 3, 2, 3, 2, 3, 1, 0, 3, 0, 1, 1, 1, 2, 3, 1, 0, 3]","['0', '1', '4', '2', '8', '7', '16', '5', '11', '87', '6', '3', '14', '13', '10', '9', '18', '23', '22', '26', '28', '27', '38', '17', '21', '12', '34', '35', '44', '37', '43', '36', '24', '45', '54', '53', '20', '55', '32', '41', '46', '49', '51', '58', '60', '70', '62', '47', '15', '33', '42', '19', '48', '30', '52', '25', '59', '31', '40', '39', '29', '77', '50', '57', '82', '61', '63', '56', '68', '64', '67', '72', '74', '65', '66', '73', '79', '80', '69', '85', '71', '75', '76', '78', '83', '84', '81', '86', '88', '89']"
8,1265,1.5612465288491206,29120,1263,908,633.2806232644245,"[2, 1, 2, 2, 1, 0, 1, 2, 1, 0, 2, 0, 2, 2, 2, 1, 1, 1, 3, 1, 1, 1, 2, 2, 0, 3, 1, 1, 2, 3, 2, 3, 2, 1, 0, 0, 1, 3, 2, 0, 3, 2, 0, 2, 3, 0, 3, 0, 3, 2, 1, 3, 1, 2, 0, 1, 0, 0, 1, 3, 0, 2, 3, 3, 3, 3, 0, 2, 0, 3, 2, 1, 1, 2, 3, 0, 2, 3, 2, 2, 0, 2, 3, 1, 2, 2, 3, 3, 3, 0]","['0', '2', '17', '1', '8', '5', '11', '3', '7', '12', '16', '10', '4', '6', '15', '9', '22', '26', '24', '21', '37', '19', '35', '25', '45', '36', '46', '13', '27', '43', '28', '14', '29', '34', '53', '87', '44', '82', '18', '20', '33', '54', '30', '23', '32', '49', '42', '70', '38', '41', '51', '55', '31', '40', '59', '58', '47', '60', '39', '62', '48', '50', '57', '77', '52', '61', '56', '68', '72', '73', '79', '74', '63', '64', '80', '85', '65', '66', '67', '69', '71', '81', '75', '76', '78', '83', '84', '86', '88', '89']"
9,1409,1.6884361893349311,30740,1376,962,705.3442180946674,"[2, 2, 2, 0, 1, 1, 2, 2, 0, 1, 3, 3, 1, 1, 2, 1, 0, 1, 2, 2, 2, 2, 0, 1, 1, 2, 1, 3, 1, 0, 2, 3, 1, 3, 3, 1, 3, 2, 2, 0, 3, 0, 3, 1, 2, 2, 0, 2, 3, 1, 0, 1, 1, 1, 1, 2, 0, 2, 0, 1, 3, 3, 0, 3, 2, 2, 0, 2, 3, 3, 0, 1, 1, 3, 2, 1, 3, 2, 1, 1, 0, 0, 3, 2, 1, 3, 2, 2, 3, 1]","['0', '1', '2', '8', '7', '4', '5', '12', '3', '6', '9', '22', '13', '11', '27', '21', '14', '25', '18', '16', '23', '34', '24', '20', '37', '26', '17', '41', '47', '10', '38', '36', '15', '87', '28', '32', '48', '35', '33', '19', '43', '51', '58', '49', '44', '60', '45', '53', '62', '29', '59', '42', '54', '70', '55', '30', '82', '52', '31', '39', '77', '40', '46', '50', '56', '68', '72', '74', '73', '79', '57', '67', '80', '81', '85', '61', '63', '64', '65', '66', '69', '71', '75', '76', '78', '83', '84', '86', '88', '89']"
10,1444,1.6683997689196997,32813,1402,928,722.8341998844598,"[3, 0, 2, 3, 3, 2, 0, 0, 2, 3, 3, 2, 3, 1, 2, 2, 2, 2, 2, 0, 3, 0, 3, 1, 1, 2, 1, 1, 3, 1, 1, 2, 3, 1, 0, 3, 1, 0, 2, 1, 3, 1, 0, 1, 1, 1, 0, 1, 2, 1, 1, 2, 0, 1, 2, 3, 3, 2, 0, 3, 0, 3, 3, 1, 2, 0, 1, 2, 1, 3, 2, 3, 2, 2, 1, 2, 0, 3, 1, 3, 3, 3, 0, 1, 2, 1, 0, 2, 0, 2]","['0', '1', '8', '5', '7', '4', '11', '3', '6', '13', '2', '12', '17', '15', '9', '21', '27', '14', '10', '25', '35', '23', '16', '87', '28', '26', '18', '37', '34', '20', '46', '45', '22', '55', '32', '38', '19', '43', '44', '36', '30', '49', '31', '33', '42', '24', '39', '29', '77', '54', '82', '70', '40', '50', '57', '41', '47', '53', '48', '56', '52', '68', '72', '51', '58', '59', '60', '73', '61', '80', '85', '63', '79', '74', '67', '81', '64', '62', '65', '66', '69', '71', '75', '76', '78', '83', '84', '86', '88', '89']"
11,1484,1.767192616850253,30553,1283,924,742.8835963084251,"[3, 3, 3, 1, 2, 2, 1, 0, 3, 2, 1, 3, 2, 3, 1, 1, 3, 2, 1, 3, 3, 0, 2, 3, 0, 3, 2, 0, 3, 0, 0, 1, 2, 0, 2, 1, 0, 1, 1, 3, 0, 2, 3, 3, 0, 3, 0, 1, 1, 3, 1, 2, 0, 3, 2, 2, 0, 2, 3, 3, 1, 2, 0, 0, 0, 2, 0, 0, 2, 2, 2, 0, 1, 3, 2, 0, 0, 1, 0, 3, 0, 0, 0, 0, 1, 1, 0, 3, 3, 3]","['0', '1', '8', '3', '5', '7', '10', '12', '11', '4', '6', '13', '14', '2', '15', '17', '16', '19', '30', '28', '29', '87', '9', '18', '27', '25', '20', '21', '33', '22', '36', '24', '82', '23', '42', '26', '37', '32', '35', '44', '46', '34', '41', '43', '49', '47', '31', '39', '38', '51', '40', '52', '59', '48', '45', '55', '77', '60', '58', '54', '53', '50', '62', '56', '57', '70', '68', '67', '72', '73', '61', '80', '85', '74', '63', '81', '79', '64', '65', '66', '69', '71', '75', '76', '78', '83', '84', '86', '88', '89']"
12,1301,1.549731983323407,32603,1530,1114,651.2748659916617,"[1, 2, 3, 0, 0, 1, 3, 3, 2, 1, 2, 2, 3, 3, 0, 3, 2, 3, 2, 2, 1, 3, 3, 1, 0, 0, 2, 3, 3, 3, 3, 0, 3, 1, 0, 3, 1, 0, 2, 1, 2, 2, 1, 0, 3, 0, 3, 0, 2, 0, 3, 3, 0, 1, 3, 2, 3, 0, 3, 1, 3, 2, 2, 2, 0, 1, 2, 1, 1, 3, 0, 3, 2, 3, 2, 2, 2, 0, 2, 2, 1, 3, 0, 1, 0, 0, 1, 2, 1, 0]","['0', '2', '17', '1', '8', '7', '4', '5', '16', '6', '3', '11', '10', '13', '9', '22', '12', '23', '26', '27', '28', '21', '25', '37', '87', '15', '38', '24', '35', '14', '46', '34', '19', '36', '18', '30', '20', '41', '45', '32', '48', '44', '54', '53', '47', '33', '55', '31', '42', '49', '29', '70', '82', '43', '39', '51', '60', '58', '59', '77', '52', '40', '50', '56', '57', '62', '68', '72', '74', '61', '73', '79', '63', '80', '67', '85', '81', '64', '65', '66', '69', '71', '75', '76', '78', '83', '84', '86', '88', '89']"
13,1556,1.8556946929039952,32892,1429,1021,778.927847346452,"[0, 0, 3, 1, 0, 1, 3, 1, 1, 1, 3, 1, 0, 0, 3, 2, 2, 3, 0, 0, 3, 1, 2, 1, 0, 2, 2, 3, 3, 3, 1, 2, 0, 2, 3, 2, 2, 2, 0, 1, 0, 2, 3, 2, 2, 3, 1, 3, 3, 3, 0, 2, 2, 3, 1, 3, 2, 3, 0, 0, 3, 3, 2, 2, 3, 0, 3, 1, 0, 3, 0, 0, 3, 3, 1, 3, 0, 3, 3, 2, 1, 0, 3, 2, 0, 0, 2, 2, 1, 3]","['0', '2', '1', '4', '6', '15', '3', '7', '14', '13', '17', '8', '5', '11', '10', '28', '16', '87', '12', '9', '24', '27', '18', '25', '26', '23', '22', '21', '19', '38', '35', '30', '44', '20', '31', '39', '32', '40', '45', '54', '33', '34', '37', '77', '43', '29', '46', '41', '53', '47', '49', '55', '36', '42', '48', '52', '82', '50', '57', '51', '56', '58', '68', '59', '67', '60', '70', '61', '63', '62', '64', '72', '73', '74', '80', '65', '79', '85', '81', '66', '69', '71', '75', '76', '78', '83', '84', '86', '88', '89']"
14,1314,1.5741239892183287,30207,1284,917,657.7870619946092,"[1, 3, 3, 3, 0, 3, 2, 0, 3, 3, 2, 2, 0, 0, 3, 0, 1, 3, 3, 1, 3, 0, 0, 2, 0, 3, 3, 3, 1, 3, 0, 3, 0, 0, 2, 1, 2, 3, 3, 3, 0, 1, 3, 3, 1, 1, 1, 0, 0, 3, 2, 0, 3, 1, 3, 1, 2, 1, 0, 1, 0, 3, 0, 2, 1, 3, 1, 2, 0, 3, 1, 1, 3, 2, 1, 1, 2, 2, 2, 3, 1, 0, 0, 3, 3, 1, 2, 1, 2, 0]","['0', '2', '17', '1', '5', '7', '11', '10', '4', '6', '15', '9', '21', '12', '23', '36', '34', '26', '14', '19', '25', '27', '13', '22', '8', '24', '3', '35', '16', '44', '30', '45', '37', '31', '46', '29', '55', '82', '54', '43', '18', '40', '50', '38', '53', '39', '57', '20', '41', '77', '28', '47', '33', '48', '42', '87', '56', '52', '51', '59', '68', '58', '67', '60', '32', '49', '61', '62', '72', '74', '70', '73', '79', '63', '80', '85', '64', '81', '65', '66', '69', '71', '75', '76', '78', '83', '84', '86', '88', '89']"
15,1439,1.7442424242424241,30327,1299,841,720.3721212121212,"[2, 3, 3, 2, 2, 3, 2, 0, 1, 3, 0, 0, 0, 3, 2, 2, 0, 3, 0, 2, 1, 2, 3, 3, 2, 1, 2, 2, 1, 0, 0, 3, 0, 3, 0, 3, 1, 0, 1, 2, 2, 3, 2, 1, 3, 1, 2, 2, 3, 2, 0, 0, 1, 3, 2, 2, 2, 3, 2, 1, 0, 1, 1, 3, 3, 3, 3, 2, 2, 2, 3, 2, 2, 2, 2, 0, 1, 0, 3, 0, 1, 1, 0, 0, 0, 0, 0, 2, 1, 1]","['0', '1', '8', '5', '11', '4', '3', '12', '7', '10', '6', '9', '27', '2', '21', '14', '23', '36', '13', '28', '26', '35', '22', '34', '25', '45', '24', '38', '44', '16', '55', '43', '46', '87', '53', '15', '54', '17', '19', '18', '20', '29', '37', '82', '41', '32', '47', '49', '48', '33', '70', '42', '52', '30', '31', '39', '77', '51', '60', '40', '58', '59', '62', '50', '56', '57', '61', '63', '64', '65', '67', '68', '72', '66', '73', '69', '79', '71', '74', '75', '80', '85', '81', '76', '78', '83', '84', '86', '88', '89']"
16,1692,2.065303631370156,30764,1430,949,847.0326518156851,"[2, 0, 3, 0, 0, 3, 2, 3, 2, 3, 2, 3, 2, 3, 3, 3, 1, 1, 2, 2, 2, 3, 3, 1, 2, 3, 1, 3, 0, 3, 2, 1, 2, 0, 0, 3, 2, 1, 2, 3, 1, 1, 1, 1, 2, 3, 3, 0, 2, 0, 0, 2, 3, 0, 2, 3, 1, 0, 3, 2, 3, 0, 0, 3, 1, 2, 2, 2, 3, 0, 3, 1, 1, 3, 1, 1, 2, 0, 3, 3, 3, 0, 1, 2, 2, 3, 3, 3, 3, 2]","['0', '2', '17', '1', '7', '5', '3', '10', '11', '8', '16', '87', '4', '12', '6', '15', '9', '26', '14', '18', '24', '27', '22', '20', '32', '21', '36', '25', '34', '13', '28', '35', '46', '23', '44', '37', '41', '33', '43', '47', '48', '19', '29', '52', '82', '30', '42', '45', '49', '31', '55', '40', '70', '51', '50', '39', '58', '56', '57', '60', '59', '77', '61', '53', '38', '62', '67', '68', '54', '72', '63', '64', '73', '79', '74', '65', '80', '85', '66', '81', '69', '71', '75', '76', '78', '83', '84', '86', '88', '89']"
17,1346,1.6290468986384266,31959,1413,983,673.8145234493193,"[3, 0, 2, 0, 0, 2, 2, 2, 2, 1, 0, 0, 1, 0, 1, 1, 2, 0, 3, 3, 1, 3, 1, 3, 0, 1, 2, 2, 3, 1, 3, 3, 0, 1, 2, 1, 0, 3, 2, 1, 0, 3, 3, 1, 0, 3, 0, 3, 0, 2, 2, 3, 3, 3, 0, 1, 1, 3, 1, 1, 2, 3, 0, 3, 0, 1, 0, 1, 2, 0, 3, 0, 3, 1, 2, 3, 3, 3, 1, 0, 1, 0, 0, 2, 1, 0, 0, 3, 0, 1]","['0', '2', '17', '1', '8', '3', '4', '5', '12', '6', '13', '7', '14', '16', '10', '11', '9', '25', '28', '22', '18', '20', '32', '27', '33', '15', '19', '29', '26', '30', '24', '82', '31', '40', '23', '39', '87', '21', '34', '77', '41', '38', '50', '35', '48', '46', '43', '36', '57', '51', '37', '47', '49', '60', '56', '59', '67', '42', '70', '58', '44', '45', '68', '53', '72', '73', '80', '54', '79', '74', '62', '55', '61', '52', '85', '63', '64', '65', '66', '69', '71', '81', '75', '76', '78', '83', '84', '86', '88', '89']"
18,1361,1.623620638234417,31835,1482,1035,681.3118103191172,"[2, 2, 1, 1, 1, 3, 2, 3, 2, 1, 1, 3, 1, 2, 2, 3, 2, 3, 1, 0, 3, 2, 3, 0, 2, 1, 0, 2, 3, 2, 1, 2, 1, 0, 0, 1, 1, 0, 3, 2, 1, 0, 0, 1, 1, 3, 3, 3, 2, 2, 1, 0, 2, 0, 0, 0, 2, 0, 1, 3, 1, 2, 1, 3, 2, 2, 2, 3, 3, 0, 2, 1, 1, 2, 0, 3, 3, 1, 0, 3, 0, 2, 3, 3, 3, 2, 0, 3, 0, 2]","['0', '2', '1', '4', '17', '6', '14', '5', '8', '9', '26', '12', '24', '3', '10', '22', '25', '27', '15', '11', '19', '7', '21', '23', '16', '13', '37', '36', '87', '29', '34', '38', '82', '28', '18', '30', '20', '32', '33', '49', '70', '31', '40', '42', '41', '50', '39', '35', '43', '44', '47', '48', '77', '52', '45', '57', '46', '55', '53', '56', '51', '67', '54', '60', '61', '68', '72', '59', '73', '79', '58', '80', '74', '63', '81', '85', '62', '64', '65', '66', '69', '71', '75', '76', '78', '83', '84', '86', '88', '89']"
19,1277,1.5464729034211322,29308,1411,944,639.2732364517105,"[0, 0, 0, 1, 2, 2, 1, 0, 2, 3, 1, 1, 1, 1, 0, 1, 3, 0, 2, 1, 1, 1, 2, 1, 3, 3, 0, 3, 2, 0, 0, 2, 1, 2, 0, 0, 1, 1, 1, 3, 3, 3, 0, 1, 0, 0, 3, 1, 1, 2, 1, 2, 0, 3, 3, 2, 2, 3, 0, 3, 2, 1, 2, 0, 2, 3, 3, 0, 1, 2, 3, 0, 3, 3, 3, 1, 3, 2, 0, 2, 3, 1, 1, 2, 3, 2, 2, 2, 0, 1]","['0', '1', '3', '7', '8', '5', '4', '10', '6', '9', '23', '21', '22', '26', '14', '25', '2', '18', '16', '11', '13', '34', '24', '12', '35', '46', '44', '20', '15', '45', '53', '87', '28', '32', '38', '43', '41', '37', '17', '36', '19', '30', '27', '49', '47', '31', '29', '33', '39', '54', '52', '70', '40', '55', '50', '48', '77', '57', '51', '82', '60', '59', '42', '56', '67', '61', '58', '62', '68', '63', '64', '72', '73', '80', '65', '81', '79', '74', '85', '66', '69', '71', '75', '76', '78', '83', '84', '86', '88', '89']"
20,1501,1.7737075332348597,33593,1502,1132,751.3868537666174,"[2, 0, 2, 1, 3, 0, 3, 2, 3, 0, 3, 0, 2, 3, 0, 2, 2, 2, 1, 2, 3, 2, 3, 1, 0, 3, 2, 1, 3, 3, 3, 2, 3, 0, 3, 2, 2, 2, 2, 0, 0, 2, 0, 2, 0, 0, 0, 3, 0, 2, 0, 1, 0, 0, 0, 3, 0, 3, 1, 0, 0, 2, 3, 1, 3, 1, 2, 3, 0, 1, 2, 2, 2, 3, 1, 3, 3, 1, 0, 1, 0, 2, 1, 0, 3, 2, 2, 1, 0, 2]","['0', '2', '17', '1', '5', '7', '12', '4', '6', '13', '15', '14', '10', '11', '8', '3', '28', '16', '87', '19', '30', '9', '23', '18', '27', '20', '32', '24', '25', '29', '22', '82', '38', '26', '21', '33', '37', '35', '36', '43', '44', '46', '45', '34', '49', '31', '39', '55', '41', '51', '77', '54', '70', '60', '53', '47', '59', '58', '40', '50', '48', '56', '62', '68', '57', '42', '61', '67', '63', '72', '64', '52', '73', '74', '65', '79', '66', '69', '71', '75', '80', '81', '85', '76', '78', '83', '84', '86', '88', '89']"
21,1376,1.6558363417569193,30784,1327,903,688.8279181708784,"[1, 1, 3, 1, 0, 3, 2, 1, 1, 1, 3, 1, 3, 1, 2, 1, 3, 2, 0, 3, 1, 0, 3, 2, 0, 0, 0, 0, 3, 0, 3, 1, 0, 2, 0, 2, 2, 3, 2, 0, 3, 0, 1, 0, 3, 2, 1, 1, 1, 1, 3, 1, 1, 3, 1, 1, 2, 2, 0, 1, 1, 0, 2, 3, 0, 2, 2, 0, 3, 1, 1, 3, 1, 2, 1, 2, 2, 3, 3, 1, 1, 3, 2, 0, 0, 2, 0, 3, 3, 1]","['0', '2', '1', '5', '11', '8', '7', '4', '3', '17', '6', '15', '14', '16', '12', '19', '87', '13', '30', '10', '29', '28', '9', '22', '82', '27', '24', '18', '26', '25', '23', '20', '31', '38', '33', '39', '32', '40', '50', '21', '36', '37', '34', '41', '47', '35', '43', '48', '49', '42', '45', '77', '53', '54', '70', '46', '55', '56', '68', '57', '67', '51', '72', '58', '44', '60', '73', '80', '85', '79', '74', '52', '61', '59', '63', '64', '81', '62', '65', '66', '69', '71', '75', '76', '78', '83', '84', '86', '88', '89']"
22,1380,1.6942909760589318,29512,1439,977,690.8471454880295,"[1, 1, 2, 0, 1, 0, 3, 1, 2, 0, 3, 2, 1, 0, 2, 3, 1, 0, 3, 2, 1, 3, 3, 0, 2, 0, 2, 3, 1, 2, 1, 2, 3, 3, 1, 1, 2, 1, 1, 3, 3, 1, 1, 3, 0, 3, 1, 2, 2, 2, 0, 1, 1, 0, 3, 0, 2, 0, 2, 0, 0, 0, 2, 2, 3, 2, 1, 2, 3, 1, 1, 1, 0, 0, 2, 0, 2, 3, 1, 1, 0, 2, 0, 3, 1, 3, 1, 0, 0, 0]","['0', '1', '2', '17', '5', '8', '12', '3', '7', '11', '10', '16', '4', '6', '9', '15', '13', '22', '26', '19', '24', '18', '23', '28', '27', '20', '14', '30', '38', '32', '31', '40', '87', '21', '36', '34', '33', '42', '25', '50', '35', '39', '46', '37', '41', '47', '44', '45', '29', '55', '53', '82', '52', '49', '43', '54', '77', '57', '48', '51', '59', '70', '60', '56', '68', '67', '72', '74', '73', '79', '61', '63', '80', '81', '58', '62', '85', '64', '65', '66', '69', '71', '75', '76', '78', '83', '84', '86', '88', '89']"
23,1221,1.4596533173939032,32135,1344,909,611.229826658697,"[1, 2, 2, 2, 2, 1, 2, 2, 3, 1, 1, 0, 1, 0, 3, 3, 0, 2, 2, 2, 1, 0, 0, 0, 2, 0, 0, 1, 2, 3, 1, 0, 0, 3, 0, 2, 1, 1, 0, 3, 1, 2, 3, 1, 3, 2, 3, 1, 1, 2, 0, 0, 1, 3, 2, 2, 0, 2, 2, 0, 3, 3, 0, 2, 1, 1, 3, 3, 2, 1, 3, 1, 2, 1, 1, 0, 3, 0, 2, 3, 1, 2, 1, 3, 3, 3, 3, 2, 0, 0]","['0', '2', '1', '4', '7', '6', '14', '8', '5', '9', '26', '25', '13', '10', '12', '22', '11', '15', '18', '24', '23', '21', '37', '17', '19', '28', '34', '36', '27', '3', '29', '82', '16', '20', '33', '87', '30', '35', '38', '31', '39', '43', '77', '46', '40', '44', '50', '45', '42', '55', '54', '57', '32', '53', '41', '49', '48', '47', '51', '52', '56', '67', '70', '59', '68', '60', '58', '72', '61', '73', '74', '80', '85', '62', '81', '63', '79', '64', '65', '66', '69', '71', '75', '76', '78', '83', '84', '86', '88', '89']"
24,1382,1.6496568188600418,32929,1315,920,691.82482840943,"[3, 0, 0, 0, 3, 3, 1, 0, 1, 0, 3, 1, 0, 2, 2, 1, 1, 3, 3, 1, 0, 3, 0, 0, 3, 0, 3, 2, 1, 0, 0, 1, 2, 0, 2, 2, 0, 3, 1, 0, 0, 1, 2, 1, 3, 3, 2, 2, 3, 2, 3, 2, 2, 1, 0, 2, 3, 0, 1, 1, 1, 0, 0, 2, 2, 0, 3, 3, 0, 2, 3, 1, 3, 3, 2, 0, 0, 3, 1, 1, 3, 0, 3, 1, 1, 0, 2, 2, 0, 1]","['0', '1', '7', '3', '8', '5', '2', '12', '10', '16', '4', '6', '11', '14', '87', '13', '17', '15', '9', '23', '22', '27', '21', '28', '34', '35', '36', '18', '25', '43', '24', '19', '38', '29', '82', '30', '26', '20', '33', '46', '31', '42', '41', '48', '32', '40', '50', '44', '57', '45', '53', '55', '51', '60', '61', '47', '52', '39', '37', '58', '49', '56', '59', '70', '67', '62', '68', '54', '77', '72', '73', '74', '80', '79', '63', '64', '65', '81', '66', '69', '85', '71', '75', '76', '78', '83', '84', '86', '88', '89']"
25,1525,1.8263473053892216,32287,1430,1053,763.4131736526946,"[3, 2, 2, 2, 0, 0, 1, 1, 2, 3, 2, 0, 2, 2, 3, 1, 0, 0, 3, 2, 3, 2, 2, 3, 1, 3, 1, 1, 3, 3, 1, 3, 1, 2, 2, 1, 3, 2, 0, 1, 0, 1, 2, 3, 2, 3, 2, 3, 3, 0, 0, 2, 2, 1, 3, 1, 2, 1, 0, 2, 2, 0, 2, 0, 1, 3, 1, 1, 3, 2, 0, 3, 0, 0, 3, 0, 1, 0, 2, 3, 1, 2, 0, 3, 3, 3, 2, 1, 2, 1]","['0', '2', '1', '17', '5', '4', '3', '6', '15', '8', '10', '7', '12', '9', '13', '23', '25', '26', '28', '24', '21', '14', '27', '34', '19', '36', '37', '35', '43', '44', '18', '46', '11', '22', '29', '30', '38', '31', '45', '54', '39', '40', '53', '77', '55', '50', '20', '57', '16', '33', '82', '41', '47', '42', '52', '32', '51', '49', '60', '58', '61', '62', '87', '70', '59', '48', '63', '56', '68', '72', '64', '74', '65', '73', '66', '79', '67', '80', '81', '85', '69', '71', '75', '76', '78', '83', '84', '86', '88', '89']"
26,1354,1.591536879224214,30635,1359,968,677.7957684396121,"[1, 2, 1, 2, 1, 3, 2, 0, 2, 1, 1, 2, 2, 3, 3, 3, 3, 1, 1, 3, 0, 2, 2, 0, 0, 0, 2, 1, 1, 0, 0, 0, 2, 3, 0, 0, 0, 2, 2, 1, 1, 0, 3, 2, 1, 1, 1, 3, 3, 1, 2, 3, 0, 2, 1, 0, 0, 1, 0, 2, 1, 1, 3, 0, 1, 3, 3, 2, 0, 1, 3, 1, 1, 2, 3, 0, 3, 1, 3, 0, 2, 2, 2, 2, 3, 2, 0, 2, 3, 2]","['0', '2', '1', '5', '11', '4', '17', '7', '8', '3', '6', '14', '13', '16', '15', '87', '10', '28', '9', '27', '26', '24', '23', '21', '34', '36', '22', '37', '38', '35', '12', '44', '46', '43', '25', '45', '55', '53', '18', '20', '33', '42', '19', '41', '32', '48', '54', '30', '49', '29', '47', '70', '52', '51', '58', '82', '60', '31', '39', '77', '59', '62', '40', '50', '56', '67', '68', '57', '72', '73', '74', '80', '85', '81', '79', '61', '63', '64', '65', '66', '69', '71', '75', '76', '78', '83', '84', '86', '88', '89']"
27,1393,1.6632835820895522,30869,1317,852,697.3316417910448,"[0, 1, 1, 0, 1, 2, 1, 1, 2, 3, 0, 2, 3, 2, 0, 1, 3, 1, 2, 3, 2, 0, 0, 2, 3, 3, 3, 1, 1, 2, 2, 0, 2, 0, 0, 3, 0, 0, 0, 3, 3, 1, 0, 0, 0, 0, 1, 1, 2, 0, 3, 1, 3, 0, 2, 0, 3, 3, 0, 1, 1, 1, 2, 2, 2, 1, 1, 0, 2, 3, 0, 1, 2, 1, 0, 1, 2, 0, 1, 1, 2, 3, 3, 2, 0, 0, 2, 3, 3, 1]","['0', '1', '7', '4', '3', '8', '5', '12', '11', '6', '10', '9', '15', '26', '13', '27', '18', '28', '14', '25', '24', '22', '21', '37', '23', '35', '34', '44', '45', '53', '20', '33', '54', '2', '43', '16', '87', '32', '36', '41', '49', '47', '42', '70', '51', '46', '38', '52', '60', '17', '19', '48', '59', '58', '29', '82', '62', '55', '30', '31', '39', '77', '40', '50', '57', '56', '67', '61', '68', '63', '64', '65', '72', '66', '69', '74', '73', '71', '79', '80', '75', '81', '85', '76', '78', '83', '84', '86', '88', '89']"
28,1405,1.6983983076458145,28945,1227,893,703.349199153823,"[1, 0, 3, 1, 3, 3, 0, 0, 2, 1, 1, 3, 2, 3, 3, 3, 0, 1, 0, 3, 0, 2, 2, 2, 3, 2, 1, 1, 0, 1, 0, 0, 1, 0, 1, 3, 1, 2, 1, 2, 0, 1, 0, 1, 0, 0, 0, 2, 3, 3, 2, 2, 0, 3, 3, 3, 1, 0, 0, 3, 1, 0, 0, 1, 0, 0, 3, 3, 3, 1, 2, 0, 2, 3, 2, 2, 3, 3, 0, 3, 0, 0, 0, 0, 0, 2, 2, 1, 2, 1]","['0', '2', '1', '3', '7', '17', '5', '12', '11', '8', '16', '10', '87', '4', '6', '14', '15', '19', '9', '30', '21', '25', '22', '35', '29', '18', '37', '44', '45', '36', '26', '27', '55', '31', '40', '34', '20', '24', '54', '43', '13', '82', '46', '28', '33', '42', '50', '23', '57', '32', '49', '39', '38', '70', '41', '47', '77', '48', '56', '52', '68', '67', '53', '72', '74', '73', '80', '79', '81', '85', '51', '60', '61', '59', '58', '63', '64', '62', '65', '66', '69', '71', '75', '76', '78', '83', '84', '86', '88', '89']"
29,1389,1.6457345971563981,31607,1487,1064,695.3228672985782,"[2, 1, 3, 2, 0, 2, 0, 1, 1, 2, 3, 1, 3, 1, 1, 2, 0, 2, 2, 0, 3, 0, 1, 3, 2, 0, 0, 0, 2, 2, 0, 2, 1, 0, 2, 2, 3, 2, 1, 3, 3, 1, 0, 0, 3, 2, 3, 2, 0, 1, 0, 3, 3, 0, 1, 2, 2, 1, 0, 2, 1, 0, 1, 1, 1, 1, 1, 0, 1, 1, 3, 0, 2, 1, 3, 0, 2, 1, 0, 2, 3, 0, 0, 1, 0, 1, 2, 0, 1, 0]","['0', '2', '17', '1', '8', '3', '7', '4', '6', '15', '13', '16', '14', '87', '5', '10', '11', '28', '12', '19', '30', '9', '23', '21', '35', '22', '24', '29', '34', '27', '25', '37', '82', '26', '31', '38', '36', '43', '40', '45', '53', '18', '50', '57', '46', '54', '20', '39', '77', '41', '55', '44', '32', '48', '56', '67', '51', '68', '33', '47', '59', '49', '60', '42', '70', '52', '61', '72', '74', '63', '58', '62', '73', '64', '80', '81', '79', '65', '66', '69', '71', '75', '85', '76', '78', '83', '84', '86', '88', '89']"
30,1507,1.8026315789473684,30113,1372,960,754.4013157894736,"[2, 3, 2, 2, 0, 0, 1, 0, 1, 0, 1, 0, 0, 1, 1, 0, 2, 0, 2, 3, 1, 2, 1, 1, 3, 3, 0, 0, 0, 2, 2, 0, 2, 3, 2, 2, 1, 0, 1, 1, 2, 2, 1, 3, 0, 2, 3, 0, 0, 3, 2, 1, 1, 3, 1, 1, 0, 2, 2, 0, 1, 2, 3, 0, 3, 2, 2, 0, 2, 2, 3, 1, 0, 2, 0, 2, 1, 3, 2, 0, 1, 0, 1, 0, 0, 2, 1, 2, 3, 2]","['0', '2', '1', '7', '3', '17', '4', '6', '15', '8', '16', '5', '13', '9', '12', '25', '24', '22', '11', '19', '21', '14', '34', '29', '30', '87', '26', '18', '37', '35', '46', '36', '20', '23', '32', '33', '10', '44', '45', '82', '28', '49', '70', '41', '47', '53', '52', '38', '43', '48', '27', '51', '31', '42', '55', '60', '59', '58', '39', '54', '77', '62', '40', '50', '57', '56', '61', '63', '68', '72', '73', '64', '79', '74', '67', '65', '80', '66', '69', '71', '75', '85', '81', '76', '78', '83', '84', '86', '88', '89']"
31,1355,1.6389476867251285,29212,1470,951,678.3194738433625,"[3, 0, 3, 1, 1, 1, 3, 2, 1, 2, 0, 0, 1, 1, 0, 3, 3, 1, 1, 1, 0, 3, 3, 1, 2, 2, 2, 3, 0, 1, 1, 1, 2, 3, 3, 3, 1, 0, 0, 1, 2, 2, 1, 1, 3, 1, 0, 0, 1, 1, 1, 3, 2, 0, 1, 2, 2, 1, 0, 1, 2, 3, 0, 2, 0, 0, 0, 1, 2, 1, 3, 0, 3, 3, 1, 2, 2, 3, 0, 2, 2, 3, 3, 3, 0, 1, 2, 1, 2, 2]","['0', '2', '1', '8', '4', '3', '5', '12', '7', '10', '11', '16', '17', '87', '6', '15', '19', '14', '29', '13', '9', '22', '27', '28', '25', '26', '21', '23', '18', '34', '82', '37', '20', '24', '41', '33', '32', '36', '49', '47', '35', '48', '38', '44', '46', '43', '30', '52', '31', '40', '51', '58', '45', '60', '50', '55', '42', '39', '70', '77', '53', '54', '56', '57', '61', '62', '67', '59', '63', '64', '68', '65', '72', '73', '79', '80', '74', '66', '81', '69', '85', '71', '75', '76', '78', '83', '84', '86', '88', '89']"
32,1662,2.0102812216510433,29847,1384,967,832.0051406108255,"[2, 3, 3, 3, 2, 2, 1, 3, 2, 2, 3, 2, 1, 3, 3, 2, 0, 1, 0, 2, 2, 1, 2, 3, 3, 2, 2, 1, 1, 1, 2, 3, 2, 1, 0, 0, 3, 2, 2, 1, 0, 1, 1, 2, 0, 2, 0, 0, 0, 1, 1, 0, 0, 0, 2, 0, 0, 0, 3, 3, 1, 0, 3, 1, 1, 1, 1, 1, 0, 1, 0, 3, 1, 1, 3, 2, 1, 2, 1, 1, 3, 1, 2, 2, 1, 0, 1, 2, 1, 0]","['0', '1', '2', '3', '5', '12', '4', '10', '7', '8', '16', '11', '87', '6', '15', '17', '9', '22', '23', '26', '19', '14', '25', '24', '18', '30', '38', '21', '35', '45', '29', '44', '20', '82', '34', '55', '27', '41', '43', '33', '54', '37', '51', '46', '60', '47', '53', '52', '13', '32', '31', '36', '59', '28', '48', '58', '49', '42', '70', '62', '39', '77', '40', '50', '57', '56', '61', '63', '67', '64', '65', '66', '68', '69', '72', '73', '74', '80', '71', '75', '76', '85', '79', '81', '78', '83', '84', '86', '88', '89']"
33,1427,1.717724947336744,32147,1392,960,714.3588624736684,"[1, 0, 2, 0, 0, 3, 3, 3, 1, 1, 3, 1, 2, 2, 0, 3, 0, 0, 1, 3, 1, 1, 1, 0, 1, 3, 1, 1, 2, 1, 2, 0, 2, 2, 0, 3, 3, 3, 2, 3, 3, 1, 0, 2, 3, 3, 0, 1, 3, 3, 0, 1, 1, 0, 0, 3, 3, 1, 1, 2, 1, 1, 2, 0, 0, 2, 1, 0, 1, 2, 3, 0, 0, 2, 0, 3, 2, 0, 0, 1, 0, 1, 0, 3, 1, 2, 0, 0, 0, 1]","['0', '2', '17', '1', '8', '3', '7', '5', '16', '4', '12', '11', '87', '6', '9', '21', '15', '37', '36', '14', '18', '19', '29', '82', '20', '10', '22', '30', '35', '33', '24', '25', '27', '44', '42', '13', '32', '23', '38', '28', '49', '26', '70', '31', '40', '43', '34', '41', '50', '46', '57', '39', '45', '51', '47', '52', '59', '77', '54', '48', '53', '58', '55', '56', '68', '67', '62', '72', '73', '60', '79', '80', '81', '74', '85', '61', '63', '64', '65', '66', '69', '71', '75', '76', '78', '83', '84', '86', '88', '89']"
34,1369,1.615339233038348,31076,1342,978,685.3076696165192,"[3, 1, 0, 3, 2, 2, 1, 0, 3, 3, 3, 3, 1, 2, 3, 0, 0, 0, 0, 3, 0, 3, 2, 1, 3, 2, 2, 3, 3, 3, 1, 1, 0, 0, 1, 2, 3, 3, 2, 3, 0, 3, 0, 1, 2, 2, 2, 1, 3, 1, 0, 2, 1, 1, 3, 1, 3, 1, 3, 0, 0, 3, 0, 0, 1, 1, 1, 0, 3, 0, 1, 3, 0, 2, 1, 0, 1, 1, 2, 2, 1, 2, 3, 1, 2, 1, 0, 1, 3, 0]","['0', '2', '1', '5', '10', '11', '17', '12', '8', '7', '16', '4', '87', '3', '6', '13', '9', '26', '14', '18', '25', '21', '20', '24', '22', '33', '23', '32', '34', '38', '37', '35', '41', '45', '55', '47', '44', '53', '54', '28', '27', '49', '43', '52', '15', '19', '29', '51', '48', '36', '46', '42', '59', '82', '30', '60', '31', '39', '77', '40', '58', '70', '62', '50', '57', '61', '63', '64', '56', '67', '65', '68', '66', '72', '74', '69', '71', '73', '75', '80', '85', '81', '76', '79', '78', '83', '84', '86', '88', '89']"
35,1645,1.9222903885480573,34422,1457,989,823.4611451942741,"[3, 1, 0, 1, 3, 1, 0, 2, 0, 3, 2, 3, 3, 0, 0, 3, 0, 2, 1, 2, 1, 3, 0, 1, 2, 1, 0, 0, 0, 3, 3, 0, 0, 1, 0, 3, 3, 2, 0, 0, 2, 0, 0, 0, 2, 1, 2, 2, 0, 0, 2, 3, 0, 1, 1, 0, 0, 0, 2, 3, 3, 2, 1, 3, 0, 1, 3, 0, 0, 0, 2, 0, 1, 1, 2, 2, 0, 3, 3, 3, 2, 1, 0, 0, 3, 1, 1, 0, 1, 1]","['0', '1', '4', '3', '7', '6', '2', '5', '11', '12', '17', '15', '9', '24', '19', '14', '29', '21', '30', '26', '37', '27', '18', '13', '23', '31', '25', '82', '36', '34', '39', '20', '22', '77', '40', '38', '32', '10', '8', '41', '16', '35', '43', '48', '47', '46', '51', '49', '33', '59', '70', '42', '50', '58', '44', '87', '60', '52', '56', '28', '45', '57', '55', '68', '67', '61', '72', '73', '79', '74', '53', '62', '54', '63', '64', '65', '80', '66', '81', '85', '69', '71', '75', '76', '78', '83', '84', '86', '88', '89']"
36,1419,1.6743362831858406,32264,1447,1053,710.3371681415929,"[2, 0, 2, 1, 0, 2, 1, 2, 1, 0, 0, 1, 1, 1, 0, 3, 0, 1, 2, 2, 1, 2, 1, 0, 1, 2, 3, 0, 0, 2, 3, 3, 1, 1, 1, 1, 0, 1, 2, 1, 0, 3, 0, 1, 3, 0, 3, 1, 2, 2, 0, 0, 0, 2, 1, 3, 3, 1, 2, 1, 3, 3, 2, 2, 3, 3, 2, 0, 2, 0, 3, 3, 3, 1, 3, 0, 3, 3, 2, 0, 3, 3, 1, 0, 1, 0, 1, 1, 3, 1]","['0', '1', '8', '2', '4', '6', '13', '15', '17', '5', '3', '12', '10', '7', '28', '14', '9', '18', '22', '11', '21', '26', '27', '36', '24', '37', '23', '16', '34', '19', '30', '87', '38', '29', '82', '35', '45', '55', '43', '20', '53', '33', '54', '42', '44', '46', '25', '31', '40', '39', '77', '50', '41', '48', '47', '32', '56', '68', '57', '51', '60', '61', '67', '58', '59', '49', '62', '63', '64', '65', '72', '70', '52', '66', '73', '80', '81', '69', '85', '71', '74', '79', '75', '76', '78', '83', '84', '86', '88', '89']"
37,1466,1.7421271538918597,30615,1381,944,733.871063576946,"[3, 0, 3, 1, 2, 1, 2, 1, 2, 3, 2, 3, 1, 0, 1, 0, 1, 2, 2, 2, 2, 3, 1, 2, 2, 3, 1, 3, 3, 2, 3, 1, 1, 0, 2, 2, 0, 1, 1, 0, 0, 3, 2, 2, 2, 3, 0, 1, 2, 0, 1, 1, 3, 1, 2, 3, 2, 0, 1, 3, 1, 3, 1, 0, 1, 0, 2, 2, 3, 2, 3, 0, 2, 2, 0, 2, 2, 3, 0, 2, 0, 2, 3, 2, 0, 1, 1, 1, 0, 3]","['0', '2', '1', '17', '3', '5', '4', '6', '13', '8', '12', '11', '9', '27', '10', '28', '22', '21', '24', '7', '35', '16', '45', '46', '43', '44', '26', '25', '37', '36', '55', '53', '54', '87', '18', '14', '20', '32', '33', '49', '23', '38', '34', '42', '41', '51', '48', '59', '58', '70', '15', '47', '62', '52', '60', '19', '30', '29', '82', '31', '39', '77', '40', '50', '56', '67', '57', '61', '63', '64', '65', '66', '68', '72', '69', '73', '80', '71', '74', '85', '81', '75', '79', '76', '78', '83', '84', '86', '88', '89']"
38,1356,1.6220095693779903,26051,1330,966,678.811004784689,"[3, 1, 0, 3, 0, 1, 3, 3, 0, 3, 1, 2, 2, 3, 0, 1, 3, 1, 3, 3, 3, 0, 3, 3, 3, 2, 0, 3, 1, 3, 2, 3, 3, 1, 2, 1, 1, 3, 2, 0, 2, 1, 3, 2, 1, 1, 3, 3, 2, 1, 0, 0, 2, 2, 1, 2, 2, 3, 2, 0, 0, 0, 1, 0, 2, 0, 0, 1, 0, 2, 2, 1, 3, 1, 0, 3, 3, 1, 0, 1, 2, 1, 3, 0, 1, 2, 3, 3, 1, 0]","['0', '2', '17', '1', '7', '8', '4', '6', '15', '5', '3', '14', '13', '9', '24', '12', '10', '23', '28', '19', '22', '26', '30', '21', '25', '37', '38', '18', '34', '20', '35', '45', '33', '11', '43', '44', '53', '54', '32', '55', '41', '47', '29', '46', '48', '36', '49', '42', '70', '82', '16', '27', '31', '40', '51', '59', '50', '39', '87', '60', '77', '52', '56', '58', '68', '57', '61', '72', '63', '73', '62', '79', '64', '74', '80', '67', '65', '85', '66', '69', '81', '71', '75', '76', '78', '83', '84', '86', '88', '89']"
39,1387,1.6336866902237928,30935,1532,1005,694.3168433451119,"[3, 3, 3, 1, 3, 2, 0, 1, 3, 2, 0, 3, 0, 2, 3, 1, 2, 1, 3, 1, 2, 0, 1, 3, 3, 2, 1, 3, 3, 3, 2, 0, 2, 3, 1, 0, 3, 2, 2, 2, 1, 1, 0, 3, 3, 2, 0, 1, 3, 0, 0, 3, 2, 0, 2, 0, 1, 2, 3, 2, 3, 2, 1, 1, 0, 0, 1, 3, 0, 3, 2, 2, 2, 1, 2, 0, 3, 3, 1, 0, 0, 2, 0, 1, 0, 2, 0, 1, 3, 2]","['0', '1', '5', '4', '11', '3', '12', '2', '17', '6', '15', '8', '9', '13', '24', '21', '23', '14', '27', '34', '22', '18', '35', '20', '32', '45', '54', '41', '43', '47', '38', '37', '55', '46', '26', '7', '44', '25', '19', '16', '33', '52', '51', '30', '59', '10', '36', '29', '31', '39', '60', '48', '82', '87', '77', '58', '53', '62', '42', '49', '28', '40', '70', '50', '56', '57', '61', '67', '63', '68', '64', '72', '73', '79', '65', '66', '74', '80', '85', '81', '69', '71', '75', '76', '78', '83', '84', '86', '88', '89']"
40,1532,1.8178582023138534,32438,1521,980,766.9089291011569,"[1, 3, 2, 2, 2, 2, 3, 2, 0, 0, 1, 2, 0, 1, 0, 1, 1, 1, 3, 2, 3, 2, 3, 0, 3, 1, 0, 0, 0, 3, 3, 2, 0, 0, 1, 1, 0, 0, 0, 3, 3, 2, 3, 2, 3, 2, 1, 3, 1, 3, 2, 1, 1, 3, 3, 0, 3, 2, 3, 2, 3, 1, 1, 2, 0, 2, 2, 3, 0, 1, 0, 1, 1, 3, 1, 3, 2, 0, 3, 3, 2, 3, 3, 3, 2, 2, 0, 1, 1, 0]","['0', '2', '1', '3', '17', '8', '7', '16', '5', '10', '12', '11', '87', '4', '6', '14', '9', '24', '25', '18', '22', '15', '13', '19', '26', '23', '27', '30', '38', '31', '20', '32', '33', '39', '28', '77', '40', '21', '50', '29', '37', '49', '34', '41', '36', '70', '42', '82', '48', '57', '35', '45', '44', '47', '52', '43', '46', '53', '55', '56', '68', '67', '72', '54', '51', '60', '74', '59', '61', '73', '63', '79', '64', '80', '81', '58', '62', '65', '85', '66', '69', '71', '75', '76', '78', '83', '84', '86', '88', '89']"
41,1228,1.4354178842782,32148,1321,946,614.7177089421391,"[1, 2, 2, 1, 2, 2, 0, 0, 1, 1, 0, 0, 3, 2, 3, 0, 0, 1, 2, 0, 1, 3, 2, 1, 1, 0, 0, 0, 2, 1, 0, 2, 2, 3, 2, 3, 0, 0, 3, 3, 0, 3, 3, 3, 3, 3, 0, 3, 0, 0, 1, 2, 1, 2, 3, 0, 0, 2, 3, 2, 0, 2, 2, 0, 3, 1, 3, 1, 1, 2, 3, 1, 2, 1, 1, 2, 2, 0, 1, 1, 1, 3, 3, 0, 3, 0, 1, 0, 1, 0]","['0', '1', '5', '3', '4', '11', '8', '12', '7', '6', '14', '10', '15', '2', '13', '9', '28', '25', '26', '27', '17', '19', '22', '30', '31', '18', '23', '20', '38', '21', '32', '36', '24', '37', '29', '49', '70', '82', '16', '33', '39', '87', '77', '42', '40', '35', '34', '43', '50', '41', '44', '48', '47', '57', '46', '45', '52', '54', '53', '56', '68', '67', '55', '51', '72', '59', '73', '60', '80', '81', '85', '61', '58', '63', '64', '62', '74', '79', '65', '66', '69', '71', '75', '76', '78', '83', '84', '86', '88', '89']"
42,1443,1.73125374925015,30310,1313,863,722.365626874625,"[0, 1, 2, 3, 3, 0, 2, 0, 2, 2, 0, 1, 1, 2, 0, 3, 2, 0, 0, 1, 1, 1, 2, 1, 3, 3, 3, 1, 3, 1, 3, 0, 0, 3, 3, 1, 1, 0, 0, 2, 1, 3, 1, 3, 2, 1, 1, 1, 1, 0, 1, 1, 0, 2, 1, 0, 3, 2, 1, 0, 0, 2, 0, 0, 1, 3, 2, 0, 0, 2, 3, 3, 3, 1, 0, 0, 0, 0, 2, 0, 0, 3, 0, 1, 2, 2, 0, 1, 1, 1]","['0', '2', '1', '7', '5', '10', '3', '8', '16', '12', '87', '11', '17', '4', '6', '14', '13', '9', '27', '22', '21', '24', '18', '35', '36', '20', '32', '43', '15', '19', '25', '26', '23', '38', '46', '30', '29', '28', '31', '40', '33', '39', '42', '50', '57', '77', '44', '45', '54', '34', '82', '41', '51', '59', '53', '47', '37', '55', '60', '48', '61', '58', '49', '70', '62', '56', '67', '63', '68', '52', '72', '74', '64', '65', '66', '69', '73', '80', '71', '75', '85', '79', '76', '78', '83', '81', '84', '86', '88', '89']"
43,1628,1.9334916864608076,30732,1508,1017,814.9667458432305,"[2, 0, 0, 0, 1, 3, 1, 0, 1, 3, 0, 1, 1, 3, 3, 2, 3, 0, 1, 0, 0, 3, 0, 2, 0, 0, 2, 0, 3, 0, 0, 0, 1, 2, 2, 1, 3, 1, 1, 0, 0, 0, 1, 3, 2, 2, 2, 2, 0, 2, 1, 0, 2, 0, 0, 0, 0, 0, 3, 3, 2, 2, 2, 1, 2, 1, 2, 0, 2, 1, 2, 2, 1, 1, 1, 2, 3, 0, 2, 3, 2, 1, 0, 3, 3, 3, 3, 0, 3, 2]","['0', '1', '5', '4', '3', '11', '12', '10', '6', '2', '17', '9', '13', '15', '26', '7', '27', '21', '37', '22', '8', '28', '36', '35', '19', '44', '16', '23', '38', '30', '43', '14', '34', '46', '45', '18', '55', '29', '25', '82', '53', '31', '54', '20', '41', '40', '32', '24', '87', '48', '47', '49', '50', '39', '33', '56', '51', '70', '42', '77', '59', '60', '52', '57', '61', '67', '63', '64', '58', '62', '65', '66', '69', '71', '68', '75', '72', '74', '73', '80', '85', '76', '78', '79', '83', '81', '84', '86', '88', '89']"
44,1499,1.753729160573267,31329,1439,956,750.3768645802867,"[3, 2, 1, 2, 2, 2, 1, 2, 0, 2, 1, 1, 0, 2, 0, 3, 1, 3, 3, 0, 2, 2, 2, 0, 0, 3, 3, 0, 1, 0, 3, 3, 1, 3, 2, 2, 0, 3, 3, 2, 2, 1, 1, 1, 3, 1, 1, 3, 1, 3, 2, 3, 2, 0, 2, 2, 2, 3, 1, 0, 2, 3, 3, 2, 1, 1, 3, 2, 3, 2, 0, 1, 3, 3, 1, 1, 3, 1, 0, 0, 2, 3, 1, 2, 0, 1, 3, 2, 2, 0]","['0', '1', '8', '5', '2', '12', '7', '17', '16', '10', '87', '11', '3', '4', '6', '15', '19', '30', '9', '21', '37', '23', '13', '27', '22', '34', '36', '25', '28', '35', '46', '26', '44', '45', '24', '55', '14', '38', '53', '43', '31', '40', '29', '50', '39', '82', '57', '77', '18', '54', '20', '32', '33', '41', '49', '42', '51', '59', '48', '70', '60', '47', '61', '63', '58', '52', '64', '56', '68', '62', '67', '72', '65', '74', '66', '69', '73', '80', '71', '85', '81', '75', '79', '76', '78', '83', '84', '86', '88', '89']"
45,1652,1.963744427934621,33094,1437,964,826.9818722139673,"[3, 1, 3, 0, 2, 2, 1, 3, 3, 1, 3, 0, 2, 3, 2, 1, 1, 1, 1, 0, 2, 1, 1, 1, 2, 1, 2, 1, 3, 3, 0, 0, 2, 2, 2, 3, 2, 2, 0, 0, 2, 3, 1, 3, 1, 3, 0, 0, 3, 0, 1, 2, 3, 1, 1, 3, 2, 2, 0, 1, 2, 1, 1, 2, 0, 0, 3, 2, 1, 3, 0, 3, 3, 0, 2, 2, 2, 2, 2, 3, 2, 2, 1, 0, 0, 3, 0, 3, 2, 0]","['0', '1', '7', '3', '8', '4', '5', '6', '9', '23', '2', '24', '11', '21', '25', '37', '26', '35', '36', '22', '38', '14', '43', '34', '10', '13', '46', '15', '16', '17', '87', '18', '45', '53', '54', '28', '20', '32', '49', '33', '55', '70', '41', '27', '42', '48', '44', '12', '47', '52', '19', '30', '51', '60', '29', '31', '58', '40', '39', '62', '50', '57', '82', '77', '61', '59', '63', '64', '65', '66', '56', '67', '68', '69', '71', '75', '72', '73', '74', '76', '79', '80', '81', '78', '83', '85', '84', '86', '88', '89']"
46,1498,1.7870563674321502,31220,1409,969,749.8935281837161,"[2, 1, 1, 2, 1, 1, 2, 2, 1, 2, 1, 3, 0, 1, 1, 0, 2, 3, 2, 2, 0, 3, 3, 2, 0, 0, 1, 3, 3, 2, 2, 3, 2, 1, 2, 3, 3, 1, 1, 1, 2, 0, 2, 1, 1, 3, 1, 2, 0, 0, 2, 2, 2, 0, 2, 2, 0, 2, 0, 1, 0, 3, 3, 1, 3, 0, 2, 0, 3, 2, 1, 2, 1, 1, 0, 0, 1, 1, 0, 1, 2, 3, 3, 0, 0, 0, 0, 2, 0, 0]","['0', '2', '1', '17', '3', '5', '7', '12', '8', '11', '4', '6', '9', '18', '20', '21', '36', '37', '32', '16', '49', '34', '33', '25', '10', '70', '87', '13', '41', '26', '24', '47', '48', '42', '27', '23', '35', '15', '19', '44', '30', '22', '43', '38', '45', '52', '46', '53', '14', '54', '31', '55', '40', '28', '29', '51', '60', '59', '82', '58', '50', '57', '61', '56', '62', '67', '63', '64', '68', '39', '72', '65', '74', '66', '69', '77', '73', '80', '71', '79', '75', '85', '76', '81', '78', '83', '84', '86', '88', '89']"
47,1478,1.731185944363104,33951,1406,1044,739.8655929721815,"[0, 1, 0, 1, 3, 3, 2, 0, 1, 0, 1, 0, 2, 0, 3, 3, 1, 2, 0, 1, 1, 1, 3, 1, 3, 2, 3, 1, 1, 2, 3, 2, 1, 3, 1, 0, 2, 1, 1, 3, 1, 1, 1, 1, 2, 0, 1, 2, 2, 2, 2, 0, 3, 2, 0, 2, 1, 1, 3, 3, 0, 0, 1, 1, 3, 3, 3, 3, 2, 2, 2, 2, 2, 1, 0, 0, 0, 2, 1, 2, 1, 0, 2, 0, 2, 0, 2, 1, 0, 1]","['0', '2', '17', '1', '4', '7', '8', '16', '6', '3', '15', '87', '13', '5', '10', '14', '9', '22', '28', '27', '18', '20', '23', '24', '26', '11', '21', '37', '38', '12', '35', '44', '45', '34', '32', '54', '25', '33', '46', '55', '41', '43', '53', '51', '19', '49', '36', '60', '70', '42', '48', '30', '47', '31', '52', '39', '58', '59', '62', '40', '50', '77', '56', '68', '67', '72', '29', '57', '74', '82', '61', '73', '80', '79', '63', '85', '81', '64', '65', '66', '69', '71', '75', '76', '78', '83', '84', '86', '88', '89']"
48,1332,1.6189608021877848,30700,1482,1007,666.8094804010939,"[2, 3, 2, 1, 2, 0, 3, 3, 3, 3, 0, 0, 2, 1, 3, 2, 1, 1, 1, 0, 2, 2, 1, 2, 0, 2, 3, 2, 0, 2, 2, 3, 0, 0, 1, 1, 3, 3, 0, 3, 0, 1, 1, 0, 3, 2, 2, 3, 2, 0, 1, 0, 0, 3, 2, 3, 1, 0, 0, 0, 3, 2, 1, 2, 1, 2, 2, 1, 1, 2, 2, 2, 1, 1, 3, 1, 1, 3, 0, 0, 3, 1, 1, 1, 1, 2, 3, 2, 1, 2]","['0', '1', '3', '5', '12', '7', '2', '11', '8', '10', '16', '4', '87', '6', '9', '22', '14', '21', '24', '17', '37', '27', '15', '26', '35', '19', '23', '13', '43', '34', '30', '45', '55', '44', '38', '46', '36', '25', '28', '18', '53', '31', '40', '54', '20', '29', '41', '32', '47', '82', '39', '52', '33', '77', '50', '42', '57', '49', '51', '48', '56', '67', '58', '70', '60', '61', '59', '63', '64', '68', '72', '62', '65', '66', '69', '74', '73', '80', '71', '75', '79', '85', '81', '76', '78', '83', '84', '86', '88', '89']"
49,1344,1.594306049822064,32402,1392,962,672.797153024911,"[0, 2, 1, 2, 0, 1, 3, 2, 1, 3, 0, 3, 1, 3, 1, 2, 0, 2, 1, 0, 1, 2, 0, 0, 0, 0, 3, 0, 3, 2, 3, 0, 3, 2, 2, 3, 2, 3, 1, 2, 0, 0, 1, 1, 3, 3, 3, 1, 1, 3, 2, 3, 1, 1, 2, 2, 3, 2, 1, 3, 1, 3, 1, 2, 0, 0, 3, 2, 1, 0, 3, 2, 3, 0, 1, 0, 3, 2, 0, 2, 2, 1, 1, 3, 1, 3, 0, 0, 3, 3]","['0', '1', '3', '5', '11', '4', '8', '6', '9', '7', '15', '14', '24', '26', '21', '22', '35', '23', '36', '10', '38', '25', '44', '37', '2', '18', '27', '34', '16', '20', '32', '41', '17', '43', '51', '49', '45', '46', '87', '47', '13', '60', '28', '58', '59', '70', '53', '55', '33', '62', '52', '42', '12', '54', '19', '30', '31', '48', '39', '77', '40', '29', '50', '57', '56', '68', '72', '74', '82', '73', '79', '61', '67', '63', '80', '64', '85', '65', '81', '66', '69', '71', '75', '76', '78', '83', '84', '86', '88', '89']"
50,1480,1.7566765578635015,32140,1388,986,740.8783382789318,"[1, 1, 0, 2, 0, 0, 0, 3, 3, 3, 0, 2, 3, 3, 1, 1, 3, 3, 1, 2, 1, 2, 0, 1, 3, 3, 3, 0, 1, 0, 3, 3, 2, 1, 1, 1, 1, 1, 1, 0, 1, 0, 3, 2, 3, 1, 3, 1, 3, 3, 0, 2, 2, 3, 0, 0, 0, 2, 1, 0, 3, 3, 3, 3, 1, 2, 1, 2, 0, 3, 2, 2, 0, 3, 0, 1, 1, 0, 2, 1, 1, 1, 1, 0, 3, 3, 0, 0, 2, 0]","['0', '1', '8', '4', '7', '3', '5', '2', '17', '12', '16', '10', '87', '11', '6', '15', '13', '19', '14', '28', '30', '29', '9', '22', '21', '36', '24', '82', '35', '23', '45', '26', '55', '43', '18', '38', '44', '37', '25', '27', '31', '34', '54', '53', '39', '77', '46', '20', '32', '41', '40', '50', '47', '57', '49', '48', '52', '33', '56', '51', '67', '70', '68', '59', '72', '42', '58', '74', '62', '73', '80', '81', '85', '60', '61', '79', '63', '64', '65', '66', '69', '71', '75', '76', '78', '83', '84', '86', '88', '89']"
51,1449,1.7012034047549163,33946,1362,956,725.3506017023775,"[0, 2, 1, 2, 3, 2, 3, 0, 0, 2, 1, 2, 2, 1, 2, 3, 2, 2, 0, 2, 3, 3, 2, 1, 3, 2, 0, 2, 2, 2, 1, 2, 3, 0, 0, 0, 3, 1, 3, 3, 2, 2, 3, 3, 0, 3, 3, 0, 0, 1, 1, 3, 2, 1, 0, 1, 1, 3, 0, 0, 3, 1, 0, 0, 0, 0, 1, 0, 0, 0, 3, 2, 0, 1, 1, 1, 0, 1, 2, 0, 3, 3, 0, 0, 1, 1, 3, 1, 0, 2]","['0', '2', '1', '3', '17', '4', '7', '6', '13', '5', '14', '11', '9', '10', '22', '24', '18', '8', '15', '20', '12', '32', '26', '23', '16', '25', '27', '28', '33', '38', '21', '35', '44', '43', '34', '19', '36', '29', '37', '42', '30', '31', '49', '82', '45', '40', '54', '50', '53', '70', '57', '41', '46', '39', '55', '47', '51', '77', '60', '52', '48', '87', '58', '62', '61', '56', '67', '68', '59', '72', '74', '63', '73', '64', '79', '80', '81', '65', '85', '66', '69', '71', '75', '76', '78', '83', '84', '86', '88', '89']"
52,1423,1.6810395747194329,29024,1349,918,712.3405197873598,"[2, 2, 2, 1, 3, 0, 1, 0, 3, 3, 2, 1, 3, 3, 2, 2, 1, 3, 0, 3, 1, 0, 1, 0, 0, 1, 3, 0, 1, 3, 0, 0, 0, 0, 3, 0, 1, 3, 2, 1, 3, 1, 1, 1, 0, 0, 0, 1, 3, 1, 3, 2, 2, 2, 0, 2, 2, 3, 2, 2, 3, 1, 0, 1, 0, 1, 0, 1, 2, 2, 1, 3, 0, 3, 1, 0, 1, 1, 1, 2, 0, 1, 0, 3, 0, 1, 2, 3, 0, 2]","['0', '2', '1', '4', '6', '13', '3', '14', '17', '5', '9', '25', '10', '26', '24', '21', '8', '15', '27', '11', '12', '19', '37', '36', '22', '28', '23', '38', '29', '35', '46', '43', '45', '54', '44', '30', '53', '55', '82', '18', '31', '40', '50', '57', '20', '7', '34', '33', '42', '41', '48', '56', '39', '68', '51', '16', '58', '47', '32', '60', '62', '87', '49', '67', '77', '61', '59', '72', '63', '64', '65', '52', '73', '66', '79', '70', '69', '71', '75', '74', '80', '81', '85', '76', '78', '83', '84', '86', '88', '89']"
53,1536,1.84062312762133,31724,1215,848,768.9203115638106,"[1, 2, 0, 0, 0, 2, 2, 2, 2, 0, 2, 3, 2, 1, 2, 2, 0, 3, 3, 1, 1, 3, 2, 3, 2, 2, 1, 2, 0, 3, 3, 3, 2, 3, 2, 2, 0, 1, 0, 3, 2, 1, 1, 0, 2, 3, 3, 0, 2, 1, 0, 2, 2, 1, 2, 1, 3, 3, 2, 2, 2, 3, 3, 0, 0, 3, 0, 3, 3, 1, 0, 0, 2, 0, 0, 2, 3, 1, 0, 3, 0, 2, 3, 2, 1, 2, 2, 2, 0, 1]","['0', '1', '2', '4', '8', '3', '7', '16', '5', '17', '6', '12', '11', '13', '9', '18', '24', '23', '20', '27', '14', '87', '21', '33', '35', '26', '45', '37', '54', '44', '15', '55', '32', '46', '19', '10', '29', '28', '49', '82', '22', '53', '25', '43', '70', '36', '38', '42', '30', '34', '41', '31', '39', '40', '51', '59', '60', '48', '47', '50', '58', '62', '77', '57', '52', '61', '63', '56', '64', '67', '65', '66', '69', '68', '72', '74', '71', '73', '80', '81', '85', '79', '75', '76', '78', '83', '84', '86', '88', '89']"
54,1451,1.7065568950308734,31999,1292,923,726.3532784475154,"[1, 0, 1, 2, 1, 2, 2, 3, 3, 2, 2, 2, 1, 2, 2, 0, 1, 2, 3, 2, 3, 1, 1, 2, 1, 2, 1, 1, 1, 2, 3, 0, 2, 1, 2, 0, 2, 1, 1, 3, 3, 2, 3, 0, 3, 3, 2, 3, 2, 3, 2, 2, 0, 2, 0, 0, 3, 1, 0, 3, 3, 2, 1, 1, 2, 0, 0, 2, 3, 2, 0, 1, 0, 2, 3, 2, 1, 0, 3, 3, 3, 3, 1, 1, 1, 3, 1, 3, 0, 2]","['0', '2', '1', '3', '17', '4', '5', '12', '8', '7', '11', '10', '16', '87', '6', '15', '9', '26', '22', '18', '19', '27', '14', '23', '29', '30', '25', '24', '31', '13', '20', '33', '38', '82', '40', '39', '50', '32', '21', '37', '28', '77', '35', '43', '49', '45', '55', '44', '70', '36', '46', '42', '53', '34', '57', '41', '54', '47', '51', '59', '60', '52', '48', '61', '63', '58', '64', '56', '68', '67', '62', '65', '66', '72', '74', '69', '73', '80', '81', '71', '79', '85', '75', '76', '78', '83', '84', '86', '88', '89']"
55,1630,1.9763564716580782,31241,1459,1018,815.9881782358291,"[2, 1, 2, 3, 0, 3, 3, 1, 0, 0, 1, 0, 1, 0, 2, 0, 1, 1, 0, 3, 1, 2, 2, 2, 1, 3, 1, 2, 1, 3, 1, 2, 1, 0, 1, 2, 0, 0, 1, 0, 1, 2, 2, 2, 0, 2, 2, 1, 0, 3, 3, 2, 0, 3, 3, 0, 3, 1, 2, 0, 3, 3, 1, 1, 3, 1, 3, 2, 3, 0, 3, 2, 1, 3, 3, 3, 1, 3, 3, 1, 2, 1, 1, 3, 1, 3, 1, 3, 2, 0]","['0', '2', '17', '1', '7', '5', '12', '10', '4', '11', '6', '9', '21', '3', '35', '13', '8', '44', '25', '15', '34', '18', '36', '43', '23', '27', '37', '14', '19', '29', '16', '22', '87', '30', '46', '20', '32', '33', '41', '82', '48', '42', '45', '53', '24', '28', '55', '47', '38', '26', '51', '49', '54', '52', '31', '60', '39', '58', '62', '70', '40', '77', '50', '57', '56', '68', '59', '61', '67', '72', '74', '63', '64', '73', '65', '79', '80', '66', '85', '69', '71', '81', '75', '76', '78', '83', '84', '86', '88', '89']"
56,1419,1.685273159144893,33903,1501,1082,710.3426365795724,"[0, 1, 1, 0, 1, 1, 3, 0, 1, 0, 3, 2, 3, 1, 2, 3, 2, 3, 2, 3, 2, 2, 0, 1, 3, 0, 3, 0, 1, 3, 1, 0, 2, 2, 1, 2, 1, 1, 2, 2, 1, 0, 1, 2, 3, 0, 1, 1, 1, 2, 2, 0, 2, 1, 3, 2, 1, 2, 2, 0, 3, 3, 2, 2, 3, 1, 3, 0, 3, 0, 1, 0, 1, 0, 2, 3, 3, 2, 0, 2, 3, 2, 1, 0, 2, 1, 1, 0, 1, 3]","['0', '2', '1', '5', '3', '8', '10', '7', '12', '17', '16', '11', '87', '4', '6', '9', '18', '14', '20', '15', '13', '22', '21', '37', '33', '36', '28', '32', '49', '26', '42', '19', '25', '23', '27', '70', '29', '34', '82', '41', '35', '47', '46', '45', '43', '53', '54', '51', '30', '44', '55', '48', '58', '60', '59', '24', '52', '31', '38', '62', '40', '50', '56', '39', '57', '68', '72', '77', '74', '61', '67', '73', '80', '85', '79', '81', '63', '64', '65', '66', '69', '71', '75', '76', '78', '83', '84', '86', '88', '89']"
57,1325,1.5963855421686748,30822,1194,842,663.2981927710844,"[2, 3, 0, 2, 0, 0, 2, 0, 2, 2, 2, 3, 0, 3, 1, 2, 2, 2, 0, 3, 0, 0, 1, 0, 0, 1, 1, 0, 0, 2, 2, 0, 0, 2, 0, 1, 1, 3, 0, 1, 3, 0, 2, 2, 1, 3, 0, 2, 2, 0, 0, 3, 0, 0, 2, 0, 1, 1, 0, 3, 3, 3, 3, 2, 3, 1, 1, 3, 1, 1, 3, 3, 3, 0, 2, 2, 3, 0, 0, 2, 2, 3, 0, 3, 2, 0, 1, 0, 0, 0]","['0', '2', '1', '4', '8', '6', '13', '5', '12', '11', '17', '10', '3', '15', '19', '9', '18', '22', '28', '27', '30', '7', '25', '14', '26', '20', '33', '21', '34', '41', '35', '23', '37', '24', '29', '82', '43', '31', '47', '16', '87', '36', '44', '46', '48', '40', '39', '52', '38', '77', '32', '45', '51', '60', '53', '42', '54', '59', '55', '50', '49', '58', '70', '56', '57', '67', '62', '61', '68', '63', '64', '65', '72', '66', '74', '69', '73', '79', '80', '71', '81', '75', '85', '76', '78', '83', '84', '86', '88', '89']"
58,1641,1.936854529359693,33772,1379,954,821.4684272646798,"[0, 2, 1, 1, 1, 1, 1, 2, 2, 1, 1, 2, 1, 1, 0, 1, 1, 2, 3, 2, 1, 1, 3, 3, 3, 3, 3, 1, 0, 0, 3, 1, 1, 0, 1, 3, 2, 2, 2, 2, 3, 2, 0, 0, 1, 2, 3, 1, 3, 3, 0, 1, 0, 0, 3, 1, 3, 1, 3, 0, 0, 1, 1, 0, 0, 2, 0, 3, 2, 1, 1, 1, 0, 0, 0, 1, 1, 2, 3, 3, 0, 1, 0, 0, 3, 1, 1, 0, 0, 2]","['0', '1', '7', '5', '8', '3', '4', '11', '2', '12', '10', '17', '16', '6', '15', '87', '14', '9', '22', '24', '21', '13', '19', '34', '25', '35', '26', '30', '28', '36', '27', '46', '37', '18', '44', '31', '40', '45', '20', '50', '54', '33', '41', '43', '29', '57', '82', '48', '53', '39', '56', '32', '51', '77', '68', '59', '58', '42', '62', '60', '23', '38', '47', '55', '52', '61', '49', '63', '64', '65', '66', '67', '69', '70', '71', '75', '72', '74', '76', '73', '79', '78', '83', '80', '81', '84', '85', '86', '88', '89']"
59,1507,1.785016286644951,32855,1386,1004,754.3925081433225,"[2, 0, 1, 2, 1, 3, 3, 3, 2, 3, 3, 0, 0, 3, 2, 2, 0, 3, 1, 2, 2, 3, 1, 3, 2, 2, 3, 1, 2, 3, 0, 2, 1, 1, 3, 0, 0, 3, 3, 3, 0, 1, 0, 2, 2, 3, 2, 2, 0, 0, 0, 1, 0, 3, 3, 1, 3, 2, 2, 2, 1, 2, 2, 1, 1, 3, 1, 3, 2, 0, 0, 0, 0, 2, 2, 2, 2, 2, 1, 2, 0, 1, 1, 1, 0, 2, 2, 1, 2, 3]","['0', '1', '4', '7', '3', '5', '11', '8', '12', '2', '6', '15', '14', '17', '16', '10', '87', '19', '30', '9', '22', '25', '18', '29', '27', '23', '20', '26', '33', '38', '32', '31', '24', '40', '21', '50', '34', '36', '57', '82', '41', '39', '35', '43', '13', '77', '28', '47', '51', '44', '60', '42', '37', '58', '48', '49', '59', '45', '46', '52', '54', '53', '56', '68', '72', '74', '55', '73', '61', '80', '63', '62', '64', '81', '65', '70', '79', '67', '85', '66', '69', '71', '75', '76', '78', '83', '84', '86', '88', '89']"
60,1661,2.056329309811204,30201,1392,938,831.5281646549056,"[0, 1, 0, 3, 0, 0, 0, 1, 3, 2, 2, 0, 3, 0, 3, 0, 2, 2, 2, 0, 3, 1, 2, 2, 0, 1, 0, 0, 3, 3, 0, 3, 0, 3, 3, 3, 2, 3, 0, 0, 1, 3, 2, 1, 0, 3, 2, 0, 0, 0, 0, 0, 2, 1, 0, 0, 1, 0, 2, 0, 0, 0, 2, 3, 3, 2, 1, 3, 0, 1, 0, 3, 1, 2, 0, 1, 1, 3, 1, 0, 0, 2, 3, 3, 1, 1, 1, 1, 3, 0]","['0', '2', '17', '1', '7', '3', '5', '11', '8', '10', '12', '16', '87', '4', '6', '14', '15', '9', '24', '21', '19', '36', '18', '27', '23', '26', '25', '37', '13', '30', '20', '29', '22', '38', '32', '35', '46', '49', '45', '31', '34', '53', '70', '40', '54', '39', '55', '77', '82', '28', '43', '50', '41', '57', '33', '47', '48', '44', '42', '56', '51', '59', '60', '68', '52', '61', '58', '62', '72', '73', '67', '74', '63', '79', '80', '81', '85', '64', '65', '66', '69', '71', '75', '76', '78', '83', '84', '86', '88', '89']"
61,1675,1.9459773453383677,32177,1468,990,838.4729886726692,"[0, 3, 0, 0, 0, 2, 1, 0, 0, 3, 0, 2, 1, 3, 3, 3, 1, 3, 0, 2, 3, 3, 0, 3, 1, 0, 3, 0, 2, 0, 2, 2, 3, 0, 3, 3, 3, 3, 1, 0, 0, 1, 0, 1, 1, 1, 3, 1, 3, 0, 2, 0, 1, 1, 3, 0, 1, 1, 2, 1, 3, 2, 0, 3, 3, 3, 3, 2, 0, 1, 3, 1, 1, 0, 0, 1, 2, 2, 2, 0, 3, 3, 2, 3, 0, 3, 1, 3, 2, 0]","['0', '1', '2', '5', '12', '8', '10', '3', '11', '7', '4', '6', '13', '15', '16', '17', '9', '23', '21', '14', '87', '22', '34', '18', '19', '28', '37', '27', '26', '24', '35', '20', '32', '46', '29', '25', '41', '47', '49', '30', '31', '45', '39', '33', '40', '70', '55', '77', '53', '50', '82', '38', '48', '54', '57', '43', '51', '56', '68', '67', '58', '59', '60', '62', '72', '74', '73', '36', '79', '42', '44', '52', '61', '80', '81', '85', '63', '64', '65', '66', '69', '71', '75', '76', '78', '83', '84', '86', '88', '89']"
62,1567,1.8965204236006052,31364,1295,995,784.4482602118003,"[3, 2, 0, 1, 1, 1, 2, 1, 0, 0, 2, 0, 3, 0, 0, 3, 1, 0, 1, 0, 3, 2, 0, 2, 2, 2, 2, 1, 3, 2, 0, 2, 3, 1, 0, 3, 3, 3, 0, 2, 3, 0, 1, 0, 0, 0, 3, 1, 2, 2, 2, 3, 2, 2, 3, 3, 2, 0, 2, 3, 3, 3, 2, 0, 2, 1, 3, 1, 0, 2, 0, 3, 2, 2, 2, 1, 1, 0, 1, 2, 2, 2, 2, 2, 3, 0, 0, 0, 1, 0]","['0', '1', '4', '6', '13', '14', '8', '2', '7', '15', '16', '5', '12', '9', '27', '87', '21', '34', '35', '23', '45', '36', '11', '22', '18', '53', '44', '54', '43', '24', '17', '37', '19', '38', '55', '25', '30', '46', '26', '20', '10', '3', '29', '33', '41', '42', '48', '47', '31', '28', '32', '40', '51', '39', '77', '50', '60', '59', '57', '56', '82', '52', '58', '67', '61', '63', '49', '64', '62', '65', '66', '69', '71', '70', '68', '72', '74', '75', '76', '73', '79', '78', '80', '83', '84', '85', '81', '86', '88', '89']"
63,1714,1.9775021632535332,33525,1480,1050,857.9887510816268,"[0, 1, 1, 2, 3, 3, 3, 2, 1, 3, 0, 1, 2, 0, 0, 3, 0, 2, 0, 3, 2, 3, 0, 0, 0, 0, 0, 3, 1, 3, 2, 0, 1, 3, 2, 0, 2, 2, 3, 3, 2, 2, 3, 1, 1, 2, 0, 1, 2, 2, 0, 3, 3, 2, 1, 3, 0, 2, 2, 0, 0, 3, 0, 0, 2, 3, 2, 3, 0, 0, 0, 1, 3, 0, 2, 2, 0, 2, 0, 0, 0, 1, 2, 0, 2, 2, 2, 1, 0, 3]","['0', '2', '17', '1', '3', '8', '7', '4', '6', '15', '5', '9', '24', '18', '21', '16', '26', '23', '22', '13', '10', '28', '35', '27', '20', '38', '37', '12', '44', '34', '33', '11', '45', '53', '36', '55', '41', '19', '48', '87', '30', '47', '32', '25', '31', '39', '43', '52', '49', '14', '70', '51', '59', '42', '29', '77', '58', '60', '54', '62', '46', '82', '40', '50', '57', '61', '63', '56', '67', '64', '68', '65', '72', '66', '74', '69', '71', '75', '73', '76', '78', '80', '81', '85', '79', '83', '84', '86', '88', '89']"
64,1501,1.798681845416417,29873,1225,816,751.3993409227082,"[3, 0, 0, 0, 0, 3, 2, 0, 0, 1, 0, 0, 3, 0, 3, 2, 3, 3, 2, 2, 0, 2, 2, 0, 2, 2, 0, 3, 3, 2, 3, 2, 0, 1, 1, 2, 0, 3, 3, 0, 3, 2, 2, 0, 0, 2, 3, 2, 3, 2, 3, 1, 3, 2, 3, 1, 2, 0, 1, 3, 3, 3, 2, 3, 3, 1, 0, 2, 3, 1, 2, 1, 1, 0, 3, 1, 3, 1, 3, 0, 3, 3, 2, 2, 2, 2, 2, 2, 3, 2]","['0', '1', '4', '6', '3', '2', '8', '14', '7', '15', '13', '17', '5', '16', '12', '11', '19', '29', '10', '30', '82', '9', '21', '27', '25', '23', '24', '28', '87', '26', '35', '31', '46', '45', '54', '43', '44', '37', '18', '39', '55', '34', '77', '20', '36', '40', '41', '47', '51', '60', '53', '52', '48', '32', '49', '50', '56', '68', '22', '72', '38', '67', '59', '58', '33', '74', '57', '70', '62', '61', '42', '73', '63', '79', '64', '65', '80', '81', '85', '66', '69', '71', '75', '76', '78', '83', '84', '86', '88', '89']"
65,1568,1.84851164161509,34497,1306,1033,784.9242558208075,"[0, 1, 1, 0, 0, 2, 3, 0, 1, 0, 3, 0, 2, 1, 3, 3, 3, 3, 0, 3, 1, 2, 1, 0, 3, 1, 2, 3, 0, 2, 2, 2, 1, 1, 2, 1, 2, 2, 3, 0, 3, 2, 3, 3, 2, 1, 3, 0, 2, 3, 3, 1, 0, 2, 2, 2, 3, 3, 3, 0, 3, 2, 2, 1, 0, 3, 0, 2, 1, 3, 2, 3, 1, 2, 2, 1, 1, 2, 3, 1, 2, 1, 0, 2, 2, 2, 2, 0, 1, 0]","['0', '1', '3', '5', '11', '10', '12', '2', '17', '7', '8', '16', '4', '6', '15', '13', '19', '9', '25', '22', '87', '28', '21', '23', '14', '36', '27', '29', '24', '37', '34', '35', '45', '44', '38', '54', '30', '53', '43', '55', '18', '46', '26', '20', '33', '41', '47', '82', '32', '51', '59', '49', '60', '58', '48', '52', '70', '42', '31', '39', '40', '62', '77', '50', '57', '61', '63', '56', '67', '64', '65', '68', '66', '72', '74', '73', '80', '69', '85', '81', '79', '71', '75', '76', '78', '83', '84', '86', '88', '89']"
66,1358,1.5896985659935616,29466,1466,962,679.7948492829968,"[1, 3, 1, 2, 3, 1, 3, 0, 2, 0, 1, 1, 1, 0, 0, 3, 3, 3, 1, 1, 2, 3, 2, 3, 2, 0, 0, 0, 0, 1, 3, 1, 3, 1, 3, 2, 1, 1, 3, 1, 3, 0, 1, 3, 1, 2, 0, 3, 1, 1, 3, 1, 2, 3, 0, 1, 0, 2, 2, 1, 3, 1, 3, 0, 2, 2, 2, 0, 0, 1, 2, 1, 1, 0, 0, 3, 0, 2, 2, 3, 1, 0, 2, 3, 2, 1, 3, 2, 1, 2]","['0', '2', '1', '8', '3', '4', '7', '6', '16', '14', '13', '5', '87', '9', '15', '17', '24', '11', '18', '12', '27', '21', '26', '35', '20', '32', '22', '34', '41', '36', '10', '43', '19', '45', '44', '53', '55', '30', '25', '29', '54', '47', '46', '51', '59', '52', '23', '82', '31', '40', '38', '60', '58', '37', '39', '49', '33', '50', '28', '70', '62', '77', '42', '48', '57', '56', '68', '61', '72', '67', '74', '63', '73', '80', '85', '79', '81', '64', '65', '66', '69', '71', '75', '76', '78', '83', '84', '86', '88', '89']"
67,1721,2.0128654970760236,34168,1382,986,861.506432748538,"[2, 2, 1, 3, 1, 3, 2, 2, 0, 2, 2, 3, 0, 2, 0, 2, 0, 3, 2, 0, 2, 2, 2, 2, 3, 0, 2, 2, 2, 0, 2, 3, 2, 3, 2, 0, 2, 3, 0, 0, 3, 3, 0, 1, 0, 3, 3, 1, 2, 1, 3, 2, 2, 2, 2, 0, 3, 2, 2, 3, 0, 0, 3, 3, 3, 3, 1, 1, 1, 2, 2, 3, 0, 0, 3, 2, 1, 2, 2, 2, 3, 0, 3, 0, 3, 3, 2, 0, 1, 0]","['0', '2', '1', '7', '17', '3', '4', '8', '6', '16', '15', '87', '13', '14', '5', '10', '9', '26', '28', '27', '18', '20', '21', '25', '36', '24', '23', '12', '33', '37', '32', '42', '35', '46', '44', '11', '22', '34', '45', '53', '38', '41', '47', '54', '55', '19', '52', '30', '29', '48', '49', '70', '31', '39', '43', '51', '60', '40', '58', '62', '82', '50', '59', '77', '56', '68', '67', '57', '72', '73', '61', '63', '79', '74', '64', '80', '81', '85', '65', '66', '69', '71', '75', '76', '78', '83', '84', '86', '88', '89']"
68,1370,1.629013079667063,31493,1371,1027,685.8145065398336,"[2, 3, 2, 3, 0, 1, 0, 3, 3, 1, 3, 3, 2, 2, 3, 1, 1, 1, 2, 3, 2, 1, 3, 2, 1, 3, 0, 3, 2, 3, 2, 0, 3, 2, 2, 0, 1, 0, 2, 3, 0, 1, 1, 0, 3, 0, 3, 3, 2, 1, 1, 1, 1, 1, 1, 3, 2, 2, 3, 1, 3, 1, 2, 2, 1, 2, 0, 1, 2, 3, 1, 3, 2, 0, 3, 3, 0, 3, 0, 2, 1, 0, 1, 1, 3, 3, 2, 3, 1, 1]","['0', '1', '4', '2', '7', '17', '3', '8', '16', '87', '5', '6', '12', '10', '15', '9', '26', '13', '27', '11', '28', '22', '19', '18', '25', '20', '14', '29', '24', '32', '33', '21', '82', '37', '35', '43', '46', '23', '45', '44', '38', '30', '49', '55', '36', '70', '42', '34', '53', '41', '51', '31', '47', '59', '60', '52', '58', '62', '40', '50', '57', '61', '39', '54', '77', '48', '63', '64', '56', '68', '72', '67', '65', '74', '66', '69', '73', '80', '71', '81', '75', '79', '85', '76', '78', '83', '84', '86', '88', '89']"
69,1288,1.535618479880775,32118,1430,993,644.7678092399403,"[1, 0, 2, 3, 1, 1, 0, 3, 2, 3, 2, 2, 3, 0, 0, 1, 3, 0, 2, 3, 3, 1, 0, 1, 3, 1, 3, 1, 2, 3, 3, 0, 1, 2, 1, 0, 3, 3, 2, 1, 3, 0, 0, 2, 3, 1, 2, 1, 3, 0, 2, 0, 0, 0, 0, 3, 2, 0, 0, 1, 3, 3, 3, 2, 1, 1, 1, 1, 0, 3, 1, 3, 0, 1, 3, 2, 1, 2, 3, 1, 2, 2, 0, 1, 0, 1, 1, 3, 0, 3]","['0', '1', '4', '6', '5', '3', '9', '24', '11', '7', '10', '25', '18', '21', '27', '22', '36', '34', '13', '2', '37', '28', '23', '8', '16', '87', '14', '17', '12', '38', '26', '15', '20', '19', '30', '33', '41', '48', '32', '47', '49', '31', '29', '82', '70', '40', '50', '57', '35', '44', '52', '43', '42', '45', '46', '51', '54', '58', '59', '39', '56', '68', '77', '72', '73', '80', '81', '85', '79', '67', '74', '60', '53', '55', '61', '62', '63', '64', '65', '66', '69', '71', '75', '76', '78', '83', '84', '86', '88', '89']"
70,1366,1.586988091780424,29333,1440,994,683.7934940458902,"[3, 2, 3, 1, 1, 2, 1, 1, 3, 2, 1, 2, 0, 3, 3, 0, 1, 3, 0, 0, 0, 0, 2, 2, 3, 0, 0, 1, 2, 0, 1, 2, 2, 2, 1, 0, 2, 1, 1, 0, 1, 3, 0, 3, 1, 2, 3, 2, 1, 1, 3, 3, 1, 2, 3, 0, 1, 1, 0, 1, 3, 2, 2, 0, 3, 0, 3, 2, 2, 0, 1, 0, 3, 3, 2, 1, 0, 0, 0, 0, 1, 2, 0, 1, 1, 0, 0, 1, 2, 3]","['0', '2', '1', '7', '17', '5', '12', '3', '4', '8', '6', '13', '14', '10', '15', '9', '25', '28', '21', '27', '34', '16', '37', '26', '35', '46', '45', '55', '24', '43', '36', '87', '18', '19', '30', '44', '53', '31', '23', '39', '77', '22', '38', '40', '11', '29', '20', '41', '33', '32', '48', '54', '49', '82', '51', '60', '47', '42', '52', '70', '59', '50', '56', '58', '68', '72', '73', '74', '67', '79', '57', '62', '61', '63', '80', '81', '85', '64', '65', '66', '69', '71', '75', '76', '78', '83', '84', '86', '88', '89']"
71,1530,1.868702290076336,31765,1387,1009,765.9343511450381,"[2, 0, 2, 3, 3, 3, 1, 3, 1, 1, 3, 3, 2, 2, 3, 2, 3, 1, 1, 0, 1, 3, 0, 3, 0, 0, 2, 1, 1, 3, 1, 0, 0, 3, 1, 1, 0, 1, 1, 0, 1, 1, 1, 1, 2, 0, 3, 1, 3, 2, 1, 1, 0, 3, 1, 0, 3, 0, 2, 3, 1, 1, 1, 3, 2, 0, 3, 2, 1, 0, 0, 3, 2, 3, 3, 1, 1, 3, 3, 3, 3, 2, 3, 0, 2, 0, 1, 0, 1, 3]","['0', '1', '4', '2', '3', '17', '8', '6', '15', '7', '13', '5', '11', '16', '12', '14', '10', '87', '28', '19', '9', '23', '27', '22', '21', '38', '29', '37', '26', '30', '82', '36', '31', '24', '25', '39', '34', '40', '77', '50', '57', '35', '18', '46', '43', '45', '55', '20', '41', '33', '48', '44', '53', '54', '47', '51', '56', '68', '60', '61', '67', '32', '58', '42', '49', '62', '52', '59', '63', '72', '73', '70', '80', '74', '79', '85', '81', '64', '65', '66', '69', '71', '75', '76', '78', '83', '84', '86', '88', '89']"
72,1504,1.7595788242176076,31779,1471,1002,752.8797894121088,"[2, 1, 3, 1, 1, 3, 3, 2, 1, 2, 3, 1, 3, 2, 0, 3, 0, 3, 1, 2, 1, 2, 1, 0, 1, 0, 0, 3, 0, 2, 2, 0, 3, 0, 2, 0, 1, 0, 1, 2, 0, 3, 0, 1, 2, 0, 3, 3, 0, 2, 1, 3, 0, 0, 3, 1, 0, 3, 1, 2, 3, 0, 2, 1, 1, 0, 0, 1, 2, 0, 1, 2, 0, 3, 3, 2, 2, 3, 0, 1, 0, 3, 2, 0, 0, 2, 1, 2, 0, 3]","['0', '1', '7', '5', '4', '3', '8', '10', '11', '2', '17', '16', '6', '15', '9', '18', '23', '14', '24', '12', '26', '87', '25', '13', '27', '19', '22', '30', '20', '31', '38', '40', '50', '29', '32', '33', '28', '21', '82', '37', '49', '57', '34', '35', '44', '70', '45', '55', '39', '53', '54', '36', '42', '46', '41', '77', '48', '43', '47', '51', '56', '60', '52', '67', '68', '72', '58', '62', '74', '73', '61', '80', '81', '59', '79', '85', '63', '64', '65', '66', '69', '71', '75', '76', '78', '83', '84', '86', '88', '89']"
73,1617,1.9192878338278931,32897,1347,917,809.4596439169139,"[2, 0, 1, 0, 3, 0, 3, 1, 3, 0, 3, 2, 0, 1, 2, 0, 0, 2, 0, 0, 1, 3, 2, 1, 0, 1, 1, 3, 2, 0, 0, 2, 3, 2, 0, 2, 0, 0, 1, 0, 0, 2, 1, 1, 1, 3, 0, 0, 3, 2, 3, 3, 3, 0, 3, 3, 2, 0, 3, 1, 1, 0, 0, 2, 2, 0, 1, 0, 3, 0, 3, 2, 3, 0, 1, 1, 2, 1, 1, 0, 1, 0, 0, 0, 2, 3, 3, 2, 0, 3]","['0', '2', '1', '4', '5', '6', '14', '11', '9', '13', '12', '21', '10', '23', '8', '15', '17', '35', '3', '44', '45', '25', '34', '22', '55', '28', '37', '26', '18', '19', '38', '20', '33', '24', '43', '32', '29', '46', '82', '36', '7', '49', '54', '41', '30', '42', '47', '51', '58', '52', '59', '53', '16', '62', '87', '60', '70', '48', '27', '31', '39', '40', '77', '50', '57', '56', '61', '67', '68', '72', '63', '64', '73', '65', '80', '81', '74', '79', '85', '66', '69', '71', '75', '76', '78', '83', '84', '86', '88', '89']"
74,1546,1.8317535545023698,33563,1554,1104,773.9158767772511,"[3, 2, 1, 2, 3, 3, 3, 0, 1, 1, 0, 3, 1, 2, 0, 2, 2, 0, 0, 3, 1, 1, 0, 0, 0, 2, 3, 1, 3, 0, 3, 1, 2, 1, 3, 2, 2, 3, 1, 1, 2, 1, 3, 3, 1, 1, 0, 3, 3, 2, 1, 1, 2, 0, 2, 3, 3, 0, 1, 2, 3, 1, 2, 3, 0, 2, 1, 1, 1, 3, 1, 0, 2, 1, 0, 2, 0, 2, 3, 0, 3, 1, 2, 0, 0, 3, 0, 0, 1, 3]","['0', '2', '17', '1', '8', '5', '10', '11', '7', '3', '4', '12', '6', '13', '28', '16', '15', '9', '14', '27', '19', '25', '23', '26', '22', '30', '29', '21', '35', '43', '44', '82', '34', '38', '24', '37', '87', '46', '18', '36', '45', '53', '31', '55', '40', '20', '39', '32', '50', '57', '33', '41', '51', '59', '42', '60', '49', '61', '77', '70', '47', '58', '48', '62', '54', '63', '56', '64', '52', '67', '68', '65', '66', '69', '71', '72', '74', '75', '76', '73', '78', '79', '80', '85', '83', '81', '84', '86', '88', '89']"
75,1541,1.82962303354111,31621,1344,869,771.4148115167706,"[2, 3, 3, 3, 0, 3, 1, 1, 1, 1, 1, 3, 1, 2, 3, 0, 3, 1, 3, 0, 3, 2, 1, 3, 3, 0, 1, 0, 1, 1, 3, 1, 0, 1, 0, 1, 2, 2, 1, 2, 0, 0, 1, 2, 3, 2, 3, 2, 1, 0, 1, 1, 1, 3, 2, 0, 0, 2, 2, 3, 2, 2, 1, 3, 0, 2, 1, 2, 1, 1, 2, 1, 2, 2, 2, 3, 0, 3, 1, 2, 1, 3, 0, 1, 2, 0, 2, 1, 1, 2]","['0', '2', '1', '17', '8', '7', '16', '5', '4', '12', '6', '9', '87', '23', '27', '13', '18', '11', '15', '19', '21', '20', '33', '32', '14', '26', '22', '29', '38', '3', '10', '35', '30', '82', '28', '31', '34', '37', '44', '41', '40', '50', '36', '48', '25', '57', '46', '45', '42', '54', '56', '43', '24', '47', '68', '55', '49', '39', '51', '77', '58', '70', '52', '60', '59', '61', '72', '67', '73', '79', '63', '80', '64', '53', '62', '65', '85', '81', '66', '69', '74', '71', '75', '76', '78', '83', '84', '86', '88', '89']"
76,1676,2.002389486260454,29878,1416,987,839.0011947431302,"[1, 0, 1, 1, 2, 1, 0, 2, 0, 3, 3, 2, 2, 0, 3, 1, 2, 3, 0, 2, 0, 0, 3, 2, 2, 0, 3, 1, 1, 3, 0, 2, 1, 0, 0, 3, 3, 0, 0, 3, 0, 0, 2, 2, 0, 2, 1, 3, 3, 3, 1, 0, 2, 2, 3, 1, 2, 3, 1, 1, 2, 2, 2, 2, 3, 2, 1, 2, 3, 0, 2, 0, 3, 1, 1, 2, 1, 1, 2, 2, 2, 1, 0, 2, 2, 3, 2, 0, 3, 2]","['0', '2', '17', '1', '5', '7', '4', '6', '11', '3', '15', '14', '8', '10', '13', '12', '16', '19', '29', '28', '87', '9', '30', '23', '82', '24', '22', '27', '38', '18', '26', '20', '21', '37', '31', '35', '25', '39', '33', '77', '43', '45', '44', '53', '46', '32', '34', '36', '55', '54', '40', '41', '50', '48', '42', '57', '49', '47', '51', '58', '60', '59', '56', '61', '68', '52', '63', '64', '70', '67', '62', '72', '65', '73', '74', '79', '80', '85', '81', '66', '69', '71', '75', '76', '78', '83', '84', '86', '88', '89']"
77,1431,1.735071233707184,33369,1356,971,716.3675356168536,"[1, 3, 1, 2, 1, 0, 2, 2, 1, 3, 1, 0, 1, 1, 1, 1, 2, 1, 3, 0, 0, 3, 0, 0, 1, 0, 0, 3, 2, 1, 1, 3, 0, 2, 3, 0, 1, 1, 1, 1, 2, 3, 3, 2, 0, 1, 3, 2, 1, 2, 1, 2, 2, 2, 3, 2, 3, 0, 2, 2, 0, 2, 0, 1, 1, 2, 3, 1, 0, 3, 3, 2, 1, 0, 3, 1, 2, 2, 3, 2, 2, 1, 1, 2, 3, 1, 2, 2, 3, 1]","['0', '2', '17', '1', '8', '5', '3', '11', '7', '10', '4', '12', '16', '6', '9', '24', '18', '25', '26', '20', '15', '21', '34', '27', '37', '36', '35', '19', '22', '30', '33', '45', '54', '53', '14', '87', '44', '42', '29', '82', '46', '13', '31', '55', '40', '43', '28', '23', '32', '38', '41', '39', '48', '51', '50', '49', '59', '56', '68', '60', '57', '72', '67', '74', '70', '61', '58', '62', '73', '80', '81', '77', '47', '52', '63', '79', '85', '64', '65', '66', '69', '71', '75', '76', '78', '83', '84', '86', '88', '89']"
78,1395,1.6016073478760047,29449,1288,879,698.300803673938,"[3, 0, 3, 3, 2, 2, 3, 1, 3, 2, 1, 2, 0, 0, 1, 3, 2, 1, 1, 3, 3, 1, 0, 0, 2, 0, 2, 1, 0, 0, 1, 0, 0, 2, 2, 3, 0, 2, 3, 1, 2, 1, 0, 1, 2, 0, 3, 1, 2, 0, 3, 3, 2, 2, 0, 1, 1, 1, 0, 3, 3, 1, 0, 2, 0, 3, 1, 3, 1, 2, 0, 3, 3, 2, 3, 1, 2, 3, 1, 2, 2, 0, 1, 0, 0, 0, 2, 2, 1, 0]","['0', '2', '1', '5', '7', '11', '3', '10', '17', '8', '16', '87', '12', '4', '6', '9', '21', '15', '13', '28', '22', '37', '27', '25', '19', '34', '30', '14', '35', '43', '18', '45', '36', '29', '23', '55', '82', '53', '26', '44', '54', '24', '31', '20', '39', '77', '38', '32', '41', '47', '40', '33', '52', '46', '48', '49', '70', '51', '42', '59', '58', '60', '50', '57', '56', '68', '62', '72', '74', '67', '61', '73', '63', '80', '64', '65', '66', '79', '81', '85', '69', '71', '75', '76', '78', '83', '84', '86', '88', '89']"
79,1374,1.6499549684779347,32052,1443,1017,687.824977484239,"[3, 2, 2, 1, 3, 2, 0, 0, 2, 1, 1, 1, 0, 0, 0, 3, 0, 1, 0, 0, 1, 0, 1, 0, 1, 3, 3, 2, 1, 3, 0, 0, 3, 2, 2, 1, 1, 3, 1, 3, 3, 0, 0, 1, 0, 3, 3, 2, 3, 3, 0, 2, 3, 1, 3, 2, 0, 0, 3, 1, 3, 0, 0, 0, 2, 1, 1, 0, 3, 2, 1, 1, 3, 1, 1, 0, 2, 2, 0, 2, 2, 3, 2, 1, 3, 0, 1, 3, 3, 1]","['0', '1', '8', '2', '17', '4', '6', '13', '14', '15', '7', '3', '5', '9', '22', '25', '10', '26', '11', '16', '18', '23', '12', '21', '35', '36', '19', '44', '43', '29', '28', '37', '27', '45', '82', '20', '55', '24', '53', '87', '54', '30', '33', '34', '32', '49', '38', '41', '46', '51', '58', '31', '40', '42', '50', '60', '57', '59', '70', '47', '61', '52', '62', '63', '39', '77', '64', '65', '66', '48', '56', '68', '72', '73', '74', '67', '79', '80', '69', '85', '71', '75', '76', '81', '78', '83', '84', '86', '88', '89']"
80,1417,1.7036369101292457,30401,1446,1001,709.3518184550646,"[1, 3, 2, 0, 1, 0, 3, 2, 3, 3, 0, 3, 1, 0, 3, 2, 2, 0, 1, 3, 2, 1, 2, 3, 1, 3, 0, 2, 0, 0, 0, 2, 0, 1, 2, 1, 0, 2, 2, 3, 1, 3, 0, 0, 0, 0, 3, 3, 2, 2, 0, 2, 2, 0, 2, 3, 3, 2, 2, 0, 1, 2, 2, 0, 2, 1, 1, 0, 1, 3, 0, 0, 0, 2, 1, 3, 0, 2, 2, 3, 3, 0, 3, 3, 0, 0, 2, 1, 0, 0]","['0', '1', '8', '5', '11', '4', '12', '3', '7', '10', '6', '14', '13', '9', '25', '27', '22', '2', '17', '26', '23', '18', '24', '28', '15', '38', '21', '16', '20', '37', '33', '32', '35', '36', '42', '43', '44', '45', '55', '19', '49', '53', '30', '87', '31', '29', '34', '41', '70', '39', '46', '40', '51', '48', '58', '59', '50', '56', '47', '54', '68', '72', '67', '62', '57', '82', '73', '77', '80', '85', '52', '79', '74', '81', '60', '61', '63', '64', '65', '66', '69', '71', '75', '76', '78', '83', '84', '86', '88', '89']"
81,1421,1.7028160575194728,31305,1475,1102,711.3514080287597,"[2, 3, 2, 0, 0, 0, 3, 2, 0, 3, 2, 2, 0, 3, 1, 3, 1, 3, 3, 3, 2, 3, 0, 1, 2, 1, 3, 3, 3, 0, 3, 0, 2, 1, 0, 1, 1, 1, 0, 2, 3, 2, 1, 0, 2, 1, 1, 1, 2, 2, 1, 1, 1, 1, 1, 0, 0, 0, 1, 0, 0, 3, 1, 3, 1, 2, 0, 0, 0, 3, 0, 0, 0, 0, 2, 2, 2, 1, 1, 0, 3, 0, 2, 2, 3, 2, 0, 1, 2, 2]","['0', '1', '2', '4', '3', '17', '8', '7', '6', '14', '5', '15', '9', '24', '10', '18', '22', '27', '13', '23', '16', '20', '87', '33', '32', '26', '11', '21', '28', '37', '49', '34', '35', '12', '45', '54', '36', '44', '55', '43', '38', '53', '19', '30', '29', '82', '70', '41', '48', '42', '51', '46', '58', '59', '47', '52', '60', '62', '25', '31', '39', '77', '40', '50', '57', '56', '67', '68', '61', '72', '74', '73', '80', '79', '63', '85', '64', '81', '65', '66', '69', '71', '75', '76', '78', '83', '84', '86', '88', '89']"
82,1658,1.9414519906323184,34415,1398,976,829.9707259953161,"[3, 3, 3, 1, 2, 2, 1, 2, 2, 1, 3, 3, 3, 0, 0, 0, 0, 3, 1, 3, 2, 1, 3, 3, 2, 0, 3, 0, 1, 1, 0, 0, 0, 3, 0, 1, 0, 0, 2, 0, 3, 2, 2, 3, 2, 0, 2, 1, 0, 3, 3, 1, 2, 1, 0, 0, 0, 0, 0, 2, 2, 0, 2, 0, 1, 3, 2, 1, 2, 0, 3, 1, 3, 0, 1, 1, 0, 0, 2, 1, 3, 2, 1, 1, 0, 0, 0, 2, 1, 0]","['0', '2', '17', '1', '4', '3', '6', '5', '11', '15', '13', '12', '8', '14', '10', '9', '27', '7', '18', '24', '26', '28', '20', '23', '22', '16', '38', '33', '25', '21', '19', '29', '82', '35', '45', '46', '43', '36', '42', '37', '55', '44', '30', '31', '32', '49', '40', '87', '54', '70', '39', '34', '77', '50', '57', '41', '53', '47', '51', '60', '52', '61', '48', '59', '58', '62', '63', '64', '56', '65', '68', '67', '72', '66', '73', '79', '74', '69', '71', '80', '85', '81', '75', '76', '78', '83', '84', '86', '88', '89']"
83,1336,1.588112927191679,29942,1442,1021,668.7940564635959,"[3, 3, 3, 2, 0, 0, 3, 0, 3, 1, 1, 2, 3, 2, 0, 0, 2, 2, 2, 2, 3, 3, 1, 3, 0, 3, 0, 3, 1, 3, 1, 2, 0, 0, 3, 2, 3, 1, 0, 1, 2, 3, 3, 2, 1, 2, 3, 2, 0, 1, 1, 3, 0, 2, 2, 1, 1, 1, 1, 3, 2, 1, 1, 1, 1, 0, 2, 0, 0, 2, 0, 3, 1, 3, 3, 3, 2, 3, 2, 0, 1, 2, 0, 2, 1, 0, 3, 1, 2, 2]","['0', '1', '3', '8', '4', '2', '17', '5', '10', '12', '7', '6', '14', '11', '9', '21', '37', '36', '26', '35', '22', '44', '46', '43', '25', '15', '34', '23', '13', '16', '27', '87', '38', '19', '30', '28', '29', '24', '82', '18', '45', '55', '53', '20', '32', '31', '40', '33', '41', '54', '39', '51', '42', '47', '60', '48', '52', '49', '59', '58', '70', '50', '77', '57', '61', '56', '63', '67', '68', '64', '62', '65', '72', '73', '79', '80', '74', '85', '81', '66', '69', '71', '75', '76', '78', '83', '84', '86', '88', '89']"
84,1613,1.932315064390536,30546,1416,997,807.4661575321952,"[2, 2, 1, 2, 3, 3, 0, 3, 2, 1, 0, 2, 2, 2, 3, 1, 3, 3, 1, 3, 3, 3, 0, 3, 1, 3, 2, 2, 1, 2, 1, 1, 0, 3, 2, 3, 1, 1, 3, 1, 3, 3, 0, 2, 1, 1, 3, 0, 3, 0, 2, 0, 1, 0, 1, 0, 3, 3, 1, 1, 1, 3, 3, 1, 2, 3, 2, 3, 3, 1, 1, 3, 0, 3, 1, 0, 2, 3, 2, 0, 1, 3, 3, 2, 2, 2, 0, 0, 0, 2]","['0', '1', '5', '2', '3', '12', '17', '7', '11', '8', '4', '10', '16', '6', '13', '9', '18', '27', '15', '24', '25', '26', '21', '22', '14', '20', '34', '19', '37', '28', '33', '29', '36', '23', '82', '35', '32', '49', '42', '38', '30', '41', '44', '48', '43', '70', '31', '47', '46', '87', '51', '52', '45', '39', '59', '53', '60', '54', '77', '55', '58', '40', '62', '50', '56', '68', '67', '72', '73', '79', '74', '57', '80', '61', '81', '63', '64', '85', '65', '66', '69', '71', '75', '76', '78', '83', '84', '86', '88', '89']"
85,1640,1.9564569042648374,31887,1471,1003,820.9782284521324,"[1, 3, 3, 2, 2, 1, 1, 1, 3, 0, 3, 2, 3, 2, 1, 1, 2, 1, 2, 0, 0, 2, 2, 1, 0, 2, 2, 2, 1, 0, 1, 2, 3, 1, 3, 1, 3, 2, 3, 2, 3, 2, 2, 3, 0, 2, 2, 3, 1, 3, 0, 3, 1, 2, 3, 1, 2, 0, 1, 1, 2, 1, 2, 1, 1, 1, 3, 2, 1, 0, 3, 1, 3, 2, 1, 0, 1, 2, 0, 2, 2, 2, 3, 1, 0, 1, 2, 0, 0, 1]","['0', '2', '1', '8', '7', '4', '16', '6', '14', '13', '87', '5', '9', '23', '26', '12', '3', '17', '10', '22', '18', '21', '24', '34', '27', '37', '20', '35', '46', '45', '15', '43', '25', '41', '28', '54', '38', '36', '55', '51', '19', '32', '49', '58', '44', '60', '53', '33', '62', '48', '30', '70', '59', '42', '11', '47', '29', '52', '82', '31', '40', '50', '39', '57', '77', '56', '68', '61', '72', '74', '67', '73', '79', '63', '80', '85', '64', '81', '65', '66', '69', '71', '75', '76', '78', '83', '84', '86', '88', '89']"
86,1355,1.696931747025673,31261,1525,1050,678.3484658735129,"[1, 0, 2, 0, 2, 3, 3, 3, 0, 3, 1, 0, 0, 3, 1, 0, 1, 2, 2, 1, 2, 2, 1, 3, 0, 3, 3, 3, 3, 0, 3, 2, 1, 2, 1, 1, 1, 2, 3, 3, 2, 1, 0, 1, 0, 2, 1, 0, 0, 0, 2, 2, 3, 0, 0, 2, 1, 3, 0, 0, 2, 0, 0, 3, 3, 2, 1, 3, 0, 0, 2, 3, 2, 3, 1, 2, 1, 0, 0, 1, 3, 3, 1, 3, 0, 2, 1, 3, 3, 1]","['0', '2', '1', '17', '4', '6', '5', '14', '15', '8', '13', '10', '7', '12', '19', '3', '30', '11', '28', '16', '9', '22', '29', '21', '34', '82', '24', '18', '87', '36', '20', '25', '41', '35', '46', '43', '45', '33', '55', '53', '48', '32', '51', '23', '54', '44', '60', '47', '59', '42', '38', '58', '37', '62', '49', '70', '52', '27', '26', '31', '39', '40', '77', '50', '57', '61', '56', '68', '63', '72', '74', '67', '73', '80', '79', '85', '64', '81', '65', '66', '69', '71', '75', '76', '78', '83', '84', '86', '88', '89']"
87,1710,2.0141342756183747,32650,1465,1068,856.0070671378091,"[3, 2, 1, 0, 3, 1, 2, 3, 0, 1, 2, 0, 2, 0, 2, 3, 0, 0, 0, 2, 1, 3, 1, 2, 0, 1, 0, 3, 2, 0, 0, 0, 0, 3, 0, 0, 2, 1, 1, 0, 2, 2, 0, 0, 2, 1, 0, 0, 2, 1, 1, 0, 1, 2, 1, 0, 0, 3, 3, 3, 0, 1, 3, 3, 3, 0, 1, 1, 0, 2, 3, 0, 3, 0, 2, 2, 2, 2, 0, 3, 1, 1, 1, 0, 0, 2, 1, 3, 1, 3]","['0', '2', '1', '5', '7', '11', '10', '17', '12', '3', '4', '6', '14', '15', '13', '19', '30', '8', '16', '87', '9', '24', '28', '25', '18', '23', '20', '26', '33', '29', '22', '38', '21', '32', '34', '41', '48', '82', '36', '37', '47', '27', '49', '42', '31', '70', '35', '43', '46', '40', '44', '51', '58', '50', '57', '52', '56', '45', '67', '59', '39', '55', '60', '77', '68', '72', '53', '61', '54', '73', '74', '63', '64', '80', '81', '79', '85', '62', '65', '66', '69', '71', '75', '76', '78', '83', '84', '86', '88', '89']"
88,1391,1.6564453706460256,32053,1599,1129,696.328222685323,"[3, 3, 2, 2, 3, 0, 1, 2, 1, 0, 2, 1, 2, 3, 2, 3, 0, 0, 1, 0, 3, 0, 2, 2, 0, 2, 2, 3, 2, 3, 1, 1, 3, 0, 0, 2, 2, 0, 2, 1, 3, 0, 2, 1, 3, 3, 3, 2, 2, 1, 3, 1, 1, 3, 2, 1, 2, 2, 3, 1, 0, 0, 1, 1, 0, 1, 3, 1, 1, 3, 0, 3, 1, 0, 2, 2, 3, 3, 0, 0, 2, 0, 3, 1, 0, 2, 0, 0, 3, 3]","['0', '1', '7', '5', '12', '2', '3', '8', '11', '16', '17', '4', '6', '9', '24', '22', '13', '10', '15', '19', '25', '21', '35', '36', '23', '26', '46', '43', '28', '30', '87', '45', '53', '37', '55', '38', '14', '44', '27', '34', '54', '31', '39', '18', '77', '40', '20', '32', '50', '33', '29', '42', '82', '57', '49', '41', '51', '59', '58', '70', '47', '60', '48', '52', '62', '56', '67', '61', '68', '63', '72', '73', '64', '80', '79', '74', '81', '85', '65', '66', '69', '71', '75', '76', '78', '83', '84', '86', '88', '89']"
89,1550,1.8496420047732698,30143,1499,1042,775.9248210023866,"[0, 0, 3, 2, 3, 0, 1, 3, 3, 2, 1, 1, 2, 0, 3, 3, 1, 0, 1, 2, 1, 0, 2, 2, 1, 0, 0, 0, 1, 1, 3, 3, 2, 0, 0, 2, 1, 2, 2, 1, 1, 3, 2, 2, 1, 2, 1, 2, 0, 2, 2, 2, 3, 3, 1, 1, 0, 1, 2, 2, 0, 0, 3, 2, 2, 1, 3, 1, 2, 1, 1, 3, 1, 3, 2, 3, 2, 1, 2, 1, 3, 1, 3, 1, 2, 2, 2, 3, 2, 2]","['0', '1', '3', '2', '4', '5', '12', '6', '14', '11', '15', '7', '9', '24', '18', '13', '10', '28', '20', '33', '22', '23', '25', '38', '32', '21', '35', '36', '45', '26', '46', '53', '42', '55', '27', '44', '8', '54', '34', '16', '37', '41', '49', '48', '17', '43', '70', '51', '58', '59', '87', '62', '60', '19', '30', '31', '29', '82', '40', '39', '77', '50', '57', '47', '52', '56', '68', '61', '63', '67', '72', '64', '73', '65', '79', '80', '85', '74', '66', '81', '69', '71', '75', '76', '78', '83', '84', '86', '88', '89']"
90,1304,1.5537682454572534,32328,1383,921,652.7768841227286,"[2, 3, 1, 1, 1, 2, 0, 3, 0, 2, 0, 1, 0, 1, 0, 2, 0, 0, 2, 2, 1, 2, 3, 1, 0, 0, 0, 3, 2, 0, 3, 1, 2, 3, 1, 1, 0, 0, 0, 3, 0, 1, 1, 1, 0, 0, 0, 3, 1, 2, 0, 1, 3, 0, 3, 3, 3, 2, 3, 2, 0, 0, 0, 3, 1, 1, 2, 2, 3, 1, 2, 3, 3, 2, 1, 3, 1, 0, 0, 1, 1, 2, 0, 1, 2, 3, 1, 3, 1, 3]","['0', '2', '1', '5', '3', '17', '8', '7', '16', '4', '6', '12', '9', '13', '26', '23', '87', '11', '22', '14', '25', '10', '18', '27', '20', '21', '32', '33', '36', '38', '35', '43', '44', '46', '45', '24', '42', '53', '37', '55', '34', '28', '15', '49', '19', '30', '70', '41', '29', '54', '47', '48', '51', '52', '58', '60', '62', '31', '59', '82', '40', '39', '77', '50', '57', '61', '56', '67', '63', '68', '64', '72', '65', '73', '80', '66', '69', '74', '79', '81', '85', '71', '75', '76', '78', '83', '84', '86', '88', '89']"
91,1471,1.7341585617447686,32450,1308,943,736.3670792808724,"[3, 0, 0, 0, 0, 2, 2, 1, 0, 0, 0, 3, 2, 0, 1, 1, 0, 0, 2, 3, 1, 3, 1, 3, 0, 1, 2, 1, 1, 2, 3, 3, 2, 2, 2, 3, 0, 0, 2, 3, 0, 3, 1, 1, 1, 0, 2, 3, 1, 3, 1, 0, 0, 0, 3, 1, 0, 3, 3, 2, 0, 2, 0, 2, 1, 2, 3, 3, 1, 0, 3, 0, 1, 0, 0, 3, 1, 3, 3, 3, 2, 0, 3, 0, 0, 0, 2, 2, 0, 0]","['0', '1', '3', '8', '4', '7', '6', '14', '13', '15', '5', '10', '11', '12', '28', '9', '27', '26', '2', '17', '23', '16', '25', '21', '22', '34', '35', '38', '36', '19', '37', '45', '44', '55', '53', '54', '24', '46', '43', '29', '30', '18', '20', '87', '32', '82', '41', '48', '33', '42', '47', '52', '51', '58', '31', '62', '39', '59', '49', '70', '40', '50', '60', '77', '57', '61', '63', '64', '65', '66', '56', '68', '67', '72', '73', '74', '69', '80', '79', '85', '81', '71', '75', '76', '78', '83', '84', '86', '88', '89']"
92,1312,1.567971317597849,28627,1378,949,656.7839856587989,"[3, 3, 2, 1, 1, 2, 0, 0, 2, 0, 3, 3, 3, 3, 0, 2, 3, 3, 1, 3, 1, 0, 0, 1, 3, 1, 0, 3, 1, 3, 0, 2, 1, 2, 2, 1, 3, 3, 0, 3, 0, 3, 0, 2, 0, 0, 0, 1, 3, 1, 1, 3, 2, 0, 2, 0, 1, 1, 2, 3, 0, 0, 2, 1, 3, 1, 0, 0, 0, 3, 1, 1, 2, 1, 2, 0, 2, 2, 3, 2, 1, 2, 2, 0, 1, 1, 1, 3, 3, 0]","['0', '1', '3', '5', '10', '8', '4', '7', '2', '17', '16', '87', '6', '11', '12', '14', '9', '18', '27', '21', '22', '23', '37', '36', '13', '35', '20', '38', '34', '25', '43', '24', '15', '45', '46', '19', '30', '54', '55', '44', '32', '49', '28', '70', '29', '82', '26', '53', '31', '41', '40', '33', '50', '42', '48', '56', '57', '39', '77', '47', '68', '67', '52', '51', '72', '58', '60', '61', '62', '59', '63', '74', '73', '80', '64', '85', '81', '65', '66', '69', '79', '71', '75', '76', '78', '83', '84', '86', '88', '89']"
93,1350,1.6201620162016201,30199,1357,966,675.8100810081008,"[2, 1, 0, 2, 2, 2, 3, 2, 3, 0, 0, 1, 0, 1, 1, 3, 0, 0, 1, 3, 0, 0, 1, 2, 3, 3, 2, 3, 0, 3, 0, 1, 0, 2, 2, 1, 1, 2, 2, 0, 3, 1, 0, 3, 1, 2, 0, 1, 2, 0, 0, 1, 3, 0, 3, 1, 0, 0, 3, 3, 3, 3, 2, 3, 3, 0, 2, 3, 0, 1, 1, 1, 3, 3, 2, 1, 1, 0, 0, 2, 3, 1, 2, 0, 2, 2, 0, 1, 2, 3]","['0', '2', '17', '1', '7', '4', '6', '15', '13', '8', '3', '16', '87', '5', '12', '11', '10', '9', '24', '18', '21', '19', '26', '25', '22', '27', '36', '28', '14', '29', '23', '30', '82', '31', '20', '33', '40', '32', '38', '42', '37', '49', '35', '39', '44', '34', '45', '41', '43', '53', '47', '50', '52', '54', '51', '77', '60', '46', '59', '70', '55', '48', '57', '56', '67', '58', '61', '68', '62', '63', '72', '73', '80', '79', '74', '85', '81', '64', '65', '66', '69', '71', '75', '76', '78', '83', '84', '86', '88', '89']"
94,1579,1.914519551379206,33006,1476,1015,790.4572597756896,"[3, 2, 2, 3, 1, 3, 2, 3, 1, 3, 2, 1, 3, 3, 3, 0, 2, 2, 2, 1, 0, 3, 0, 2, 2, 1, 3, 0, 1, 1, 3, 3, 3, 0, 0, 2, 3, 0, 0, 2, 3, 0, 2, 2, 3, 3, 2, 2, 3, 3, 3, 3, 2, 2, 1, 3, 3, 2, 1, 2, 2, 3, 0, 3, 3, 3, 3, 0, 1, 2, 2, 0, 0, 0, 1, 1, 0, 2, 1, 3, 1, 1, 1, 2, 3, 0, 3, 1, 0, 1]","['0', '1', '4', '6', '15', '14', '13', '3', '5', '2', '7', '17', '8', '16', '9', '27', '21', '18', '24', '35', '43', '36', '12', '19', '11', '45', '34', '46', '29', '23', '30', '44', '87', '10', '37', '26', '20', '41', '51', '25', '22', '82', '47', '38', '54', '52', '32', '58', '49', '59', '48', '31', '60', '55', '39', '53', '33', '62', '40', '28', '50', '56', '42', '77', '67', '70', '57', '61', '68', '63', '72', '73', '79', '74', '64', '65', '80', '66', '69', '81', '71', '75', '76', '85', '78', '83', '84', '86', '88', '89']"
95,1195,1.4555420219244823,30139,1365,898,598.2277710109622,"[1, 1, 1, 2, 0, 3, 3, 1, 2, 3, 1, 3, 2, 1, 2, 3, 2, 1, 0, 3, 0, 1, 1, 3, 2, 3, 3, 0, 1, 2, 3, 1, 2, 2, 3, 2, 0, 1, 2, 1, 1, 2, 0, 0, 0, 2, 3, 0, 0, 3, 3, 0, 2, 1, 0, 1, 0, 0, 0, 0, 1, 3, 2, 3, 2, 3, 2, 1, 1, 1, 3, 0, 0, 0, 2, 3, 0, 1, 2, 3, 1, 2, 2, 2, 3, 0, 0, 3, 1, 3]","['0', '1', '8', '3', '7', '2', '16', '17', '4', '6', '14', '87', '13', '15', '5', '10', '12', '11', '19', '28', '30', '29', '82', '9', '23', '24', '27', '22', '38', '26', '21', '25', '37', '18', '36', '35', '20', '46', '44', '32', '33', '45', '34', '41', '54', '47', '53', '31', '40', '52', '42', '48', '50', '39', '49', '55', '70', '43', '56', '67', '77', '51', '60', '57', '61', '58', '68', '62', '59', '63', '72', '64', '74', '65', '73', '80', '81', '66', '85', '79', '69', '71', '75', '76', '78', '83', '84', '86', '88', '89']"
96,1491,1.790990990990991,30809,1481,991,746.3954954954955,"[3, 0, 1, 1, 2, 3, 2, 3, 3, 3, 0, 1, 3, 2, 2, 1, 2, 3, 1, 2, 1, 3, 2, 3, 0, 2, 2, 1, 3, 3, 2, 0, 3, 0, 2, 0, 3, 3, 3, 1, 1, 2, 2, 0, 2, 3, 0, 2, 2, 1, 1, 0, 3, 3, 1, 3, 3, 0, 2, 0, 3, 0, 0, 1, 2, 0, 2, 0, 0, 1, 0, 2, 2, 2, 2, 3, 3, 2, 2, 3, 2, 0, 2, 1, 1, 3, 3, 1, 3, 0]","['0', '1', '8', '3', '5', '10', '12', '4', '7', '11', '2', '17', '6', '13', '15', '9', '19', '25', '30', '27', '21', '18', '37', '28', '34', '24', '20', '33', '16', '14', '23', '32', '26', '29', '36', '82', '42', '22', '38', '41', '48', '47', '35', '31', '87', '44', '40', '45', '43', '55', '46', '51', '50', '57', '54', '59', '53', '39', '60', '61', '52', '58', '62', '77', '63', '49', '70', '56', '68', '64', '72', '65', '73', '67', '66', '80', '74', '85', '79', '69', '71', '81', '75', '76', '78', '83', '84', '86', '88', '89']"
97,1440,1.6991150442477876,33507,1495,1042,720.8495575221239,"[2, 3, 2, 3, 2, 0, 3, 2, 3, 1, 3, 1, 3, 2, 3, 2, 0, 1, 1, 2, 3, 1, 3, 0, 0, 3, 3, 0, 1, 1, 0, 0, 2, 3, 2, 0, 2, 0, 2, 2, 0, 2, 1, 0, 1, 3, 0, 0, 1, 3, 0, 3, 2, 2, 0, 1, 2, 1, 3, 3, 0, 0, 2, 3, 1, 3, 0, 3, 1, 1, 0, 2, 2, 1, 1, 2, 2, 2, 0, 1, 1, 3, 1, 0, 3, 1, 3, 3, 3, 0]","['0', '2', '17', '1', '4', '6', '5', '8', '3', '12', '13', '11', '15', '14', '19', '9', '18', '29', '23', '30', '82', '22', '21', '25', '26', '37', '27', '34', '31', '38', '7', '40', '10', '16', '24', '35', '45', '54', '46', '50', '28', '43', '36', '39', '20', '53', '33', '57', '44', '42', '55', '32', '41', '47', '51', '52', '48', '77', '56', '58', '49', '87', '62', '67', '59', '70', '68', '72', '73', '60', '80', '74', '81', '79', '61', '63', '85', '64', '65', '66', '69', '71', '75', '76', '78', '83', '84', '86', '88', '89']"
98,1720,2.065445812068448,33611,1486,1122,861.0327229060342,"[2, 3, 2, 0, 2, 3, 0, 2, 2, 2, 0, 0, 0, 2, 3, 0, 0, 1, 2, 1, 3, 0, 0, 0, 0, 3, 3, 1, 3, 2, 2, 3, 2, 0, 1, 2, 2, 0, 1, 3, 3, 1, 0, 1, 0, 0, 2, 1, 2, 0, 0, 2, 2, 1, 1, 3, 0, 3, 0, 2, 0, 2, 1, 0, 0, 2, 2, 0, 1, 2, 3, 1, 1, 2, 2, 0, 1, 1, 2, 0, 0, 0, 2, 3, 0, 1, 0, 0, 2, 1]","['0', '2', '17', '1', '3', '4', '8', '7', '5', '6', '15', '10', '12', '19', '9', '14', '11', '22', '25', '30', '16', '87', '29', '21', '37', '13', '28', '82', '35', '36', '43', '24', '26', '45', '46', '23', '55', '38', '34', '18', '27', '54', '31', '44', '39', '40', '20', '32', '49', '33', '41', '77', '51', '70', '60', '59', '47', '58', '48', '50', '56', '68', '67', '57', '61', '42', '53', '72', '62', '74', '63', '52', '64', '65', '73', '80', '79', '66', '81', '85', '69', '71', '75', '76', '78', '83', '84', '86', '88', '89']"
99,1380,1.6546762589928057,33590,1422,920,690.8273381294964,"[3, 0, 3, 1, 2, 2, 3, 3, 1, 0, 3, 1, 0, 2, 2, 1, 1, 3, 3, 2, 0, 3, 1, 3, 3, 1, 1, 2, 1, 2, 0, 2, 2, 3, 0, 1, 3, 0, 3, 1, 0, 2, 2, 1, 3, 2, 1, 0, 1, 3, 2, 1, 0, 3, 2, 1, 0, 0, 1, 0, 3, 3, 1, 1, 0, 2, 3, 2, 0, 2, 1, 3, 1, 3, 0, 0, 3, 2, 3, 2, 3, 1, 2, 2, 2, 2, 2, 1, 1, 1]","['0', '2', '17', '1', '4', '6', '14', '8', '3', '5', '15', '12', '19', '11', '10', '29', '7', '30', '13', '9', '22', '16', '82', '21', '37', '18', '34', '25', '24', '23', '26', '35', '38', '46', '20', '45', '55', '32', '27', '54', '49', '70', '43', '31', '53', '41', '48', '36', '47', '51', '39', '44', '52', '77', '33', '28', '60', '42', '40', '59', '87', '58', '62', '50', '57', '56', '68', '61', '67', '72', '73', '63', '79', '64', '65', '80', '66', '85', '81', '74', '69', '71', '75', '76', '78', '83', '84', '86', '88', '89']"
100,1425,1.694411414982164,30268,1522,1058,713.3472057074911,"[0, 0, 1, 2, 2, 0, 2, 1, 1, 0, 0, 2, 2, 3, 2, 0, 3, 0, 1, 2, 1, 1, 3, 2, 0, 1, 3, 0, 0, 3, 2, 3, 2, 0, 3, 0, 1, 0, 2, 1, 2, 0, 1, 2, 2, 2, 0, 3, 3, 0, 1, 3, 2, 0, 2, 3, 2, 3, 0, 0, 3, 1, 3, 0, 1, 0, 0, 0, 3, 1, 0, 2, 1, 3, 2, 3, 0, 0, 1, 0, 3, 1, 2, 3, 2, 2, 3, 2, 1, 3]","['0', '1', '5', '2', '10', '11', '3', '7', '12', '8', '17', '4', '16', '87', '6', '13', '9', '21', '27', '23', '25', '34', '22', '14', '15', '38', '36', '35', '19', '29', '37', '43', '46', '18', '44', '28', '24', '20', '45', '32', '41', '30', '26', '53', '47', '82', '54', '49', '70', '48', '51', '58', '60', '62', '33', '52', '55', '59', '42', '31', '40', '39', '77', '50', '56', '67', '57', '61', '63', '68', '72', '73', '80', '81', '79', '85', '74', '64', '65', '66', '69', '71', '75', '76', '78', '83', '84', '86', '88', '89']"
101,1455,1.7316274918179113,30669,1504,1009,728.365813745909,"[3, 3, 0, 0, 2, 0, 3, 3, 1, 3, 3, 0, 3, 1, 3, 0, 1, 2, 3, 3, 0, 3, 3, 1, 1, 3, 0, 2, 0, 3, 2, 3, 3, 1, 0, 1, 0, 3, 2, 3, 0, 0, 3, 2, 0, 0, 3, 0, 0, 0, 0, 3, 1, 0, 0, 0, 2, 2, 2, 2, 1, 0, 3, 3, 0, 0, 3, 0, 3, 0, 2, 2, 2, 2, 2, 2, 2, 3, 3, 1, 1, 3, 3, 1, 2, 0, 2, 1, 3, 2]","['0', '1', '8', '3', '5', '4', '11', '7', '6', '10', '14', '12', '9', '26', '15', '27', '25', '23', '18', '24', '21', '37', '22', '2', '34', '36', '38', '13', '20', '28', '41', '48', '33', '47', '32', '49', '17', '70', '19', '30', '29', '31', '16', '87', '82', '42', '35', '44', '45', '52', '54', '40', '55', '50', '39', '77', '53', '43', '57', '46', '51', '58', '56', '67', '59', '60', '62', '68', '72', '61', '74', '73', '80', '79', '63', '64', '65', '66', '81', '85', '69', '71', '75', '76', '78', '83', '84', '86', '88', '89']"
102,1418,1.6976953008081412,31232,1544,1070,709.8488476504041,"[3, 3, 3, 2, 1, 3, 1, 0, 1, 2, 0, 3, 3, 2, 2, 3, 0, 3, 3, 3, 1, 2, 0, 1, 0, 3, 2, 0, 0, 2, 2, 1, 2, 1, 2, 0, 2, 3, 1, 0, 0, 0, 1, 3, 2, 0, 2, 0, 3, 2, 2, 3, 0, 0, 2, 2, 3, 3, 0, 2, 3, 1, 1, 2, 1, 1, 3, 0, 2, 2, 3, 2, 0, 1, 2, 0, 1, 1, 3, 2, 3, 0, 2, 1, 0, 2, 3, 3, 0, 1]","['0', '2', '1', '4', '17', '3', '8', '7', '6', '5', '10', '12', '15', '19', '14', '30', '13', '11', '16', '87', '29', '82', '28', '9', '18', '24', '26', '23', '21', '22', '27', '36', '35', '25', '45', '53', '34', '54', '38', '20', '41', '43', '44', '46', '48', '31', '55', '32', '40', '50', '37', '33', '49', '56', '47', '67', '68', '72', '39', '73', '42', '77', '80', '79', '74', '85', '51', '60', '58', '81', '59', '52', '62', '57', '70', '61', '63', '64', '65', '66', '69', '71', '75', '76', '78', '83', '84', '86', '88', '89']"
103,1351,1.5759696704578594,32367,1558,1101,676.2879848352289,"[2, 3, 2, 1, 0, 1, 0, 2, 2, 1, 1, 0, 3, 0, 3, 2, 0, 2, 2, 3, 0, 0, 3, 3, 3, 3, 2, 0, 0, 3, 0, 2, 1, 0, 1, 1, 1, 3, 0, 1, 0, 2, 3, 2, 2, 1, 1, 1, 3, 3, 0, 1, 3, 0, 3, 0, 1, 1, 0, 2, 2, 0, 3, 0, 1, 2, 1, 2, 0, 1, 1, 3, 2, 0, 2, 2, 3, 1, 3, 0, 0, 0, 0, 1, 3, 3, 2, 1, 1, 2]","['0', '1', '4', '7', '3', '5', '12', '8', '10', '11', '2', '16', '6', '13', '17', '14', '87', '15', '19', '29', '30', '82', '28', '9', '21', '23', '18', '27', '37', '25', '26', '20', '33', '32', '34', '41', '22', '35', '36', '44', '42', '43', '48', '38', '49', '45', '55', '24', '70', '51', '59', '46', '54', '60', '47', '31', '40', '53', '50', '57', '56', '61', '68', '67', '63', '72', '39', '58', '64', '52', '62', '73', '77', '65', '79', '74', '80', '81', '66', '85', '69', '71', '75', '76', '78', '83', '84', '86', '88', '89']"
104,1333,1.6211614472484037,30654,1374,981,667.3105807236242,"[3, 1, 2, 0, 1, 3, 3, 1, 0, 3, 0, 1, 1, 2, 1, 2, 0, 3, 1, 0, 0, 1, 3, 3, 0, 1, 1, 0, 3, 3, 1, 3, 1, 0, 2, 3, 0, 2, 3, 3, 0, 1, 1, 0, 2, 0, 2, 2, 1, 1, 1, 2, 1, 3, 3, 0, 0, 0, 1, 2, 0, 3, 3, 3, 3, 1, 2, 0, 3, 0, 0, 1, 1, 0, 1, 0, 2, 2, 3, 2, 2, 0, 2, 0, 2, 2, 3, 1, 1, 1]","['0', '1', '3', '8', '4', '6', '5', '13', '11', '12', '10', '9', '18', '23', '2', '17', '26', '14', '27', '22', '28', '38', '24', '7', '25', '16', '20', '87', '21', '36', '15', '33', '42', '34', '37', '19', '32', '29', '30', '35', '82', '41', '31', '49', '70', '47', '43', '51', '48', '46', '44', '58', '40', '39', '50', '60', '52', '59', '56', '68', '72', '77', '57', '74', '45', '55', '67', '73', '53', '54', '62', '61', '63', '64', '79', '80', '65', '85', '66', '81', '69', '71', '75', '76', '78', '83', '84', '86', '88', '89']"
105,1304,1.5777374470659407,31692,1418,1005,652.7888687235329,"[3, 2, 2, 1, 0, 2, 0, 3, 3, 3, 2, 2, 0, 0, 3, 0, 3, 1, 1, 0, 0, 0, 1, 2, 1, 2, 3, 3, 3, 0, 2, 1, 2, 1, 3, 2, 2, 3, 2, 3, 0, 3, 0, 1, 3, 0, 1, 3, 0, 3, 1, 2, 3, 1, 1, 1, 0, 1, 1, 1, 2, 0, 0, 0, 3, 1, 2, 2, 3, 2, 2, 0, 0, 3, 2, 1, 3, 1, 0, 0, 1, 0, 0, 2, 1, 3, 1, 3, 3, 0]","['0', '1', '5', '10', '4', '3', '7', '2', '8', '11', '6', '16', '87', '14', '12', '17', '9', '27', '18', '26', '22', '23', '13', '20', '38', '15', '28', '25', '33', '21', '36', '37', '42', '34', '19', '24', '35', '32', '29', '30', '82', '49', '43', '44', '41', '31', '47', '52', '51', '46', '45', '55', '60', '54', '48', '70', '53', '40', '58', '62', '50', '39', '77', '59', '56', '57', '61', '63', '67', '64', '65', '68', '66', '69', '72', '73', '80', '85', '81', '74', '71', '79', '75', '76', '78', '83', '84', '86', '88', '89']"
106,1436,1.7327300150829563,32605,1387,971,718.8663650075415,"[1, 2, 0, 2, 2, 2, 2, 0, 0, 0, 2, 2, 2, 0, 2, 1, 0, 0, 1, 0, 1, 0, 0, 3, 0, 1, 1, 1, 3, 0, 0, 3, 2, 0, 0, 1, 3, 2, 3, 1, 3, 0, 2, 1, 1, 0, 3, 2, 2, 2, 3, 3, 3, 1, 2, 0, 2, 2, 3, 2, 3, 2, 0, 3, 1, 3, 3, 2, 2, 3, 3, 3, 0, 1, 2, 1, 1, 3, 2, 2, 1, 2, 0, 3, 2, 3, 2, 1, 2, 1]","['0', '2', '1', '4', '5', '11', '17', '12', '8', '10', '7', '3', '16', '6', '87', '13', '28', '14', '15', '19', '9', '29', '21', '36', '82', '30', '23', '26', '18', '35', '37', '45', '46', '44', '20', '53', '54', '43', '24', '32', '34', '22', '49', '41', '51', '33', '38', '70', '60', '27', '47', '52', '31', '59', '48', '40', '25', '42', '58', '39', '50', '62', '55', '57', '56', '61', '63', '67', '64', '68', '77', '72', '73', '65', '66', '80', '74', '69', '79', '81', '71', '75', '85', '76', '78', '83', '84', '86', '88', '89']"
107,1490,1.7529411764705882,33870,1453,1038,745.8764705882353,"[0, 1, 2, 3, 3, 0, 0, 2, 2, 1, 2, 3, 2, 0, 1, 3, 2, 0, 0, 1, 0, 2, 0, 1, 2, 0, 3, 0, 0, 1, 0, 0, 2, 2, 0, 1, 0, 2, 1, 3, 3, 1, 3, 1, 2, 0, 0, 1, 2, 2, 1, 3, 0, 2, 1, 0, 1, 3, 0, 1, 3, 3, 2, 1, 0, 2, 0, 1, 0, 0, 1, 3, 1, 2, 0, 1, 0, 1, 3, 3, 3, 3, 0, 1, 2, 0, 2, 2, 0, 3]","['0', '1', '8', '5', '11', '2', '12', '7', '4', '3', '16', '10', '17', '6', '9', '21', '37', '27', '22', '25', '24', '26', '18', '23', '15', '13', '14', '36', '35', '45', '38', '43', '19', '46', '54', '53', '30', '34', '29', '55', '87', '31', '28', '40', '50', '57', '39', '77', '44', '82', '20', '32', '33', '42', '49', '70', '41', '47', '51', '59', '52', '58', '62', '60', '61', '63', '48', '56', '67', '68', '64', '65', '66', '72', '73', '80', '79', '81', '69', '85', '71', '74', '75', '76', '78', '83', '84', '86', '88', '89']"
108,1449,1.6878276062900408,31506,1267,859,725.343913803145,"[2, 1, 2, 2, 3, 1, 1, 2, 0, 3, 3, 2, 1, 0, 2, 1, 2, 0, 0, 0, 3, 2, 2, 0, 3, 0, 0, 3, 1, 1, 2, 1, 2, 2, 1, 2, 2, 3, 0, 2, 2, 0, 0, 1, 2, 0, 0, 1, 1, 3, 3, 0, 1, 0, 0, 3, 1, 0, 2, 2, 0, 1, 0, 2, 3, 3, 0, 2, 1, 0, 2, 2, 0, 3, 2, 2, 2, 1, 1, 3, 0, 2, 0, 1, 1, 2, 1, 0, 1, 2]","['0', '1', '7', '2', '8', '17', '5', '16', '10', '3', '87', '11', '4', '6', '15', '12', '19', '13', '28', '14', '9', '18', '26', '30', '21', '34', '24', '36', '27', '20', '29', '25', '41', '37', '22', '33', '82', '35', '31', '23', '32', '45', '48', '39', '77', '54', '53', '38', '44', '55', '47', '49', '43', '42', '52', '51', '58', '40', '50', '60', '59', '62', '70', '57', '46', '56', '67', '68', '72', '74', '73', '80', '79', '85', '81', '61', '63', '64', '65', '66', '69', '71', '75', '76', '78', '83', '84', '86', '88', '89']"
109,1290,1.5212264150943395,31711,1370,897,645.7606132075472,"[1, 2, 3, 3, 1, 3, 2, 0, 3, 3, 3, 2, 1, 3, 0, 0, 0, 3, 1, 2, 1, 0, 1, 2, 1, 1, 2, 2, 2, 3, 1, 3, 0, 3, 3, 3, 0, 2, 3, 0, 3, 2, 2, 0, 1, 2, 1, 3, 1, 3, 3, 1, 2, 1, 2, 2, 2, 1, 0, 1, 1, 2, 0, 2, 3, 3, 3, 3, 3, 1, 2, 3, 1, 2, 2, 3, 0, 0, 2, 0, 0, 3, 3, 0, 1, 1, 0, 1, 1, 2]","['0', '2', '1', '5', '4', '7', '12', '10', '11', '3', '6', '17', '8', '13', '15', '14', '28', '19', '29', '82', '16', '9', '25', '26', '23', '30', '22', '87', '24', '18', '38', '21', '37', '34', '35', '20', '27', '46', '44', '43', '45', '31', '53', '33', '41', '32', '51', '59', '55', '49', '39', '40', '70', '58', '77', '62', '60', '50', '57', '36', '42', '61', '48', '54', '47', '52', '56', '67', '68', '63', '72', '74', '64', '65', '73', '79', '66', '69', '80', '81', '71', '75', '85', '76', '78', '83', '84', '86', '88', '89']"
110,1549,1.8407605466428996,34354,1512,1032,775.4203802733215,"[2, 1, 2, 2, 2, 3, 2, 1, 2, 3, 3, 0, 0, 0, 2, 2, 0, 1, 2, 2, 2, 1, 1, 0, 2, 2, 1, 3, 2, 3, 1, 0, 0, 3, 3, 2, 2, 1, 0, 1, 0, 1, 1, 0, 3, 1, 0, 2, 2, 1, 0, 3, 0, 2, 0, 0, 2, 0, 2, 2, 0, 3, 1, 2, 1, 2, 2, 2, 1, 1, 0, 0, 0, 2, 3, 2, 3, 3, 0, 3, 0, 0, 1, 1, 2, 3, 0, 2, 1, 1]","['0', '1', '7', '3', '2', '5', '12', '4', '6', '17', '13', '11', '10', '8', '16', '9', '23', '15', '87', '22', '27', '28', '38', '19', '30', '24', '21', '37', '25', '26', '31', '36', '34', '40', '14', '18', '39', '20', '32', '33', '29', '77', '49', '41', '82', '47', '42', '35', '50', '43', '46', '45', '51', '58', '59', '54', '70', '55', '53', '60', '57', '62', '44', '52', '48', '61', '56', '68', '72', '74', '73', '67', '63', '80', '81', '79', '85', '64', '65', '66', '69', '71', '75', '76', '78', '83', '84', '86', '88', '89']"
111,1462,1.7250737463126844,31763,1423,978,731.8625368731564,"[3, 3, 1, 1, 1, 1, 2, 3, 1, 2, 0, 3, 2, 1, 2, 3, 1, 1, 0, 2, 0, 0, 2, 2, 3, 0, 1, 3, 3, 0, 3, 1, 2, 2, 3, 1, 3, 0, 2, 3, 2, 1, 1, 3, 0, 2, 0, 1, 1, 2, 2, 2, 3, 1, 1, 2, 1, 0, 2, 1, 1, 2, 2, 0, 2, 1, 2, 2, 1, 1, 0, 0, 2, 1, 0, 1, 3, 2, 0, 2, 1, 0, 2, 0, 3, 3, 1, 0, 1, 2]","['0', '1', '5', '7', '4', '12', '3', '2', '6', '15', '14', '11', '8', '13', '9', '22', '27', '18', '24', '23', '25', '10', '28', '26', '38', '20', '21', '16', '17', '37', '33', '35', '44', '43', '19', '87', '36', '30', '45', '46', '55', '42', '34', '31', '54', '41', '32', '29', '82', '47', '49', '48', '39', '52', '51', '53', '40', '70', '77', '60', '58', '59', '50', '56', '57', '61', '63', '68', '64', '67', '72', '74', '73', '80', '79', '62', '81', '85', '65', '66', '69', '71', '75', '76', '78', '83', '84', '86', '88', '89']"
112,1350,1.6206482593037215,30785,1471,979,675.8103241296519,"[2, 1, 2, 0, 1, 3, 1, 2, 2, 1, 3, 3, 1, 1, 1, 1, 0, 0, 2, 3, 0, 0, 3, 3, 3, 2, 0, 3, 0, 1, 3, 1, 0, 1, 0, 2, 0, 1, 3, 2, 3, 1, 0, 0, 1, 2, 2, 1, 2, 1, 2, 0, 1, 0, 3, 3, 2, 2, 2, 0, 3, 3, 2, 2, 1, 1, 0, 1, 0, 3, 0, 1, 2, 0, 0, 2, 0, 3, 1, 3, 3, 1, 0, 3, 3, 3, 0, 3, 0, 3]","['0', '2', '17', '1', '8', '3', '5', '7', '12', '11', '16', '10', '4', '87', '6', '14', '13', '9', '25', '15', '26', '24', '18', '21', '36', '35', '44', '20', '28', '19', '43', '23', '29', '27', '33', '46', '34', '30', '42', '37', '22', '31', '45', '32', '82', '38', '53', '55', '49', '40', '39', '41', '50', '57', '48', '54', '51', '58', '62', '60', '61', '47', '52', '56', '70', '59', '68', '67', '77', '63', '72', '74', '64', '73', '80', '79', '85', '81', '65', '66', '69', '71', '75', '76', '78', '83', '84', '86', '88', '89']"
113,1376,1.608416130917592,30209,1272,923,688.8042080654589,"[2, 2, 1, 3, 1, 0, 1, 1, 3, 3, 3, 2, 0, 2, 3, 3, 1, 2, 0, 2, 3, 3, 3, 0, 2, 3, 0, 0, 0, 1, 1, 0, 2, 2, 3, 0, 2, 1, 1, 3, 1, 0, 0, 2, 3, 2, 1, 0, 1, 1, 0, 2, 3, 0, 3, 3, 3, 3, 3, 2, 0, 0, 1, 1, 1, 0, 2, 3, 2, 0, 3, 3, 3, 2, 0, 3, 0, 2, 1, 2, 2, 0, 0, 3, 3, 2, 1, 1, 2, 2]","['0', '1', '3', '2', '7', '17', '8', '5', '16', '12', '11', '4', '87', '10', '6', '14', '13', '9', '25', '24', '26', '23', '28', '21', '37', '36', '27', '34', '15', '35', '22', '38', '18', '44', '19', '20', '33', '46', '30', '29', '82', '32', '45', '43', '55', '54', '53', '42', '49', '70', '31', '41', '48', '39', '51', '60', '58', '62', '47', '59', '52', '40', '50', '56', '67', '77', '57', '61', '63', '64', '68', '65', '72', '74', '73', '66', '79', '80', '81', '85', '69', '71', '75', '76', '78', '83', '84', '86', '88', '89']"
114,1541,1.8416492381236929,31667,1490,1065,771.4208246190618,"[0, 2, 3, 3, 3, 2, 3, 0, 1, 3, 3, 3, 3, 2, 3, 2, 1, 0, 0, 2, 1, 3, 1, 1, 1, 3, 1, 2, 1, 1, 2, 2, 3, 3, 1, 2, 2, 3, 2, 3, 1, 2, 3, 0, 0, 1, 0, 2, 1, 1, 0, 3, 1, 2, 3, 3, 2, 1, 3, 3, 2, 3, 3, 1, 0, 0, 2, 3, 0, 0, 0, 3, 3, 0, 2, 0, 1, 2, 3, 3, 1, 1, 2, 2, 0, 1, 0, 3, 0, 0]","['0', '2', '1', '4', '8', '5', '7', '3', '17', '12', '16', '6', '15', '9', '22', '24', '14', '10', '19', '25', '21', '11', '87', '27', '23', '26', '36', '38', '35', '18', '13', '43', '46', '34', '44', '29', '45', '37', '55', '28', '54', '53', '30', '31', '82', '39', '20', '41', '48', '32', '33', '77', '42', '49', '47', '70', '51', '60', '59', '58', '52', '62', '40', '50', '57', '61', '63', '64', '65', '66', '56', '67', '69', '71', '68', '72', '75', '74', '76', '73', '78', '80', '81', '79', '85', '83', '84', '86', '88', '89']"
115,1422,1.7225923682616595,28453,1243,871,711.8612961841309,"[1, 1, 1, 0, 1, 0, 2, 1, 3, 1, 3, 3, 3, 1, 0, 0, 3, 1, 1, 2, 1, 1, 3, 2, 0, 3, 1, 1, 3, 0, 2, 0, 2, 1, 3, 2, 1, 3, 2, 3, 3, 0, 2, 2, 1, 2, 1, 1, 0, 0, 2, 1, 2, 1, 0, 3, 0, 3, 1, 0, 1, 2, 0, 0, 1, 3, 1, 0, 1, 3, 1, 1, 2, 3, 0, 3, 0, 1, 2, 2, 0, 1, 1, 3, 1, 3, 3, 2, 3, 1]","['0', '1', '8', '3', '7', '2', '16', '5', '87', '11', '4', '10', '6', '15', '17', '12', '14', '13', '19', '9', '29', '25', '23', '21', '37', '24', '34', '30', '82', '28', '36', '18', '20', '41', '32', '35', '26', '22', '49', '33', '43', '38', '70', '45', '42', '27', '31', '44', '48', '54', '46', '40', '50', '51', '47', '60', '58', '53', '39', '62', '59', '56', '57', '52', '67', '68', '77', '55', '61', '72', '63', '73', '74', '64', '79', '80', '85', '81', '65', '66', '69', '71', '75', '76', '78', '83', '84', '86', '88', '89']"
116,1414,1.6929063154744088,29452,1383,926,707.8464531577372,"[3, 0, 3, 2, 0, 2, 3, 2, 2, 1, 0, 1, 0, 2, 0, 3, 3, 2, 3, 3, 3, 2, 3, 0, 2, 1, 1, 1, 3, 3, 2, 0, 2, 2, 0, 2, 2, 3, 1, 1, 3, 0, 0, 2, 3, 1, 0, 0, 0, 2, 0, 0, 1, 3, 1, 0, 2, 3, 2, 0, 0, 2, 1, 2, 3, 0, 2, 1, 0, 2, 3, 0, 0, 1, 0, 3, 2, 0, 1, 2, 0, 1, 1, 3, 2, 1, 1, 0, 3, 2]","['0', '2', '1', '3', '7', '4', '5', '6', '11', '8', '10', '17', '14', '16', '87', '12', '13', '9', '28', '23', '25', '21', '22', '37', '34', '24', '15', '19', '29', '18', '82', '30', '38', '27', '35', '20', '33', '44', '32', '49', '45', '54', '70', '53', '55', '43', '36', '42', '41', '46', '48', '51', '58', '62', '47', '60', '52', '59', '26', '31', '40', '50', '39', '56', '57', '67', '61', '63', '77', '64', '68', '72', '65', '74', '73', '79', '80', '66', '85', '81', '69', '71', '75', '76', '78', '83', '84', '86', '88', '89']"
117,1444,1.7345345345345344,31416,1291,895,722.8672672672673,"[1, 2, 0, 0, 0, 2, 1, 2, 1, 3, 1, 3, 1, 2, 2, 1, 1, 2, 3, 0, 3, 0, 1, 1, 0, 0, 2, 1, 1, 3, 2, 1, 1, 2, 2, 1, 1, 3, 0, 3, 0, 3, 1, 0, 2, 1, 1, 0, 0, 3, 3, 2, 2, 3, 2, 3, 1, 0, 3, 0, 2, 2, 2, 0, 1, 0, 3, 2, 0, 2, 3, 0, 1, 1, 2, 3, 1, 2, 2, 2, 2, 2, 0, 0, 1, 1, 0, 3, 1, 3]","['0', '2', '1', '7', '8', '5', '10', '17', '3', '4', '11', '6', '13', '16', '12', '9', '27', '15', '24', '28', '21', '23', '18', '35', '25', '87', '19', '43', '36', '20', '26', '32', '46', '45', '22', '53', '34', '14', '55', '37', '29', '41', '54', '44', '38', '82', '30', '31', '48', '49', '39', '51', '60', '40', '77', '47', '59', '33', '52', '70', '50', '42', '58', '56', '62', '57', '68', '67', '61', '72', '73', '63', '64', '80', '65', '66', '81', '69', '79', '71', '74', '75', '76', '78', '83', '84', '85', '86', '88', '89']"
118,1298,1.542483660130719,33844,1467,1032,649.7712418300654,"[3, 1, 2, 0, 3, 0, 3, 3, 3, 2, 0, 1, 3, 3, 3, 2, 1, 3, 0, 2, 3, 0, 0, 2, 0, 2, 0, 2, 2, 1, 0, 0, 2, 3, 1, 2, 0, 1, 3, 3, 3, 3, 0, 3, 0, 2, 0, 3, 3, 1, 3, 0, 3, 0, 2, 0, 0, 2, 1, 1, 2, 3, 3, 2, 3, 1, 1, 1, 2, 3, 0, 2, 2, 1, 0, 0, 1, 1, 2, 1, 2, 3, 0, 2, 2, 0, 3, 0, 0, 0]","['0', '1', '7', '5', '12', '10', '2', '17', '8', '3', '4', '6', '14', '13', '9', '18', '16', '87', '22', '24', '15', '20', '32', '21', '33', '35', '25', '37', '49', '11', '23', '27', '46', '43', '28', '19', '30', '29', '34', '36', '45', '54', '55', '38', '44', '53', '82', '70', '41', '26', '48', '51', '59', '60', '42', '31', '40', '47', '50', '39', '52', '77', '56', '67', '57', '58', '62', '68', '61', '63', '72', '74', '73', '64', '79', '80', '85', '65', '66', '69', '81', '71', '75', '76', '78', '83', '84', '86', '88', '89']"
119,1739,2.098340874811463,32511,1317,946,870.5491704374057,"[2, 2, 0, 0, 0, 1, 0, 0, 1, 3, 2, 3, 3, 3, 2, 0, 1, 3, 0, 0, 0, 1, 0, 2, 1, 0, 3, 1, 2, 0, 2, 0, 0, 1, 1, 0, 2, 1, 1, 0, 0, 0, 2, 0, 2, 1, 0, 3, 1, 0, 3, 1, 1, 2, 3, 2, 0, 0, 1, 1, 2, 2, 2, 0, 1, 0, 2, 2, 1, 1, 3, 0, 2, 3, 0, 1, 0, 2, 0, 0, 2, 1, 3, 2, 2, 3, 0, 0, 1, 0]","['0', '2', '1', '8', '7', '5', '10', '17', '12', '16', '3', '11', '87', '4', '6', '13', '15', '9', '26', '14', '24', '19', '29', '21', '22', '28', '35', '23', '43', '38', '82', '27', '37', '30', '46', '36', '25', '31', '34', '18', '40', '44', '50', '45', '39', '57', '53', '20', '54', '55', '41', '32', '33', '42', '77', '49', '48', '47', '56', '67', '70', '51', '60', '59', '68', '61', '52', '63', '72', '58', '62', '64', '73', '79', '74', '65', '66', '80', '85', '81', '69', '71', '75', '76', '78', '83', '84', '86', '88', '89']"
120,1465,1.7260677466863035,33126,1411,948,733.3630338733432,"[2, 0, 2, 0, 1, 2, 2, 0, 0, 0, 3, 2, 1, 3, 1, 0, 1, 2, 1, 0, 2, 0, 1, 1, 0, 1, 2, 3, 1, 3, 0, 0, 1, 3, 3, 1, 3, 0, 0, 0, 3, 3, 2, 3, 2, 2, 1, 3, 1, 2, 0, 0, 3, 2, 1, 3, 2, 3, 3, 1, 2, 2, 1, 1, 0, 2, 2, 3, 0, 3, 0, 1, 0, 2, 1, 3, 3, 3, 3, 3, 2, 2, 0, 1, 3, 1, 3, 3, 0, 1]","['0', '1', '4', '5', '7', '12', '6', '8', '3', '15', '13', '9', '11', '14', '2', '18', '25', '16', '17', '27', '24', '26', '20', '22', '32', '23', '33', '19', '30', '38', '21', '34', '87', '41', '10', '47', '48', '35', '29', '82', '36', '45', '31', '28', '40', '46', '54', '37', '50', '56', '42', '55', '43', '49', '51', '70', '57', '44', '59', '60', '39', '61', '68', '72', '58', '77', '53', '63', '67', '62', '52', '64', '65', '66', '74', '69', '71', '75', '76', '73', '80', '78', '79', '81', '83', '85', '84', '86', '88', '89']"
121,1415,1.7110036275695284,30684,1346,953,708.3555018137847,"[1, 2, 3, 0, 0, 0, 1, 3, 0, 0, 2, 1, 3, 2, 1, 1, 1, 2, 3, 3, 2, 0, 3, 0, 2, 0, 3, 0, 0, 1, 3, 2, 3, 2, 3, 1, 0, 0, 1, 1, 1, 0, 0, 1, 0, 1, 2, 0, 0, 1, 2, 3, 3, 1, 1, 2, 3, 1, 0, 2, 2, 0, 3, 0, 1, 3, 2, 1, 3, 3, 3, 2, 1, 1, 0, 1, 0, 2, 0, 3, 3, 2, 2, 3, 1, 0, 2, 1, 1, 1]","['0', '2', '17', '1', '8', '5', '10', '3', '7', '4', '16', '12', '87', '11', '6', '9', '26', '24', '15', '13', '25', '18', '22', '20', '27', '23', '32', '33', '28', '14', '21', '35', '19', '29', '46', '30', '34', '44', '38', '82', '43', '45', '54', '53', '37', '41', '36', '42', '49', '55', '31', '48', '70', '51', '58', '39', '59', '40', '62', '60', '47', '77', '50', '52', '57', '56', '61', '67', '63', '68', '64', '65', '72', '74', '73', '66', '79', '80', '81', '85', '69', '71', '75', '76', '78', '83', '84', '86', '88', '89']"
122,1549,1.8462455303933254,30823,1421,1037,775.4231227651967,"[3, 2, 3, 1, 0, 1, 2, 1, 0, 3, 3, 3, 3, 0, 2, 2, 2, 0, 3, 2, 0, 3, 3, 2, 1, 0, 0, 3, 2, 1, 0, 3, 3, 0, 0, 0, 0, 2, 2, 1, 3, 3, 0, 1, 0, 2, 3, 2, 0, 1, 3, 0, 1, 3, 0, 3, 3, 0, 0, 0, 2, 0, 0, 2, 3, 3, 1, 1, 1, 0, 2, 2, 2, 0, 0, 2, 2, 2, 0, 0, 1, 1, 3, 0, 3, 2, 3, 3, 1, 2]","['0', '2', '1', '3', '5', '4', '12', '17', '8', '6', '15', '14', '19', '7', '16', '10', '87', '11', '29', '30', '13', '28', '9', '18', '20', '26', '33', '24', '21', '82', '32', '25', '37', '23', '36', '49', '22', '38', '34', '42', '27', '31', '40', '35', '45', '55', '54', '41', '43', '44', '46', '53', '70', '50', '48', '57', '56', '39', '51', '47', '58', '67', '59', '68', '77', '62', '52', '60', '61', '72', '73', '74', '79', '80', '63', '85', '81', '64', '65', '66', '69', '71', '75', '76', '78', '83', '84', '86', '88', '89']"
123,1332,1.6130790190735695,27773,1275,859,666.8065395095368,"[3, 1, 2, 3, 1, 3, 1, 2, 1, 3, 1, 3, 3, 0, 1, 3, 3, 3, 3, 0, 1, 3, 0, 3, 0, 2, 0, 2, 2, 1, 1, 3, 1, 0, 3, 0, 0, 2, 3, 3, 1, 1, 2, 1, 2, 1, 0, 1, 1, 0, 3, 2, 1, 3, 1, 2, 0, 3, 1, 2, 2, 2, 3, 3, 2, 3, 1, 2, 1, 0, 3, 1, 0, 3, 0, 0, 0, 1, 2, 3, 2, 1, 2, 3, 3, 0, 2, 1, 2, 0]","['0', '2', '17', '1', '5', '4', '3', '11', '12', '8', '10', '7', '6', '15', '19', '14', '9', '26', '18', '27', '21', '36', '20', '25', '33', '37', '35', '16', '23', '22', '43', '30', '31', '44', '34', '32', '24', '45', '13', '54', '40', '87', '42', '55', '49', '29', '41', '47', '39', '51', '52', '58', '46', '59', '77', '70', '60', '50', '57', '28', '61', '53', '82', '38', '48', '63', '56', '64', '68', '67', '72', '74', '62', '65', '66', '73', '80', '79', '85', '81', '69', '71', '75', '76', '78', '83', '84', '86', '88', '89']"
124,1480,1.7229336437718277,31939,1435,969,740.8614668218859,"[2, 1, 1, 3, 1, 0, 0, 0, 1, 2, 3, 2, 0, 1, 3, 2, 0, 0, 3, 0, 2, 0, 1, 1, 2, 3, 2, 0, 3, 2, 2, 1, 0, 1, 2, 0, 0, 0, 3, 2, 2, 0, 3, 2, 3, 3, 2, 2, 2, 0, 2, 2, 1, 2, 0, 1, 1, 0, 1, 0, 3, 0, 2, 3, 1, 0, 0, 2, 2, 1, 2, 3, 1, 2, 1, 2, 1, 0, 2, 1, 2, 3, 3, 3, 3, 0, 0, 2, 3, 3]","['0', '1', '2', '17', '5', '4', '6', '9', '27', '15', '10', '8', '18', '21', '14', '35', '25', '34', '12', '26', '37', '36', '19', '46', '30', '11', '3', '22', '23', '44', '43', '38', '13', '29', '20', '82', '33', '32', '31', '28', '24', '39', '42', '40', '7', '41', '50', '48', '56', '68', '67', '77', '16', '45', '51', '59', '87', '47', '53', '55', '49', '60', '70', '52', '58', '72', '73', '62', '79', '54', '74', '57', '61', '63', '64', '80', '65', '85', '81', '66', '69', '71', '75', '76', '78', '83', '84', '86', '88', '89']"
125,1286,1.5255041518386714,30119,1569,1068,643.7627520759194,"[1, 1, 3, 3, 0, 0, 3, 2, 3, 2, 1, 2, 3, 3, 0, 0, 3, 1, 2, 1, 0, 3, 3, 1, 1, 2, 0, 3, 3, 0, 0, 1, 1, 3, 0, 1, 3, 0, 0, 2, 2, 2, 0, 3, 1, 0, 3, 0, 1, 2, 3, 0, 3, 1, 1, 1, 0, 2, 3, 1, 0, 2, 3, 1, 1, 2, 2, 3, 2, 1, 0, 3, 1, 3, 2, 2, 3, 2, 0, 3, 0, 3, 0, 1, 3, 1, 0, 2, 1, 1]","['0', '1', '2', '8', '4', '5', '12', '7', '3', '10', '11', '17', '6', '9', '13', '23', '22', '21', '37', '18', '14', '24', '26', '15', '28', '35', '43', '19', '30', '34', '20', '38', '25', '46', '27', '44', '36', '45', '33', '42', '54', '31', '16', '40', '87', '32', '29', '49', '41', '47', '52', '70', '51', '60', '82', '59', '48', '53', '50', '56', '67', '58', '62', '68', '55', '72', '74', '39', '73', '80', '77', '85', '81', '79', '57', '61', '63', '64', '65', '66', '69', '71', '75', '76', '78', '83', '84', '86', '88', '89']"
126,1424,1.6917136917136917,30904,1396,1024,712.8458568458568,"[1, 1, 2, 1, 1, 3, 2, 2, 0, 0, 3, 3, 3, 0, 0, 3, 2, 3, 0, 3, 0, 2, 3, 0, 3, 0, 3, 3, 2, 3, 0, 0, 2, 0, 1, 1, 0, 3, 1, 1, 2, 3, 0, 1, 3, 2, 1, 3, 0, 2, 0, 0, 2, 3, 2, 1, 2, 0, 0, 2, 2, 0, 2, 2, 1, 3, 0, 2, 1, 0, 0, 3, 2, 1, 3, 2, 0, 2, 2, 0, 1, 2, 0, 2, 0, 0, 0, 2, 3, 0]","['0', '2', '17', '1', '8', '5', '10', '12', '4', '6', '14', '13', '28', '3', '7', '16', '9', '23', '11', '21', '25', '24', '18', '27', '37', '22', '38', '87', '36', '35', '26', '45', '44', '34', '20', '54', '43', '33', '42', '53', '46', '32', '15', '41', '47', '55', '52', '51', '59', '58', '62', '48', '49', '19', '30', '70', '60', '29', '31', '39', '77', '82', '40', '50', '57', '61', '56', '67', '63', '64', '68', '65', '72', '74', '73', '80', '79', '66', '81', '85', '69', '71', '75', '76', '78', '83', '84', '86', '88', '89']"
127,1484,1.752583407144966,31763,1384,978,742.8762917035725,"[2, 3, 1, 2, 3, 3, 3, 3, 0, 0, 0, 0, 2, 3, 3, 3, 3, 2, 3, 0, 3, 2, 2, 3, 1, 0, 2, 3, 3, 1, 3, 3, 0, 1, 3, 3, 2, 1, 2, 1, 3, 0, 0, 2, 3, 1, 3, 3, 3, 0, 2, 0, 3, 1, 3, 0, 2, 0, 2, 2, 1, 2, 0, 2, 0, 2, 0, 0, 0, 0, 0, 1, 2, 2, 3, 0, 3, 0, 3, 3, 2, 1, 0, 1, 0, 2, 0, 0, 2, 0]","['0', '1', '7', '5', '3', '12', '2', '11', '4', '17', '8', '16', '87', '6', '9', '18', '21', '35', '36', '15', '26', '23', '27', '25', '10', '44', '43', '34', '14', '46', '37', '22', '24', '38', '13', '45', '55', '20', '53', '41', '54', '33', '32', '49', '19', '30', '31', '29', '70', '51', '59', '28', '47', '40', '39', '52', '42', '58', '77', '50', '57', '62', '60', '82', '48', '61', '63', '56', '68', '64', '65', '67', '72', '66', '69', '73', '74', '79', '71', '80', '81', '85', '75', '76', '78', '83', '84', '86', '88', '89']"
128,1226,1.4427772874374816,30849,1320,967,613.7213886437188,"[0, 1, 3, 1, 0, 1, 2, 1, 0, 2, 2, 0, 1, 1, 1, 3, 1, 0, 3, 3, 0, 2, 3, 0, 0, 2, 3, 3, 1, 3, 3, 1, 1, 2, 2, 3, 0, 3, 0, 0, 3, 0, 3, 2, 2, 2, 3, 1, 3, 0, 3, 2, 1, 0, 0, 3, 1, 2, 3, 0, 2, 0, 3, 0, 1, 3, 2, 0, 0, 1, 2, 3, 2, 0, 2, 1, 0, 1, 1, 1, 1, 2, 2, 1, 2, 0, 3, 2, 0, 2]","['0', '1', '8', '5', '4', '3', '7', '11', '6', '14', '9', '15', '2', '17', '13', '23', '24', '27', '21', '26', '10', '37', '36', '34', '18', '25', '28', '16', '22', '35', '12', '46', '43', '38', '44', '19', '29', '82', '45', '54', '53', '55', '30', '20', '31', '40', '41', '51', '47', '48', '60', '39', '87', '77', '32', '58', '59', '33', '42', '52', '49', '50', '57', '61', '56', '67', '68', '62', '63', '64', '72', '73', '80', '79', '81', '85', '74', '70', '65', '66', '69', '71', '75', '76', '78', '83', '84', '86', '88', '89']"
129,1561,1.880722891566265,32371,1527,1083,781.4403614457831,"[2, 2, 3, 3, 2, 3, 2, 2, 0, 3, 0, 0, 1, 2, 2, 2, 1, 1, 1, 0, 3, 1, 0, 2, 2, 3, 3, 3, 2, 1, 2, 0, 2, 2, 1, 2, 3, 2, 2, 2, 1, 3, 0, 0, 3, 1, 0, 0, 0, 3, 1, 3, 1, 0, 1, 3, 2, 1, 3, 1, 0, 1, 2, 0, 2, 3, 3, 3, 3, 1, 0, 3, 1, 0, 0, 2, 2, 3, 0, 2, 0, 3, 0, 2, 3, 0, 0, 1, 0, 2]","['0', '2', '17', '1', '8', '4', '5', '7', '16', '12', '11', '6', '14', '15', '3', '9', '87', '18', '21', '22', '25', '10', '37', '36', '34', '13', '27', '20', '35', '46', '44', '19', '30', '29', '43', '45', '33', '24', '28', '42', '26', '23', '53', '54', '55', '41', '32', '51', '59', '82', '49', '47', '52', '60', '48', '58', '62', '31', '40', '38', '50', '56', '39', '70', '68', '77', '67', '72', '73', '74', '57', '79', '80', '61', '63', '81', '85', '64', '65', '66', '69', '71', '75', '76', '78', '83', '84', '86', '88', '89']"
130,1815,2.1415929203539825,31533,1344,908,908.570796460177,"[2, 1, 2, 1, 0, 1, 1, 1, 2, 1, 0, 2, 2, 2, 1, 1, 1, 3, 1, 3, 3, 1, 1, 2, 1, 2, 1, 2, 0, 2, 2, 0, 1, 0, 3, 2, 2, 3, 0, 1, 3, 2, 1, 0, 2, 2, 1, 1, 3, 1, 0, 0, 2, 0, 2, 2, 0, 1, 3, 2, 1, 2, 0, 0, 2, 2, 0, 2, 0, 2, 0, 0, 1, 1, 3, 3, 2, 2, 1, 3, 2, 2, 1, 1, 3, 3, 3, 3, 2, 3]","['0', '2', '17', '1', '3', '8', '4', '7', '16', '5', '87', '12', '10', '11', '6', '9', '13', '24', '28', '15', '18', '19', '14', '21', '37', '34', '36', '26', '22', '27', '29', '23', '20', '25', '33', '38', '32', '49', '42', '35', '70', '82', '30', '45', '54', '53', '44', '31', '41', '39', '40', '55', '48', '43', '51', '46', '77', '58', '60', '50', '56', '62', '68', '57', '72', '59', '73', '79', '47', '52', '61', '67', '74', '63', '64', '65', '66', '69', '80', '71', '81', '75', '85', '76', '78', '83', '84', '86', '88', '89']"
131,1398,1.6456739258387287,30742,1341,954,699.8228369629194,"[1, 0, 1, 1, 1, 0, 2, 0, 2, 1, 1, 3, 2, 0, 0, 1, 3, 2, 0, 3, 0, 0, 0, 0, 2, 2, 2, 2, 2, 0, 3, 0, 3, 3, 3, 0, 1, 2, 3, 0, 2, 3, 2, 2, 3, 3, 3, 1, 0, 0, 2, 3, 1, 0, 1, 2, 3, 3, 3, 1, 3, 3, 0, 3, 1, 1, 1, 3, 0, 1, 3, 2, 2, 3, 3, 2, 3, 1, 1, 2, 2, 3, 1, 2, 0, 1, 2, 0, 1, 1]","['0', '1', '8', '7', '5', '4', '2', '6', '14', '10', '3', '16', '17', '13', '28', '12', '11', '15', '9', '19', '87', '18', '30', '22', '27', '21', '24', '37', '25', '20', '32', '26', '33', '31', '35', '46', '36', '45', '23', '43', '49', '40', '42', '39', '54', '34', '29', '53', '82', '50', '41', '77', '55', '48', '57', '70', '51', '59', '38', '60', '44', '56', '67', '68', '61', '63', '64', '47', '52', '72', '74', '73', '58', '80', '79', '81', '62', '85', '65', '66', '69', '71', '75', '76', '78', '83', '84', '86', '88', '89']"
132,1428,1.7559176145096833,32436,1435,968,714.8779588072548,"[0, 1, 1, 0, 0, 1, 0, 3, 3, 2, 1, 2, 3, 3, 0, 3, 2, 3, 2, 3, 1, 0, 1, 1, 0, 1, 3, 2, 1, 1, 2, 1, 2, 2, 1, 0, 1, 3, 0, 1, 0, 0, 2, 0, 1, 1, 1, 1, 0, 0, 3, 1, 2, 3, 2, 1, 1, 3, 0, 2, 1, 0, 3, 3, 2, 2, 1, 2, 1, 3, 2, 3, 0, 1, 0, 1, 0, 3, 2, 1, 2, 1, 3, 3, 3, 0, 3, 2, 3, 1]","['0', '2', '1', '5', '4', '17', '8', '10', '6', '11', '7', '15', '13', '28', '9', '18', '23', '27', '24', '25', '14', '3', '20', '21', '33', '22', '37', '38', '35', '36', '44', '43', '34', '26', '32', '16', '49', '12', '19', '70', '87', '42', '45', '55', '54', '41', '51', '46', '48', '29', '47', '82', '53', '52', '30', '59', '58', '31', '39', '77', '40', '60', '62', '50', '56', '68', '67', '72', '57', '73', '61', '79', '80', '63', '74', '85', '81', '64', '65', '66', '69', '71', '75', '76', '78', '83', '84', '86', '88', '89']"
133,1322,1.6033959975742875,29682,1260,887,661.8016979987872,"[2, 3, 3, 3, 0, 1, 3, 0, 0, 1, 2, 0, 3, 3, 0, 1, 3, 1, 3, 1, 3, 3, 1, 1, 2, 2, 2, 1, 2, 1, 2, 1, 0, 0, 1, 2, 0, 2, 0, 2, 3, 0, 2, 0, 0, 3, 1, 3, 3, 0, 1, 3, 3, 2, 3, 0, 3, 3, 3, 1, 2, 1, 3, 0, 0, 1, 0, 1, 1, 2, 1, 2, 2, 0, 0, 1, 1, 2, 3, 3, 2, 2, 3, 0, 3, 0, 3, 3, 0, 1]","['0', '1', '7', '4', '2', '8', '6', '3', '5', '12', '13', '10', '14', '9', '17', '15', '21', '24', '34', '11', '27', '23', '26', '18', '35', '16', '22', '19', '20', '25', '43', '46', '41', '87', '29', '32', '47', '51', '30', '36', '60', '33', '45', '31', '44', '37', '40', '48', '59', '28', '38', '54', '50', '58', '82', '52', '53', '62', '39', '57', '55', '61', '42', '56', '49', '63', '77', '67', '64', '65', '70', '68', '72', '66', '73', '69', '71', '74', '75', '80', '76', '79', '78', '81', '83', '85', '84', '86', '88', '89']"
134,1560,1.9030192131747483,32574,1445,1063,780.9515096065874,"[3, 0, 2, 0, 2, 0, 1, 2, 3, 0, 1, 3, 3, 0, 2, 1, 2, 2, 3, 0, 1, 2, 1, 2, 2, 0, 1, 0, 3, 0, 0, 3, 1, 3, 3, 2, 3, 2, 3, 1, 1, 1, 1, 3, 2, 2, 2, 3, 2, 2, 0, 0, 3, 3, 2, 2, 2, 3, 0, 2, 1, 2, 3, 2, 3, 3, 0, 0, 3, 2, 3, 0, 2, 3, 3, 2, 3, 1, 0, 0, 2, 3, 0, 1, 2, 1, 1, 3, 3, 1]","['0', '1', '4', '8', '5', '11', '3', '12', '7', '6', '9', '22', '25', '21', '15', '24', '27', '13', '35', '26', '18', '34', '44', '45', '14', '36', '2', '17', '37', '55', '54', '53', '23', '10', '19', '43', '46', '30', '31', '39', '77', '40', '28', '50', '38', '57', '16', '87', '20', '29', '32', '41', '49', '33', '48', '42', '70', '56', '82', '67', '47', '68', '52', '51', '60', '58', '72', '61', '73', '59', '63', '64', '79', '74', '62', '80', '65', '81', '66', '69', '71', '85', '75', '76', '78', '83', '84', '86', '88', '89']"
135,1475,1.7476303317535544,34354,1517,1039,738.3738151658767,"[0, 0, 1, 1, 2, 0, 1, 0, 0, 2, 1, 3, 2, 3, 1, 0, 0, 3, 1, 0, 0, 3, 3, 3, 1, 0, 2, 0, 0, 3, 3, 3, 1, 1, 2, 3, 1, 3, 0, 1, 1, 1, 2, 3, 0, 0, 2, 2, 3, 3, 1, 3, 0, 2, 2, 2, 3, 1, 2, 1, 0, 3, 2, 2, 0, 1, 3, 2, 0, 1, 0, 3, 0, 0, 0, 2, 0, 0, 1, 1, 0, 0, 3, 1, 2, 1, 1, 1, 0, 0]","['0', '2', '17', '1', '7', '5', '12', '8', '4', '11', '10', '3', '6', '14', '16', '87', '13', '9', '27', '25', '23', '28', '21', '36', '18', '35', '43', '46', '45', '37', '20', '32', '49', '22', '38', '53', '55', '33', '24', '26', '42', '54', '44', '70', '15', '19', '29', '34', '41', '48', '30', '47', '51', '52', '59', '60', '31', '39', '82', '40', '50', '77', '58', '57', '61', '62', '63', '64', '65', '56', '68', '72', '74', '73', '67', '79', '80', '81', '85', '66', '69', '71', '75', '76', '78', '83', '84', '86', '88', '89']"
136,1742,2.0356412503651766,31342,1450,1045,872.0178206251826,"[2, 3, 2, 3, 1, 0, 1, 3, 2, 2, 2, 3, 0, 1, 0, 1, 3, 2, 2, 3, 0, 2, 2, 0, 2, 1, 2, 0, 2, 3, 1, 1, 1, 0, 2, 2, 3, 3, 2, 1, 1, 3, 1, 1, 2, 2, 3, 3, 1, 0, 1, 3, 3, 2, 1, 2, 0, 1, 2, 2, 0, 1, 2, 1, 0, 2, 3, 2, 0, 1, 2, 1, 2, 2, 2, 0, 1, 0, 1, 2, 2, 2, 3, 3, 0, 2, 1, 2, 1, 2]","['0', '1', '4', '7', '8', '3', '5', '10', '12', '11', '2', '6', '14', '17', '9', '23', '26', '25', '22', '38', '21', '36', '27', '34', '37', '24', '15', '18', '20', '32', '16', '19', '35', '46', '13', '29', '82', '44', '87', '30', '43', '41', '28', '33', '31', '39', '49', '45', '53', '70', '40', '51', '60', '55', '42', '77', '48', '54', '59', '47', '58', '52', '62', '50', '56', '68', '67', '57', '61', '63', '64', '72', '74', '73', '65', '66', '69', '80', '81', '85', '71', '75', '79', '76', '78', '83', '84', '86', '88', '89']"
137,1703,1.9836924868957484,31657,1309,917,852.4918462434479,"[1, 2, 1, 2, 3, 3, 3, 1, 3, 2, 3, 1, 3, 1, 1, 1, 1, 0, 3, 1, 0, 3, 0, 0, 1, 3, 2, 1, 1, 2, 0, 2, 0, 0, 2, 0, 3, 3, 1, 1, 1, 0, 1, 3, 1, 1, 2, 1, 1, 3, 3, 2, 1, 2, 0, 1, 2, 1, 1, 0, 1, 1, 0, 0, 3, 2, 3, 0, 0, 0, 0, 1, 1, 0, 0, 2, 0, 2, 3, 3, 1, 1, 3, 2, 0, 1, 3, 1, 3, 3]","['0', '2', '1', '17', '7', '3', '8', '5', '12', '4', '11', '10', '16', '87', '6', '13', '28', '9', '26', '24', '27', '22', '21', '18', '35', '36', '25', '37', '14', '15', '20', '46', '23', '43', '44', '34', '33', '45', '41', '47', '19', '32', '54', '49', '53', '42', '51', '70', '60', '48', '55', '30', '59', '29', '52', '31', '39', '77', '82', '58', '38', '62', '40', '50', '57', '61', '63', '64', '65', '56', '66', '68', '67', '69', '72', '74', '71', '73', '79', '80', '85', '75', '81', '76', '78', '83', '84', '86', '88', '89']"
138,1520,1.842982722036981,31331,1291,868,760.9214913610185,"[3, 0, 2, 1, 0, 3, 1, 2, 0, 1, 3, 2, 0, 1, 0, 2, 2, 0, 0, 2, 0, 3, 2, 0, 1, 1, 0, 0, 0, 3, 3, 3, 3, 1, 1, 0, 0, 0, 0, 2, 0, 0, 0, 0, 2, 0, 3, 1, 1, 0, 0, 0, 1, 3, 2, 2, 2, 3, 3, 1, 3, 3, 3, 2, 0, 0, 1, 0, 2, 3, 1, 0, 1, 0, 0, 1, 2, 2, 1, 1, 3, 3, 3, 1, 2, 2, 2, 2, 2, 0]","['0', '1', '8', '2', '3', '5', '10', '11', '17', '7', '4', '12', '6', '14', '13', '16', '9', '22', '26', '25', '28', '24', '23', '21', '18', '36', '15', '37', '27', '19', '20', '32', '29', '34', '87', '82', '35', '33', '49', '43', '42', '70', '44', '45', '38', '30', '41', '46', '48', '51', '59', '54', '31', '58', '55', '60', '40', '47', '52', '53', '39', '77', '62', '50', '56', '57', '61', '68', '72', '63', '67', '73', '79', '64', '65', '74', '80', '81', '66', '85', '69', '71', '75', '76', '78', '83', '84', '86', '88', '89']"
139,1479,1.723274104281969,31610,1363,960,740.361637052141,"[0, 1, 1, 3, 1, 0, 2, 0, 3, 2, 3, 1, 3, 2, 1, 1, 1, 1, 3, 1, 2, 1, 0, 1, 1, 1, 1, 3, 1, 0, 1, 0, 3, 0, 0, 0, 2, 0, 0, 2, 0, 2, 3, 3, 0, 2, 3, 1, 0, 1, 1, 3, 0, 1, 1, 3, 1, 1, 3, 3, 0, 2, 3, 2, 1, 3, 1, 0, 0, 0, 2, 3, 0, 3, 1, 1, 2, 1, 3, 0, 1, 0, 3, 0, 0, 2, 2, 1, 1, 0]","['0', '2', '17', '1', '5', '12', '8', '3', '11', '10', '4', '6', '15', '14', '13', '19', '7', '28', '29', '30', '16', '9', '21', '37', '23', '87', '22', '82', '38', '18', '24', '26', '35', '34', '25', '46', '43', '36', '27', '45', '54', '44', '20', '55', '32', '41', '31', '47', '53', '51', '60', '52', '33', '39', '42', '49', '77', '58', '62', '48', '40', '50', '56', '68', '57', '72', '67', '70', '74', '59', '61', '73', '80', '79', '63', '64', '65', '81', '66', '69', '71', '85', '75', '76', '78', '83', '84', '86', '88', '89']"
140,1508,1.8251134644478064,30243,1455,1026,754.912556732224,"[3, 3, 3, 3, 1, 1, 3, 1, 3, 1, 2, 0, 3, 0, 1, 3, 1, 3, 0, 1, 0, 1, 3, 3, 1, 3, 0, 1, 1, 1, 3, 2, 3, 3, 3, 2, 2, 0, 2, 1, 1, 3, 3, 0, 1, 3, 3, 2, 2, 2, 0, 3, 3, 2, 1, 3, 3, 0, 0, 0, 1, 2, 0, 1, 1, 3, 2, 1, 0, 1, 3, 0, 3, 0, 1, 1, 2, 1, 0, 2, 0, 3, 3, 0, 2, 3, 0, 2, 1, 0]","['0', '1', '3', '5', '4', '10', '12', '8', '11', '7', '6', '13', '15', '2', '28', '16', '9', '17', '26', '23', '87', '18', '27', '25', '22', '24', '14', '38', '20', '21', '33', '34', '19', '41', '47', '37', '48', '30', '35', '31', '43', '29', '36', '46', '45', '51', '54', '59', '82', '42', '32', '53', '58', '40', '44', '60', '55', '50', '62', '49', '52', '57', '61', '56', '63', '70', '64', '39', '77', '65', '67', '68', '72', '73', '66', '79', '74', '69', '80', '85', '71', '81', '75', '76', '78', '83', '84', '86', '88', '89']"
141,1609,1.9013293943870015,33094,1568,1047,805.4506646971935,"[0, 0, 1, 1, 1, 0, 0, 2, 1, 3, 2, 3, 2, 0, 2, 2, 3, 0, 0, 2, 0, 0, 0, 1, 0, 2, 1, 1, 2, 0, 1, 2, 1, 0, 1, 2, 3, 0, 1, 2, 3, 3, 1, 1, 0, 0, 1, 1, 0, 0, 3, 2, 2, 0, 3, 1, 0, 3, 1, 3, 2, 3, 1, 0, 0, 2, 0, 2, 0, 3, 0, 1, 3, 1, 1, 1, 3, 3, 1, 1, 2, 1, 1, 2, 0, 2, 0, 2, 0, 2]","['0', '2', '17', '1', '3', '7', '5', '8', '11', '12', '16', '10', '4', '6', '9', '26', '15', '19', '30', '18', '24', '14', '22', '25', '29', '27', '87', '20', '13', '32', '31', '33', '21', '36', '82', '40', '42', '37', '39', '77', '34', '41', '47', '28', '48', '50', '35', '43', '46', '44', '57', '45', '51', '52', '59', '58', '49', '53', '23', '55', '56', '68', '70', '62', '72', '60', '61', '54', '63', '73', '80', '79', '81', '64', '67', '85', '74', '65', '38', '66', '69', '71', '75', '76', '78', '83', '84', '86', '88', '89']"
142,1570,1.8774289985052317,31868,1379,1012,785.9387144992526,"[0, 3, 0, 2, 3, 1, 1, 0, 2, 3, 2, 3, 1, 0, 2, 1, 0, 2, 3, 3, 0, 0, 2, 2, 3, 1, 0, 1, 2, 0, 0, 3, 0, 0, 0, 3, 3, 1, 0, 0, 2, 2, 0, 0, 1, 2, 0, 3, 0, 2, 3, 3, 1, 2, 3, 0, 2, 1, 3, 0, 0, 0, 2, 2, 0, 2, 3, 1, 1, 2, 3, 1, 3, 1, 1, 3, 2, 2, 2, 2, 3, 3, 0, 0, 1, 1, 0, 1, 0, 3]","['0', '1', '3', '4', '6', '8', '13', '2', '14', '5', '7', '17', '9', '11', '16', '87', '27', '24', '10', '28', '25', '15', '12', '26', '18', '23', '19', '20', '29', '22', '82', '30', '21', '32', '33', '34', '31', '41', '37', '40', '49', '48', '38', '70', '35', '39', '77', '43', '45', '36', '47', '46', '50', '55', '53', '54', '44', '42', '51', '57', '60', '56', '68', '52', '59', '72', '61', '73', '63', '80', '64', '67', '74', '85', '79', '58', '81', '62', '65', '66', '69', '71', '75', '76', '78', '83', '84', '86', '88', '89']"
143,1399,1.6679582712369598,33040,1494,1091,700.3339791356185,"[1, 0, 1, 2, 2, 3, 2, 3, 2, 2, 3, 3, 3, 2, 1, 3, 2, 3, 0, 0, 3, 1, 0, 2, 3, 3, 3, 2, 2, 2, 3, 1, 0, 1, 2, 2, 3, 3, 2, 0, 1, 0, 1, 1, 3, 2, 0, 3, 2, 2, 1, 0, 2, 1, 1, 3, 2, 1, 1, 0, 3, 2, 2, 2, 0, 1, 3, 3, 0, 3, 1, 1, 2, 0, 3, 3, 0, 2, 0, 2, 0, 3, 3, 3, 0, 2, 1, 2, 0, 2]","['0', '1', '5', '8', '12', '3', '4', '2', '11', '6', '7', '15', '14', '17', '16', '10', '9', '21', '25', '18', '19', '24', '29', '26', '13', '23', '37', '87', '20', '34', '27', '33', '30', '36', '35', '44', '28', '45', '41', '54', '55', '47', '22', '43', '38', '42', '46', '48', '32', '49', '70', '52', '31', '53', '40', '39', '77', '82', '51', '59', '50', '57', '56', '60', '58', '68', '62', '72', '61', '63', '64', '67', '65', '66', '69', '73', '74', '79', '80', '71', '81', '75', '76', '78', '85', '83', '84', '86', '88', '89']"
144,1448,1.728955223880597,32684,1430,1001,724.8644776119403,"[3, 0, 1, 0, 0, 1, 0, 0, 0, 0, 3, 3, 0, 0, 0, 1, 3, 3, 3, 2, 2, 2, 1, 3, 2, 1, 2, 1, 1, 1, 2, 0, 0, 3, 0, 3, 1, 3, 3, 3, 1, 2, 3, 1, 0, 1, 1, 0, 3, 2, 0, 1, 2, 1, 1, 1, 2, 2, 3, 1, 1, 1, 3, 0, 0, 0, 3, 0, 1, 2, 0, 1, 0, 0, 2, 3, 3, 0, 3, 2, 2, 2, 3, 2, 3, 1, 1, 0, 2, 0]","['0', '1', '4', '5', '11', '7', '6', '14', '15', '8', '3', '10', '13', '28', '2', '16', '9', '24', '25', '87', '21', '26', '17', '36', '23', '22', '35', '38', '46', '44', '45', '55', '18', '43', '20', '12', '53', '32', '37', '27', '34', '49', '41', '70', '19', '30', '54', '51', '60', '33', '47', '48', '29', '58', '42', '82', '31', '62', '52', '59', '39', '77', '40', '50', '57', '56', '61', '63', '68', '72', '67', '64', '73', '65', '74', '79', '66', '69', '80', '85', '71', '81', '75', '76', '78', '83', '84', '86', '88', '89']"
145,1550,1.8568433662773285,30322,1445,959,775.9284216831387,"[0, 2, 1, 1, 0, 0, 3, 0, 2, 1, 0, 1, 0, 2, 3, 3, 3, 0, 3, 2, 0, 0, 0, 2, 2, 3, 1, 0, 0, 2, 3, 3, 2, 1, 3, 1, 0, 3, 2, 3, 0, 3, 1, 1, 0, 1, 0, 0, 3, 1, 3, 0, 3, 1, 1, 3, 2, 2, 2, 2, 3, 3, 3, 0, 2, 3, 1, 3, 3, 2, 3, 0, 1, 0, 2, 3, 0, 2, 0, 3, 3, 1, 2, 2, 3, 0, 1, 3, 3, 0]","['0', '2', '1', '4', '6', '15', '3', '17', '14', '5', '10', '7', '13', '9', '24', '23', '11', '25', '28', '18', '27', '8', '20', '33', '26', '16', '87', '22', '21', '37', '35', '45', '12', '38', '53', '46', '55', '19', '43', '29', '82', '36', '54', '32', '34', '49', '41', '44', '30', '31', '51', '42', '70', '40', '50', '59', '39', '47', '77', '57', '60', '48', '61', '56', '68', '52', '72', '74', '63', '58', '62', '67', '64', '65', '66', '73', '80', '81', '69', '85', '71', '75', '79', '76', '78', '83', '84', '86', '88', '89']"
146,1474,1.8119237861094037,30980,1433,1046,737.9059618930547,"[1, 0, 3, 2, 0, 1, 2, 3, 0, 0, 0, 3, 1, 3, 0, 3, 0, 1, 1, 0, 1, 3, 1, 0, 1, 2, 1, 3, 2, 3, 1, 1, 0, 1, 1, 2, 1, 2, 2, 1, 2, 2, 1, 3, 1, 2, 0, 2, 3, 1, 2, 3, 1, 2, 3, 3, 1, 2, 0, 3, 3, 0, 0, 0, 1, 0, 1, 1, 2, 2, 2, 1, 1, 3, 3, 2, 2, 2, 0, 2, 3, 2, 3, 1, 3, 1, 2, 0, 0, 0]","['0', '2', '1', '17', '3', '7', '8', '16', '87', '4', '5', '6', '14', '11', '10', '9', '18', '24', '22', '26', '20', '15', '33', '23', '32', '25', '13', '21', '35', '45', '34', '27', '38', '46', '44', '12', '55', '36', '54', '41', '19', '47', '37', '53', '28', '52', '29', '43', '30', '82', '51', '31', '40', '42', '58', '39', '62', '59', '50', '57', '48', '77', '60', '61', '63', '56', '64', '67', '65', '66', '49', '70', '69', '68', '71', '75', '72', '73', '80', '79', '74', '85', '81', '76', '78', '83', '84', '86', '88', '89']"
147,1426,1.7175549533273111,31411,1418,1033,713.8587774766637,"[1, 3, 0, 1, 3, 0, 3, 0, 0, 0, 2, 1, 1, 2, 2, 1, 1, 0, 0, 3, 1, 2, 3, 1, 1, 1, 0, 2, 3, 1, 2, 1, 0, 2, 0, 3, 1, 2, 1, 1, 0, 1, 0, 0, 1, 1, 3, 1, 0, 2, 0, 0, 2, 2, 2, 2, 2, 1, 0, 0, 0, 0, 3, 1, 3, 1, 2, 0, 0, 2, 3, 2, 2, 2, 2, 0, 3, 2, 0, 2, 3, 2, 0, 2, 0, 0, 2, 1, 2, 1]","['0', '2', '1', '17', '4', '8', '6', '7', '16', '15', '3', '5', '9', '27', '12', '11', '22', '14', '24', '21', '87', '13', '25', '26', '23', '38', '19', '35', '36', '37', '45', '54', '43', '18', '30', '53', '34', '55', '46', '29', '20', '41', '82', '47', '33', '31', '40', '39', '32', '44', '50', '77', '42', '49', '57', '52', '51', '58', '60', '62', '48', '56', '70', '67', '59', '68', '10', '28', '72', '61', '63', '74', '73', '80', '64', '81', '79', '85', '65', '66', '69', '71', '75', '76', '78', '83', '84', '86', '88', '89']"
148,1449,1.6992084432717678,31847,1416,927,725.3496042216359,"[2, 0, 3, 2, 0, 2, 0, 2, 2, 2, 3, 0, 3, 2, 1, 2, 2, 1, 2, 2, 2, 2, 3, 0, 3, 0, 2, 2, 3, 3, 1, 3, 2, 1, 2, 3, 1, 1, 1, 0, 1, 1, 3, 2, 3, 0, 1, 0, 0, 3, 1, 0, 2, 1, 3, 1, 0, 1, 2, 0, 3, 2, 2, 3, 1, 0, 0, 3, 1, 2, 1, 1, 2, 2, 1, 1, 1, 2, 3, 1, 0, 1, 2, 3, 2, 3, 0, 0, 2, 1]","['0', '1', '2', '17', '8', '4', '5', '7', '16', '87', '3', '12', '10', '6', '15', '9', '22', '19', '21', '14', '26', '34', '13', '18', '35', '36', '27', '44', '45', '20', '32', '23', '41', '54', '24', '33', '53', '28', '48', '55', '30', '31', '25', '40', '46', '11', '39', '47', '29', '42', '38', '77', '43', '52', '51', '37', '49', '70', '58', '60', '82', '59', '62', '50', '56', '67', '68', '72', '57', '61', '73', '63', '79', '74', '64', '80', '65', '66', '85', '69', '71', '81', '75', '76', '78', '83', '84', '86', '88', '89']"
149,1702,2.0011757789535567,30919,1260,840,852.0005878894768,"[2, 1, 0, 2, 3, 0, 2, 0, 0, 1, 1, 1, 2, 2, 1, 3, 1, 3, 1, 2, 0, 2, 2, 2, 2, 0, 0, 2, 3, 2, 2, 3, 1, 0, 0, 1, 0, 1, 0, 1, 3, 3, 0, 2, 2, 2, 2, 3, 2, 2, 0, 2, 1, 2, 3, 1, 2, 2, 1, 3, 1, 3, 2, 2, 1, 2, 1, 3, 1, 1, 3, 2, 0, 2, 2, 2, 2, 2, 2, 1, 0, 3, 3, 3, 0, 0, 0, 2, 2, 1]","['0', '2', '17', '1', '5', '7', '8', '16', '87', '4', '10', '12', '3', '6', '15', '9', '14', '24', '26', '27', '21', '18', '22', '11', '23', '36', '35', '20', '25', '46', '19', '37', '38', '44', '43', '33', '13', '29', '34', '82', '45', '42', '53', '28', '55', '32', '49', '30', '70', '31', '39', '40', '50', '77', '54', '57', '41', '48', '56', '67', '47', '51', '52', '58', '62', '60', '61', '68', '72', '73', '79', '59', '74', '63', '80', '81', '85', '64', '65', '66', '69', '71', '75', '76', '78', '83', '84', '86', '88', '89']"
150,1420,1.6564596092155148,32325,1383,967,710.8282298046078,"[0, 2, 1, 3, 2, 1, 1, 1, 1, 2, 3, 1, 1, 0, 2, 3, 2, 2, 1, 0, 2, 0, 0, 1, 0, 2, 0, 1, 2, 0, 0, 3, 3, 1, 2, 0, 1, 0, 2, 0, 0, 0, 1, 0, 3, 2, 0, 2, 3, 1, 1, 2, 3, 3, 1, 2, 3, 2, 1, 3, 2, 1, 1, 3, 1, 3, 3, 0, 2, 3, 3, 1, 2, 2, 2, 0, 2, 3, 1, 2, 0, 1, 1, 2, 2, 2, 0, 1, 1, 2]","['0', '1', '7', '3', '4', '6', '5', '15', '11', '13', '10', '2', '17', '14', '12', '8', '16', '87', '19', '9', '24', '30', '25', '21', '22', '28', '18', '29', '23', '34', '37', '38', '26', '36', '27', '31', '39', '35', '82', '44', '20', '45', '77', '41', '55', '43', '32', '51', '46', '54', '47', '53', '59', '49', '40', '48', '70', '50', '52', '58', '56', '68', '62', '67', '33', '60', '72', '57', '42', '74', '73', '61', '79', '63', '80', '81', '85', '64', '65', '66', '69', '71', '75', '76', '78', '83', '84', '86', '88', '89']"
151,1348,1.5886859163229228,31776,1334,1002,674.7943429581615,"[1, 1, 2, 1, 3, 2, 1, 0, 0, 1, 2, 2, 3, 1, 0, 3, 3, 1, 1, 1, 0, 3, 1, 0, 3, 3, 2, 1, 0, 0, 0, 1, 3, 2, 3, 1, 3, 0, 1, 1, 0, 0, 3, 1, 3, 0, 2, 1, 0, 2, 1, 0, 2, 0, 1, 2, 0, 0, 3, 2, 2, 3, 1, 2, 0, 1, 1, 1, 1, 2, 3, 2, 3, 0, 0, 0, 0, 1, 3, 1, 1, 3, 0, 3, 1, 0, 3, 3, 2, 2]","['0', '2', '17', '1', '7', '8', '5', '3', '12', '10', '16', '87', '4', '6', '15', '11', '13', '9', '18', '23', '22', '24', '20', '14', '21', '36', '28', '34', '32', '35', '45', '53', '38', '37', '25', '43', '27', '49', '44', '26', '33', '42', '55', '70', '19', '54', '46', '41', '48', '51', '60', '29', '30', '59', '47', '82', '58', '31', '40', '39', '77', '62', '50', '52', '56', '68', '67', '72', '57', '74', '61', '63', '64', '65', '73', '66', '79', '69', '80', '81', '71', '85', '75', '76', '78', '83', '84', '86', '88', '89']"
152,1381,1.6548831635710006,31877,1272,915,691.3274415817855,"[1, 3, 3, 2, 3, 2, 0, 1, 3, 0, 0, 1, 3, 1, 3, 0, 0, 0, 0, 0, 3, 1, 1, 3, 2, 2, 3, 2, 1, 1, 3, 3, 1, 1, 0, 1, 2, 3, 0, 3, 0, 1, 0, 2, 2, 1, 1, 1, 2, 3, 1, 2, 1, 1, 0, 3, 3, 1, 3, 0, 1, 3, 3, 3, 3, 1, 3, 3, 2, 2, 0, 3, 2, 3, 0, 0, 3, 1, 2, 2, 2, 3, 0, 1, 2, 0, 3, 0, 3, 2]","['0', '2', '1', '4', '7', '6', '13', '17', '14', '15', '5', '11', '3', '12', '19', '30', '9', '10', '21', '35', '37', '28', '22', '25', '24', '46', '8', '16', '44', '45', '34', '23', '36', '29', '53', '26', '38', '82', '18', '27', '43', '54', '20', '87', '32', '55', '33', '49', '31', '39', '41', '70', '40', '51', '47', '60', '77', '42', '59', '52', '58', '62', '50', '48', '56', '68', '72', '73', '79', '57', '80', '74', '81', '67', '85', '61', '63', '64', '65', '66', '69', '71', '75', '76', '78', '83', '84', '86', '88', '89']"
153,1509,1.8017910447761194,32049,1310,919,755.400895522388,"[1, 2, 3, 2, 0, 2, 2, 2, 3, 0, 2, 0, 3, 0, 1, 3, 3, 0, 0, 0, 0, 0, 1, 1, 0, 0, 2, 0, 0, 0, 0, 3, 2, 1, 3, 3, 0, 3, 1, 3, 1, 0, 3, 3, 0, 1, 2, 3, 3, 3, 3, 0, 1, 0, 1, 0, 0, 0, 1, 2, 2, 1, 3, 3, 3, 1, 2, 2, 2, 2, 0, 0, 3, 1, 0, 0, 2, 0, 3, 1, 2, 3, 0, 1, 2, 1, 3, 2, 0, 2]","['0', '1', '8', '5', '10', '4', '6', '7', '13', '11', '12', '15', '14', '2', '28', '17', '19', '3', '29', '9', '16', '22', '27', '26', '82', '18', '20', '87', '23', '33', '30', '31', '32', '40', '38', '21', '25', '24', '50', '36', '57', '42', '35', '45', '34', '53', '43', '55', '39', '37', '41', '51', '47', '46', '54', '59', '77', '48', '56', '44', '60', '68', '52', '61', '49', '72', '70', '74', '58', '62', '73', '80', '79', '63', '81', '67', '85', '64', '65', '66', '69', '71', '75', '76', '78', '83', '84', '86', '88', '89']"
154,1733,2.087323095453177,31338,1436,992,867.5436615477266,"[2, 0, 2, 3, 1, 0, 2, 3, 1, 1, 0, 1, 1, 3, 1, 2, 0, 0, 0, 2, 2, 3, 0, 3, 0, 3, 2, 0, 2, 3, 2, 1, 2, 3, 3, 1, 1, 2, 1, 3, 1, 0, 1, 0, 0, 1, 1, 1, 3, 2, 1, 2, 1, 3, 2, 3, 2, 3, 1, 2, 2, 2, 3, 2, 1, 0, 1, 0, 0, 3, 1, 1, 2, 0, 2, 2, 3, 3, 2, 3, 1, 2, 1, 1, 1, 2, 0, 2, 1, 0]","['0', '2', '1', '7', '5', '12', '17', '10', '11', '8', '3', '4', '16', '87', '6', '14', '15', '13', '9', '25', '28', '27', '26', '21', '19', '35', '36', '29', '22', '43', '18', '45', '55', '37', '82', '24', '23', '44', '54', '38', '30', '31', '46', '34', '40', '39', '53', '20', '50', '57', '32', '49', '33', '77', '41', '42', '70', '48', '56', '51', '67', '60', '68', '47', '58', '62', '61', '52', '72', '59', '73', '80', '74', '81', '79', '63', '64', '65', '85', '66', '69', '71', '75', '76', '78', '83', '84', '86', '88', '89']"
155,1609,1.8957290132547864,30652,1293,906,805.4478645066274,"[2, 3, 2, 3, 2, 2, 0, 1, 0, 0, 0, 2, 2, 0, 2, 2, 0, 3, 0, 0, 2, 0, 0, 0, 1, 3, 0, 2, 0, 3, 2, 0, 3, 3, 1, 0, 0, 0, 1, 1, 2, 3, 0, 3, 0, 0, 2, 1, 3, 1, 3, 3, 0, 2, 1, 1, 3, 2, 1, 2, 1, 0, 0, 0, 1, 3, 1, 2, 1, 3, 3, 1, 1, 0, 0, 3, 1, 2, 2, 2, 2, 0, 0, 3, 0, 2, 2, 3, 0, 2]","['0', '2', '1', '8', '3', '7', '16', '4', '5', '12', '17', '10', '6', '11', '14', '9', '22', '18', '23', '20', '15', '24', '27', '19', '25', '38', '21', '26', '30', '87', '31', '36', '33', '40', '37', '39', '35', '45', '32', '50', '34', '44', '77', '49', '70', '57', '46', '43', '54', '13', '55', '41', '51', '42', '59', '60', '61', '63', '48', '29', '56', '82', '28', '58', '67', '47', '64', '53', '68', '62', '72', '52', '73', '80', '65', '74', '85', '81', '79', '66', '69', '71', '75', '76', '78', '83', '84', '86', '88', '89']"
156,1310,1.5707434052757794,32767,1410,1044,655.7853717026379,"[2, 3, 3, 2, 2, 2, 1, 1, 3, 1, 2, 0, 1, 1, 0, 3, 2, 1, 1, 0, 0, 3, 2, 3, 3, 2, 3, 1, 0, 0, 2, 2, 3, 3, 1, 0, 0, 2, 2, 0, 1, 1, 3, 0, 2, 2, 0, 2, 2, 1, 2, 2, 1, 3, 0, 3, 1, 1, 2, 1, 0, 1, 2, 2, 1, 3, 2, 3, 0, 1, 3, 3, 0, 0, 0, 3, 1, 1, 0, 0, 2, 1, 2, 3, 2, 0, 1, 2, 0, 2]","['0', '2', '1', '7', '3', '4', '5', '6', '8', '17', '16', '87', '11', '14', '15', '13', '9', '10', '25', '26', '27', '28', '24', '22', '23', '12', '18', '19', '21', '34', '30', '31', '37', '36', '29', '39', '35', '43', '20', '38', '82', '33', '32', '46', '44', '40', '41', '47', '52', '45', '54', '51', '59', '58', '53', '62', '48', '77', '49', '60', '42', '50', '70', '57', '56', '68', '55', '67', '61', '63', '64', '72', '73', '79', '74', '80', '81', '85', '65', '66', '69', '71', '75', '76', '78', '83', '84', '86', '88', '89']"
157,1356,1.5887521968365554,29622,1388,866,678.7943760984183,"[3, 3, 3, 2, 1, 0, 1, 1, 0, 0, 2, 0, 1, 1, 3, 3, 1, 2, 0, 2, 0, 3, 2, 2, 0, 2, 1, 0, 2, 1, 1, 2, 0, 2, 0, 0, 2, 1, 3, 2, 0, 3, 0, 2, 0, 0, 3, 1, 0, 3, 3, 3, 3, 1, 2, 3, 2, 1, 2, 1, 1, 2, 1, 3, 3, 3, 0, 0, 1, 2, 3, 3, 1, 3, 3, 3, 0, 0, 0, 1, 0, 3, 3, 3, 0, 0, 3, 1, 1, 0]","['0', '1', '5', '4', '6', '8', '12', '9', '22', '10', '13', '18', '25', '27', '20', '33', '15', '21', '23', '28', '36', '7', '32', '42', '37', '38', '3', '49', '14', '11', '26', '35', '24', '34', '44', '43', '45', '2', '70', '54', '46', '53', '17', '41', '47', '52', '19', '48', '51', '59', '30', '55', '58', '29', '62', '60', '16', '31', '39', '82', '87', '40', '50', '77', '57', '56', '68', '67', '61', '63', '64', '72', '74', '73', '79', '65', '80', '85', '66', '69', '81', '71', '75', '76', '78', '83', '84', '86', '88', '89']"
158,1315,1.589604110003022,32419,1488,1034,658.2948020550015,"[0, 1, 1, 3, 3, 3, 3, 2, 0, 0, 0, 3, 0, 3, 2, 1, 2, 3, 2, 3, 3, 1, 3, 3, 1, 0, 3, 0, 2, 3, 2, 1, 2, 1, 3, 3, 0, 2, 1, 0, 0, 1, 0, 2, 0, 1, 3, 0, 0, 2, 1, 3, 3, 0, 1, 1, 1, 2, 2, 0, 3, 3, 0, 1, 1, 3, 0, 2, 2, 3, 0, 0, 3, 1, 0, 1, 0, 1, 2, 2, 3, 2, 3, 0, 1, 3, 2, 1, 2, 0]","['0', '1', '8', '4', '7', '3', '5', '10', '11', '6', '2', '17', '12', '14', '13', '15', '28', '16', '9', '24', '21', '35', '18', '46', '22', '25', '45', '20', '27', '23', '53', '19', '43', '33', '87', '26', '54', '36', '29', '44', '42', '32', '30', '55', '37', '38', '49', '31', '39', '77', '34', '70', '40', '82', '41', '47', '48', '51', '60', '52', '59', '50', '57', '58', '61', '56', '68', '63', '62', '67', '72', '74', '64', '73', '79', '80', '81', '65', '85', '66', '69', '71', '75', '76', '78', '83', '84', '86', '88', '89']"
159,1791,2.1519975968759386,29080,1362,874,896.5759987984379,"[1, 1, 0, 3, 3, 0, 3, 3, 0, 0, 0, 3, 3, 3, 3, 1, 3, 3, 1, 3, 0, 3, 2, 1, 2, 1, 0, 1, 1, 0, 2, 2, 3, 2, 3, 3, 0, 3, 0, 2, 3, 0, 3, 3, 3, 1, 1, 2, 3, 2, 2, 0, 3, 0, 2, 3, 2, 3, 3, 1, 3, 0, 0, 3, 0, 3, 2, 3, 1, 2, 0, 1, 1, 1, 3, 3, 0, 1, 3, 3, 0, 0, 0, 0, 3, 3, 3, 1, 3, 3]","['0', '2', '17', '1', '4', '3', '8', '5', '6', '11', '9', '26', '10', '21', '22', '34', '7', '16', '15', '14', '35', '27', '43', '46', '87', '13', '36', '28', '24', '44', '18', '23', '20', '37', '25', '12', '33', '42', '45', '38', '41', '55', '54', '19', '30', '29', '48', '51', '59', '47', '58', '52', '82', '32', '31', '49', '53', '40', '39', '62', '50', '77', '70', '57', '56', '60', '67', '61', '68', '72', '73', '80', '81', '63', '85', '74', '64', '79', '65', '66', '69', '71', '75', '76', '78', '83', '84', '86', '88', '89']"
160,1702,1.9935578330893118,34349,1541,1098,851.9967789165446,"[0, 2, 0, 3, 1, 2, 2, 0, 0, 3, 1, 0, 0, 3, 2, 3, 0, 0, 2, 2, 0, 1, 2, 2, 3, 3, 1, 1, 3, 0, 0, 2, 2, 2, 3, 3, 0, 0, 0, 1, 2, 3, 2, 0, 1, 2, 0, 3, 2, 3, 3, 0, 0, 2, 1, 2, 3, 0, 2, 0, 3, 0, 2, 2, 2, 3, 3, 1, 0, 0, 1, 1, 2, 3, 3, 2, 0, 0, 0, 1, 2, 2, 3, 2, 3, 3, 2, 2, 1, 3]","['0', '1', '8', '7', '4', '6', '2', '5', '13', '3', '16', '10', '28', '9', '87', '14', '24', '15', '12', '17', '27', '25', '18', '20', '11', '23', '32', '19', '21', '33', '30', '29', '36', '42', '35', '43', '46', '45', '54', '53', '44', '22', '37', '55', '26', '49', '34', '31', '40', '70', '82', '50', '41', '51', '48', '59', '60', '38', '56', '58', '67', '47', '57', '52', '62', '68', '39', '72', '74', '61', '63', '77', '73', '79', '80', '64', '81', '65', '66', '85', '69', '71', '75', '76', '78', '83', '84', '86', '88', '89']"
161,1583,1.9037883343355382,31471,1367,952,792.4518941671678,"[2, 0, 2, 3, 0, 2, 2, 1, 1, 1, 2, 2, 2, 2, 3, 2, 3, 0, 1, 2, 0, 2, 1, 2, 0, 2, 2, 1, 3, 1, 0, 0, 2, 1, 2, 2, 3, 2, 3, 0, 1, 0, 2, 0, 3, 2, 0, 0, 1, 2, 1, 2, 3, 3, 1, 3, 0, 2, 3, 3, 3, 1, 2, 0, 0, 0, 2, 3, 3, 0, 1, 1, 1, 3, 3, 2, 3, 2, 2, 2, 2, 3, 2, 0, 3, 1, 0, 1, 0, 0]","['0', '1', '4', '6', '15', '2', '13', '5', '9', '18', '27', '3', '12', '21', '36', '37', '17', '14', '25', '7', '10', '20', '22', '19', '23', '30', '35', '43', '45', '24', '38', '34', '46', '28', '54', '11', '26', '33', '53', '42', '32', '29', '44', '49', '41', '48', '51', '31', '58', '62', '8', '40', '39', '50', '47', '77', '56', '67', '16', '52', '87', '68', '57', '82', '60', '70', '72', '74', '55', '61', '73', '59', '79', '63', '64', '65', '66', '69', '71', '80', '85', '81', '75', '76', '78', '83', '84', '86', '88', '89']"
162,1336,1.5759363019758184,33087,1494,1071,668.7879681509879,"[3, 1, 0, 3, 3, 1, 2, 3, 0, 3, 2, 2, 3, 3, 0, 3, 0, 2, 3, 0, 0, 3, 2, 1, 3, 0, 1, 2, 0, 1, 1, 3, 2, 1, 2, 2, 3, 0, 2, 0, 3, 1, 2, 0, 3, 3, 3, 0, 3, 3, 2, 2, 2, 3, 0, 1, 1, 1, 2, 1, 0, 2, 0, 0, 1, 1, 0, 2, 1, 1, 3, 1, 0, 2, 3, 0, 3, 0, 3, 2, 0, 3, 1, 2, 1, 2, 0, 0, 2, 1]","['0', '1', '4', '3', '5', '11', '12', '8', '2', '17', '6', '13', '7', '10', '28', '9', '25', '15', '14', '23', '27', '16', '18', '20', '87', '24', '33', '19', '29', '22', '21', '38', '34', '36', '41', '42', '47', '48', '30', '35', '43', '44', '45', '55', '51', '54', '53', '32', '26', '31', '39', '82', '40', '50', '60', '77', '57', '61', '46', '59', '56', '67', '37', '52', '49', '70', '58', '63', '64', '68', '72', '62', '74', '73', '80', '85', '79', '81', '65', '66', '69', '71', '75', '76', '78', '83', '84', '86', '88', '89']"
163,1291,1.5705596107055961,28217,1285,869,646.2852798053528,"[1, 0, 1, 0, 3, 3, 1, 3, 2, 1, 2, 0, 2, 0, 0, 2, 1, 2, 3, 2, 2, 1, 3, 0, 2, 0, 3, 2, 3, 0, 1, 2, 1, 1, 1, 0, 3, 2, 0, 3, 2, 0, 0, 2, 3, 2, 2, 1, 3, 0, 3, 3, 1, 0, 1, 1, 0, 1, 1, 0, 3, 3, 3, 1, 1, 0, 0, 0, 1, 1, 1, 2, 2, 0, 1, 1, 3, 1, 1, 1, 0, 2, 1, 0, 2, 2, 2, 1, 3, 0]","['0', '2', '1', '4', '6', '3', '8', '5', '10', '7', '17', '16', '14', '15', '87', '13', '28', '9', '26', '11', '21', '22', '12', '25', '18', '19', '20', '35', '36', '23', '34', '45', '32', '44', '41', '47', '54', '52', '30', '24', '29', '46', '27', '31', '38', '82', '53', '55', '39', '43', '33', '40', '50', '57', '77', '42', '37', '48', '56', '51', '60', '49', '68', '67', '61', '58', '59', '72', '62', '63', '74', '70', '64', '65', '73', '80', '79', '81', '66', '85', '69', '71', '75', '76', '78', '83', '84', '86', '88', '89']"
164,1411,1.6683417085427135,32702,1471,1040,706.3341708542714,"[1, 0, 3, 1, 1, 1, 0, 3, 2, 1, 0, 1, 2, 0, 2, 3, 1, 3, 2, 0, 1, 1, 2, 1, 0, 0, 2, 2, 2, 2, 1, 1, 1, 0, 3, 2, 0, 1, 2, 3, 2, 0, 0, 2, 3, 1, 3, 2, 2, 0, 3, 3, 1, 3, 2, 0, 2, 1, 2, 0, 0, 2, 1, 2, 2, 2, 1, 3, 1, 1, 3, 0, 3, 0, 3, 1, 0, 0, 3, 2, 0, 1, 0, 3, 0, 1, 0, 1, 1, 2]","['0', '1', '2', '7', '4', '6', '14', '8', '5', '15', '17', '3', '10', '16', '9', '23', '21', '22', '25', '24', '27', '13', '35', '37', '34', '28', '18', '87', '12', '38', '44', '11', '20', '26', '46', '36', '32', '45', '19', '30', '31', '41', '39', '54', '55', '77', '40', '48', '53', '47', '49', '29', '82', '43', '33', '50', '57', '51', '42', '52', '60', '70', '61', '58', '56', '68', '72', '59', '67', '62', '73', '63', '64', '65', '80', '74', '85', '81', '79', '66', '69', '71', '75', '76', '78', '83', '84', '86', '88', '89']"
165,1497,1.7863961813842482,32841,1404,1020,749.3931980906922,"[2, 2, 3, 0, 3, 2, 1, 3, 0, 2, 0, 0, 3, 2, 1, 1, 3, 3, 1, 1, 1, 3, 1, 2, 0, 0, 2, 2, 1, 0, 1, 3, 1, 1, 1, 1, 1, 0, 2, 3, 1, 1, 3, 1, 0, 2, 2, 2, 3, 1, 0, 2, 2, 2, 1, 0, 2, 3, 3, 3, 0, 3, 0, 3, 2, 3, 2, 0, 2, 0, 3, 0, 0, 3, 1, 1, 3, 3, 3, 1, 1, 2, 1, 1, 2, 0, 2, 0, 1, 3]","['0', '2', '17', '1', '3', '8', '5', '7', '12', '11', '16', '87', '10', '4', '6', '9', '24', '15', '22', '25', '23', '21', '26', '37', '35', '19', '45', '13', '46', '28', '55', '36', '44', '18', '20', '34', '43', '41', '27', '30', '54', '48', '47', '31', '14', '51', '29', '82', '39', '53', '38', '58', '77', '33', '60', '40', '42', '59', '50', '62', '52', '57', '56', '67', '32', '49', '68', '61', '72', '63', '74', '73', '79', '70', '64', '80', '81', '85', '65', '66', '69', '71', '75', '76', '78', '83', '84', '86', '88', '89']"
166,1415,1.6520723876240513,27832,1409,952,708.326036193812,"[3, 2, 3, 2, 1, 2, 3, 3, 3, 0, 2, 2, 1, 3, 0, 3, 1, 0, 3, 2, 2, 1, 0, 1, 3, 0, 3, 0, 1, 2, 2, 3, 2, 1, 2, 2, 3, 1, 0, 0, 2, 0, 3, 1, 0, 1, 1, 2, 3, 2, 1, 3, 0, 0, 3, 0, 3, 1, 0, 1, 2, 0, 0, 0, 0, 2, 0, 0, 3, 0, 1, 2, 2, 2, 3, 1, 2, 1, 2, 2, 1, 0, 1, 0, 0, 3, 1, 1, 1, 2]","['0', '2', '1', '7', '3', '17', '4', '5', '6', '14', '9', '15', '13', '26', '22', '8', '10', '21', '28', '11', '34', '24', '23', '16', '18', '27', '37', '36', '38', '35', '25', '44', '20', '87', '32', '49', '46', '12', '45', '54', '41', '70', '47', '33', '42', '52', '48', '19', '29', '43', '53', '55', '30', '31', '82', '40', '39', '50', '51', '60', '58', '77', '62', '59', '56', '68', '72', '67', '74', '57', '73', '79', '61', '80', '81', '63', '85', '64', '65', '66', '69', '71', '75', '76', '78', '83', '84', '86', '88', '89']"
167,1551,1.8698010849909583,30107,1442,940,776.4349005424955,"[2, 2, 1, 0, 1, 2, 2, 2, 0, 1, 2, 2, 1, 2, 1, 2, 1, 1, 2, 2, 3, 1, 0, 3, 3, 3, 3, 0, 0, 1, 1, 1, 3, 2, 2, 1, 2, 1, 3, 3, 0, 3, 1, 0, 2, 2, 3, 0, 2, 1, 2, 1, 0, 0, 2, 1, 0, 2, 0, 2, 0, 3, 2, 0, 2, 1, 2, 1, 0, 1, 3, 1, 0, 1, 1, 3, 0, 3, 1, 3, 1, 1, 1, 3, 1, 0, 2, 0, 0, 1]","['0', '1', '4', '8', '6', '3', '5', '11', '12', '10', '9', '13', '21', '25', '18', '7', '27', '36', '37', '22', '23', '15', '38', '35', '14', '46', '24', '28', '45', '54', '2', '20', '53', '17', '33', '44', '34', '41', '55', '32', '47', '26', '48', '49', '52', '42', '19', '30', '31', '40', '50', '57', '29', '16', '87', '82', '56', '70', '68', '39', '77', '43', '51', '67', '72', '60', '73', '61', '74', '59', '58', '80', '79', '81', '85', '62', '63', '64', '65', '66', '69', '71', '75', '76', '78', '83', '84', '86', '88', '89']"
168,1458,1.7529305680793508,29780,1179,816,729.8764652840397,"[0, 3, 0, 0, 2, 3, 0, 2, 3, 1, 0, 2, 3, 3, 0, 3, 2, 2, 0, 1, 1, 1, 2, 0, 0, 0, 2, 3, 1, 2, 3, 1, 3, 1, 0, 1, 2, 1, 3, 0, 0, 0, 0, 1, 2, 2, 2, 2, 1, 1, 3, 2, 3, 3, 1, 1, 3, 3, 2, 3, 2, 1, 3, 1, 1, 2, 2, 3, 0, 3, 2, 2, 2, 0, 2, 3, 0, 1, 3, 2, 3, 3, 3, 1, 1, 3, 2, 2, 1, 0]","['0', '2', '1', '7', '17', '3', '8', '4', '5', '6', '12', '11', '10', '14', '9', '21', '23', '16', '18', '87', '34', '22', '25', '26', '27', '35', '43', '24', '15', '37', '20', '44', '19', '36', '45', '13', '54', '46', '28', '33', '30', '55', '53', '32', '49', '41', '47', '29', '82', '38', '51', '59', '52', '60', '70', '42', '58', '62', '31', '39', '48', '77', '40', '50', '56', '68', '72', '73', '74', '67', '57', '61', '80', '85', '63', '79', '81', '64', '65', '66', '69', '71', '75', '76', '78', '83', '84', '86', '88', '89']"
169,1621,1.9907890696960393,29839,1392,1006,811.4953945348481,"[0, 0, 3, 2, 1, 2, 2, 3, 1, 0, 3, 2, 2, 1, 1, 0, 0, 1, 1, 3, 1, 2, 2, 0, 0, 3, 1, 1, 1, 2, 1, 3, 2, 1, 1, 0, 3, 1, 2, 0, 3, 0, 2, 2, 1, 1, 1, 1, 1, 0, 0, 1, 2, 1, 1, 2, 2, 2, 3, 3, 0, 0, 2, 1, 3, 3, 0, 1, 2, 2, 1, 3, 1, 1, 3, 2, 3, 1, 1, 0, 2, 2, 1, 3, 2, 3, 1, 1, 1, 0]","['0', '1', '4', '3', '2', '7', '8', '6', '5', '14', '10', '11', '16', '17', '87', '15', '9', '12', '22', '19', '23', '38', '21', '36', '35', '27', '26', '13', '43', '18', '30', '31', '25', '34', '45', '28', '44', '55', '24', '53', '40', '50', '54', '39', '77', '46', '29', '37', '82', '57', '20', '33', '42', '32', '49', '41', '51', '47', '52', '70', '60', '48', '56', '61', '67', '58', '59', '62', '68', '63', '72', '73', '64', '80', '81', '74', '85', '65', '66', '69', '71', '75', '79', '76', '78', '83', '84', '86', '88', '89']"
170,1414,1.6843359142346634,31641,1373,888,707.8421679571173,"[3, 0, 3, 1, 1, 2, 1, 1, 1, 3, 3, 3, 1, 1, 2, 1, 1, 3, 3, 0, 0, 0, 0, 1, 0, 3, 3, 1, 0, 3, 1, 0, 2, 0, 2, 0, 1, 2, 2, 2, 1, 1, 2, 1, 0, 0, 2, 1, 1, 0, 3, 3, 0, 0, 1, 3, 3, 0, 2, 1, 2, 0, 0, 1, 2, 1, 0, 2, 2, 0, 3, 2, 3, 0, 0, 0, 2, 2, 0, 3, 2, 1, 3, 2, 0, 1, 0, 3, 1, 3]","['0', '1', '8', '2', '7', '17', '4', '5', '6', '3', '15', '11', '16', '14', '12', '13', '10', '87', '9', '19', '25', '18', '29', '28', '20', '33', '24', '23', '32', '22', '26', '82', '27', '30', '21', '31', '39', '37', '40', '49', '50', '36', '42', '57', '77', '70', '38', '34', '35', '41', '47', '45', '46', '43', '44', '48', '51', '56', '53', '58', '62', '54', '67', '55', '68', '60', '52', '72', '61', '59', '74', '63', '64', '73', '80', '65', '81', '85', '66', '79', '69', '71', '75', '76', '78', '83', '84', '86', '88', '89']"
171,1426,1.6683240713658964,33403,1550,1121,713.834162035683,"[2, 1, 2, 1, 0, 0, 3, 2, 1, 2, 3, 1, 3, 2, 3, 1, 1, 1, 1, 2, 0, 3, 1, 2, 0, 0, 3, 2, 1, 0, 2, 3, 0, 3, 1, 2, 1, 3, 2, 0, 2, 0, 0, 1, 1, 1, 0, 0, 0, 0, 1, 3, 1, 2, 0, 0, 1, 3, 1, 0, 2, 3, 2, 0, 0, 2, 2, 1, 1, 3, 1, 0, 1, 1, 2, 2, 3, 2, 3, 1, 2, 2, 2, 1, 0, 3, 1, 0, 3, 1]","['0', '2', '17', '1', '5', '10', '3', '12', '11', '8', '7', '16', '87', '4', '6', '13', '15', '28', '19', '9', '18', '25', '27', '30', '22', '21', '37', '35', '23', '24', '38', '26', '45', '20', '46', '14', '33', '53', '29', '44', '54', '31', '32', '40', '36', '34', '55', '49', '43', '39', '42', '70', '50', '82', '41', '57', '77', '51', '47', '48', '58', '59', '52', '60', '56', '68', '72', '62', '67', '74', '73', '80', '81', '61', '63', '79', '85', '64', '65', '66', '69', '71', '75', '76', '78', '83', '84', '86', '88', '89']"
172,1315,1.547969393761036,30884,1335,961,658.2739846968805,"[3, 0, 2, 2, 0, 0, 2, 2, 2, 2, 3, 0, 2, 3, 0, 2, 1, 2, 1, 0, 2, 1, 2, 2, 3, 2, 0, 3, 0, 1, 2, 2, 1, 0, 3, 2, 2, 3, 0, 0, 0, 3, 3, 3, 0, 3, 3, 0, 1, 0, 0, 2, 0, 3, 1, 0, 2, 3, 0, 3, 3, 1, 3, 1, 0, 3, 2, 2, 0, 3, 1, 1, 3, 2, 1, 2, 1, 3, 1, 0, 1, 3, 3, 2, 0, 1, 1, 2, 3, 3]","['0', '1', '7', '8', '4', '2', '3', '16', '6', '17', '14', '13', '5', '9', '22', '12', '23', '87', '26', '25', '10', '38', '15', '27', '28', '24', '18', '21', '35', '37', '19', '20', '33', '30', '31', '11', '29', '82', '40', '39', '77', '36', '50', '57', '34', '44', '46', '41', '45', '54', '53', '32', '47', '42', '52', '43', '49', '51', '48', '59', '70', '60', '55', '58', '56', '67', '68', '62', '72', '61', '74', '73', '63', '79', '80', '64', '65', '81', '66', '69', '85', '71', '75', '76', '78', '83', '84', '86', '88', '89']"
173,1338,1.607689996996095,34236,1423,1020,669.803844998498,"[3, 1, 0, 2, 0, 2, 3, 0, 2, 0, 2, 0, 0, 1, 3, 2, 2, 0, 2, 3, 2, 3, 1, 1, 2, 0, 1, 1, 3, 2, 0, 2, 2, 2, 1, 3, 2, 0, 3, 1, 1, 0, 1, 3, 1, 2, 1, 1, 3, 3, 1, 2, 3, 1, 2, 2, 2, 1, 2, 2, 2, 0, 1, 2, 2, 3, 1, 3, 0, 0, 0, 3, 3, 1, 0, 1, 1, 1, 1, 1, 1, 3, 0, 0, 0, 2, 2, 3, 1, 3]","['0', '2', '17', '1', '7', '3', '4', '5', '6', '10', '15', '9', '26', '11', '22', '8', '21', '23', '37', '13', '28', '12', '14', '27', '19', '30', '38', '31', '25', '24', '40', '29', '50', '39', '82', '35', '44', '77', '57', '18', '45', '46', '34', '16', '36', '54', '20', '43', '32', '49', '41', '55', '48', '51', '60', '47', '33', '58', '70', '87', '42', '56', '61', '67', '68', '53', '59', '72', '62', '52', '63', '64', '65', '66', '69', '73', '74', '79', '80', '85', '71', '75', '76', '81', '78', '83', '84', '86', '88', '89']"
174,1320,1.5798922800718134,30106,1505,1062,660.7899461400359,"[2, 2, 2, 3, 0, 2, 0, 3, 2, 0, 1, 0, 1, 0, 0, 0, 3, 2, 3, 2, 2, 1, 0, 1, 0, 1, 1, 3, 2, 3, 0, 0, 0, 1, 0, 0, 2, 2, 0, 3, 3, 3, 2, 1, 2, 2, 1, 2, 3, 0, 0, 0, 1, 3, 2, 2, 3, 1, 2, 3, 3, 0, 1, 1, 0, 0, 0, 0, 1, 3, 2, 0, 3, 3, 1, 0, 3, 2, 3, 3, 2, 1, 3, 0, 2, 1, 1, 3, 2, 0]","['0', '1', '8', '4', '7', '5', '3', '2', '6', '17', '16', '12', '11', '14', '10', '13', '87', '28', '9', '27', '18', '23', '24', '21', '26', '25', '34', '22', '38', '37', '15', '19', '29', '20', '30', '31', '33', '40', '41', '39', '77', '50', '57', '32', '82', '49', '47', '35', '48', '43', '45', '51', '44', '60', '53', '55', '46', '58', '61', '36', '54', '56', '68', '42', '67', '70', '52', '62', '59', '72', '73', '79', '74', '80', '85', '81', '63', '64', '65', '66', '69', '71', '75', '76', '78', '83', '84', '86', '88', '89']"
175,1344,1.6119940029985007,31424,1512,1069,672.8059970014992,"[0, 3, 2, 3, 3, 3, 3, 2, 0, 1, 0, 2, 3, 3, 1, 3, 3, 3, 2, 0, 1, 0, 0, 2, 2, 3, 2, 1, 1, 3, 0, 1, 3, 3, 1, 1, 0, 0, 0, 1, 0, 1, 2, 0, 2, 3, 1, 2, 1, 3, 2, 3, 2, 2, 3, 3, 3, 3, 2, 2, 1, 3, 0, 1, 0, 3, 2, 3, 2, 1, 0, 3, 2, 2, 3, 0, 2, 1, 0, 1, 2, 0, 1, 0, 1, 1, 3, 2, 0, 2]","['0', '2', '17', '1', '4', '7', '3', '6', '14', '15', '13', '5', '11', '10', '8', '9', '21', '12', '34', '35', '27', '16', '24', '22', '45', '37', '26', '46', '18', '25', '87', '53', '43', '19', '29', '23', '20', '28', '36', '55', '54', '82', '41', '38', '47', '30', '33', '31', '40', '42', '39', '51', '44', '58', '77', '60', '52', '50', '57', '61', '62', '32', '48', '56', '67', '68', '59', '49', '72', '73', '79', '63', '80', '70', '81', '74', '64', '65', '66', '85', '69', '71', '75', '76', '78', '83', '84', '86', '88', '89']"
176,1358,1.5799883653286795,32693,1529,1055,679.7899941826644,"[3, 2, 0, 2, 2, 1, 1, 1, 3, 3, 1, 1, 0, 0, 3, 3, 1, 0, 0, 0, 0, 1, 1, 0, 1, 0, 2, 0, 2, 0, 1, 2, 2, 2, 3, 0, 1, 1, 3, 1, 1, 3, 3, 0, 2, 0, 3, 0, 0, 1, 0, 0, 3, 1, 2, 2, 1, 1, 0, 2, 0, 2, 1, 1, 1, 3, 2, 2, 2, 3, 0, 0, 3, 2, 3, 3, 2, 3, 0, 3, 1, 1, 2, 0, 1, 0, 2, 0, 2, 3]","['0', '1', '4', '2', '5', '3', '8', '11', '10', '7', '17', '16', '87', '6', '15', '13', '28', '12', '19', '14', '9', '18', '22', '27', '29', '25', '30', '24', '26', '31', '21', '36', '34', '20', '40', '39', '32', '37', '23', '41', '50', '77', '49', '33', '48', '38', '42', '82', '57', '70', '35', '44', '47', '52', '43', '46', '56', '51', '58', '68', '60', '59', '72', '67', '74', '73', '80', '85', '81', '79', '45', '55', '53', '62', '54', '61', '63', '64', '65', '66', '69', '71', '75', '76', '78', '83', '84', '86', '88', '89']"
177,1441,1.7408637873754154,31005,1310,912,721.3704318936877,"[0, 3, 2, 3, 0, 0, 1, 1, 1, 1, 0, 1, 3, 3, 0, 2, 0, 2, 2, 0, 1, 1, 2, 1, 0, 2, 0, 2, 2, 2, 3, 1, 3, 1, 3, 2, 1, 1, 0, 1, 0, 2, 0, 1, 1, 3, 1, 1, 3, 1, 2, 3, 3, 2, 2, 0, 3, 3, 3, 3, 2, 0, 1, 1, 2, 0, 1, 2, 0, 3, 1, 2, 2, 0, 0, 0, 0, 2, 2, 1, 0, 0, 0, 0, 2, 0, 0, 0, 0, 2]","['0', '1', '7', '2', '3', '8', '5', '11', '16', '17', '4', '6', '14', '15', '87', '12', '13', '10', '9', '26', '19', '27', '23', '24', '30', '18', '29', '28', '25', '82', '22', '21', '35', '37', '36', '31', '44', '39', '46', '40', '38', '34', '45', '54', '43', '77', '55', '53', '50', '57', '20', '41', '47', '32', '48', '51', '52', '33', '59', '42', '58', '56', '62', '68', '60', '49', '61', '63', '70', '67', '72', '64', '65', '73', '80', '85', '81', '79', '66', '69', '71', '75', '74', '76', '78', '83', '84', '86', '88', '89']"
178,1395,1.6812292859294968,31341,1397,998,698.3406146429647,"[2, 1, 0, 3, 2, 3, 2, 1, 1, 0, 3, 3, 3, 1, 3, 3, 2, 3, 0, 2, 1, 2, 2, 0, 3, 0, 3, 3, 1, 3, 0, 2, 1, 2, 2, 3, 3, 1, 0, 2, 1, 0, 0, 1, 2, 3, 0, 3, 2, 1, 3, 1, 0, 0, 1, 1, 3, 2, 3, 3, 1, 0, 3, 3, 0, 0, 2, 0, 2, 2, 3, 0, 1, 0, 0, 3, 1, 0, 2, 1, 0, 3, 2, 2, 2, 3, 1, 2, 1, 2]","['0', '1', '4', '3', '6', '14', '2', '5', '9', '22', '12', '10', '11', '15', '24', '25', '27', '26', '13', '7', '18', '28', '8', '16', '23', '20', '87', '17', '21', '34', '35', '36', '43', '37', '44', '41', '33', '42', '48', '51', '19', '46', '32', '49', '47', '30', '31', '52', '58', '38', '59', '40', '50', '56', '39', '70', '29', '45', '77', '60', '67', '68', '72', '54', '55', '57', '74', '61', '63', '64', '53', '62', '65', '73', '82', '79', '80', '66', '69', '71', '81', '85', '75', '76', '78', '83', '84', '86', '88', '89']"
179,1402,1.6785393594732116,31607,1375,983,701.8392696797366,"[1, 2, 2, 3, 3, 2, 1, 3, 3, 3, 1, 1, 3, 0, 2, 3, 1, 1, 3, 3, 2, 0, 3, 2, 1, 3, 0, 0, 3, 0, 1, 2, 3, 1, 0, 2, 1, 2, 3, 3, 3, 2, 3, 1, 0, 1, 0, 3, 3, 0, 1, 2, 0, 1, 2, 3, 0, 0, 1, 3, 2, 0, 1, 1, 0, 0, 2, 0, 2, 3, 0, 0, 1, 2, 3, 1, 2, 0, 2, 0, 0, 0, 3, 0, 1, 2, 3, 0, 2, 1]","['0', '2', '17', '1', '7', '3', '8', '16', '87', '4', '5', '12', '10', '6', '15', '13', '14', '11', '9', '19', '23', '30', '25', '22', '18', '26', '29', '28', '82', '24', '27', '38', '21', '35', '36', '20', '32', '31', '37', '40', '44', '45', '39', '43', '53', '46', '49', '50', '70', '34', '41', '54', '48', '51', '57', '59', '47', '58', '77', '33', '60', '55', '61', '42', '56', '67', '63', '62', '68', '72', '52', '74', '64', '73', '80', '65', '79', '81', '85', '66', '69', '71', '75', '76', '78', '83', '84', '86', '88', '89']"
180,1368,1.6141592920353982,32317,1544,1045,684.8070796460177,"[1, 2, 2, 1, 1, 2, 0, 1, 1, 2, 3, 3, 3, 2, 2, 3, 3, 3, 0, 2, 0, 1, 1, 1, 2, 1, 0, 3, 1, 3, 0, 3, 2, 1, 0, 0, 0, 3, 3, 2, 2, 1, 3, 3, 2, 1, 2, 0, 2, 3, 0, 0, 3, 1, 0, 2, 3, 0, 0, 3, 2, 0, 0, 2, 3, 1, 0, 0, 3, 3, 2, 3, 0, 3, 3, 2, 3, 1, 1, 1, 0, 1, 1, 3, 2, 0, 0, 1, 1, 3]","['0', '1', '4', '6', '8', '2', '17', '13', '7', '15', '16', '5', '11', '12', '14', '19', '30', '87', '3', '9', '27', '26', '25', '31', '21', '18', '22', '37', '40', '29', '23', '82', '10', '24', '28', '34', '38', '50', '39', '77', '36', '35', '46', '20', '45', '55', '32', '54', '57', '43', '41', '51', '58', '47', '44', '49', '48', '60', '56', '59', '53', '70', '33', '42', '52', '67', '61', '62', '63', '68', '64', '65', '66', '72', '74', '69', '71', '73', '79', '75', '76', '80', '78', '81', '83', '84', '85', '86', '88', '89']"
181,1457,1.7752056046299116,31910,1326,988,729.387602802315,"[1, 0, 0, 3, 3, 1, 0, 3, 3, 0, 3, 2, 1, 1, 3, 1, 1, 0, 1, 0, 0, 2, 1, 1, 3, 0, 1, 2, 3, 3, 1, 1, 1, 0, 3, 1, 1, 3, 3, 1, 1, 3, 2, 3, 0, 3, 3, 2, 0, 1, 2, 2, 3, 2, 1, 2, 1, 3, 0, 3, 1, 2, 0, 0, 0, 3, 1, 2, 0, 2, 2, 3, 0, 2, 3, 3, 3, 0, 3, 0, 2, 1, 3, 1, 1, 1, 0, 3, 3, 0]","['0', '1', '2', '17', '8', '5', '4', '11', '7', '6', '9', '3', '10', '27', '24', '18', '22', '20', '14', '26', '32', '13', '21', '37', '35', '43', '25', '36', '16', '34', '41', '15', '12', '47', '87', '51', '46', '45', '58', '60', '28', '49', '59', '55', '23', '38', '53', '33', '48', '54', '62', '70', '19', '30', '44', '42', '31', '39', '40', '52', '77', '50', '29', '82', '57', '61', '56', '63', '68', '67', '64', '72', '65', '73', '80', '79', '74', '81', '66', '85', '69', '71', '75', '76', '78', '83', '84', '86', '88', '89']"
182,1451,1.7115895016219405,30002,1300,838,726.355794750811,"[1, 2, 1, 1, 2, 1, 3, 0, 0, 0, 1, 2, 1, 1, 1, 1, 1, 1, 1, 0, 3, 0, 1, 0, 0, 1, 1, 2, 2, 1, 0, 1, 0, 2, 2, 3, 2, 2, 0, 2, 2, 2, 1, 3, 2, 2, 0, 1, 2, 3, 0, 3, 2, 0, 3, 2, 1, 1, 2, 2, 1, 1, 2, 3, 0, 2, 1, 3, 0, 2, 3, 2, 1, 0, 0, 1, 1, 3, 3, 2, 3, 2, 0, 3, 3, 1, 3, 3, 0, 3]","['0', '2', '1', '3', '8', '17', '4', '6', '14', '5', '11', '15', '10', '7', '16', '87', '13', '28', '9', '25', '27', '12', '24', '26', '23', '18', '20', '22', '19', '33', '38', '32', '21', '36', '29', '30', '35', '82', '45', '31', '39', '53', '34', '46', '37', '77', '54', '40', '41', '42', '47', '44', '52', '48', '49', '50', '56', '70', '67', '68', '55', '43', '72', '51', '74', '57', '59', '58', '60', '73', '62', '61', '63', '80', '64', '81', '65', '85', '79', '66', '69', '71', '75', '76', '78', '83', '84', '86', '88', '89']"
183,1495,1.808832425892317,32284,1388,980,748.4044162129461,"[1, 3, 3, 3, 0, 0, 2, 0, 1, 3, 3, 0, 0, 3, 1, 1, 2, 2, 0, 0, 0, 2, 0, 1, 1, 2, 2, 1, 3, 1, 2, 2, 2, 2, 2, 1, 0, 0, 1, 0, 0, 3, 1, 1, 0, 0, 1, 0, 2, 2, 2, 1, 2, 2, 1, 3, 2, 1, 0, 3, 2, 0, 2, 1, 3, 2, 1, 0, 1, 0, 1, 3, 3, 1, 3, 0, 2, 1, 1, 2, 2, 3, 0, 3, 0, 2, 0, 3, 0, 0]","['0', '2', '17', '1', '8', '3', '5', '11', '4', '7', '16', '12', '10', '87', '6', '14', '15', '13', '9', '25', '21', '19', '26', '27', '23', '34', '35', '30', '31', '43', '28', '40', '29', '45', '50', '82', '22', '55', '53', '24', '36', '18', '44', '46', '20', '54', '33', '42', '32', '37', '41', '51', '39', '47', '52', '77', '60', '49', '57', '48', '59', '38', '70', '61', '58', '62', '56', '67', '68', '63', '72', '64', '65', '74', '66', '69', '71', '73', '80', '85', '75', '81', '79', '76', '78', '83', '84', '86', '88', '89']"
184,1859,2.234375,31322,1371,993,930.6171875,"[1, 1, 0, 1, 3, 3, 0, 3, 3, 0, 2, 3, 1, 1, 0, 2, 1, 2, 0, 0, 3, 3, 1, 3, 3, 2, 1, 0, 0, 0, 3, 1, 2, 1, 0, 3, 0, 2, 3, 3, 1, 2, 0, 1, 1, 1, 3, 0, 0, 1, 1, 3, 3, 2, 0, 1, 3, 0, 0, 2, 2, 0, 0, 2, 0, 0, 3, 3, 0, 0, 0, 3, 0, 3, 1, 3, 0, 1, 1, 1, 2, 0, 0, 1, 0, 3, 0, 3, 0, 2]","['0', '1', '7', '4', '6', '8', '15', '13', '5', '9', '3', '27', '10', '18', '22', '20', '24', '2', '11', '25', '16', '32', '23', '14', '87', '28', '38', '17', '33', '26', '21', '35', '43', '44', '46', '45', '37', '49', '53', '34', '70', '54', '55', '41', '51', '58', '47', '52', '36', '59', '12', '48', '62', '60', '19', '30', '31', '42', '39', '29', '77', '82', '40', '50', '57', '56', '61', '68', '67', '72', '73', '79', '63', '64', '65', '74', '80', '85', '81', '66', '69', '71', '75', '76', '78', '83', '84', '86', '88', '89']"
185,1468,1.7209847596717467,32794,1540,1052,734.8604923798358,"[3, 2, 2, 0, 0, 2, 1, 2, 3, 0, 3, 1, 3, 3, 1, 2, 3, 0, 3, 2, 2, 3, 3, 0, 2, 0, 1, 0, 1, 3, 2, 3, 0, 2, 0, 1, 3, 1, 3, 2, 3, 3, 3, 2, 1, 3, 1, 0, 2, 3, 2, 2, 3, 3, 1, 0, 0, 2, 2, 1, 1, 1, 3, 2, 2, 1, 0, 3, 3, 1, 2, 0, 2, 3, 0, 3, 1, 3, 1, 0, 1, 1, 2, 0, 2, 1, 0, 0, 2, 1]","['0', '1', '4', '6', '7', '2', '13', '14', '3', '15', '17', '5', '9', '18', '22', '25', '11', '8', '23', '26', '12', '20', '33', '16', '10', '38', '19', '29', '27', '21', '28', '87', '32', '36', '34', '35', '43', '37', '30', '42', '46', '45', '41', '82', '53', '47', '31', '55', '44', '52', '48', '49', '40', '54', '70', '24', '39', '77', '50', '51', '56', '58', '59', '62', '57', '60', '67', '68', '61', '72', '73', '79', '63', '74', '80', '81', '85', '64', '65', '66', '69', '71', '75', '76', '78', '83', '84', '86', '88', '89']"
186,1452,1.7213989330171904,32811,1629,1103,726.8606994665085,"[1, 1, 2, 2, 0, 3, 1, 2, 1, 0, 2, 1, 3, 2, 1, 1, 3, 1, 2, 1, 0, 2, 0, 3, 2, 0, 0, 1, 0, 2, 1, 2, 3, 1, 1, 0, 2, 3, 0, 2, 2, 3, 0, 3, 0, 1, 1, 3, 2, 3, 0, 1, 0, 2, 3, 0, 1, 2, 0, 3, 0, 0, 0, 3, 1, 1, 2, 0, 3, 0, 1, 3, 0, 0, 0, 2, 2, 1, 3, 3, 1, 0, 3, 1, 1, 2, 0, 2, 3, 3]","['0', '2', '17', '1', '7', '8', '5', '16', '11', '3', '10', '4', '6', '9', '15', '26', '25', '22', '24', '14', '12', '87', '27', '21', '35', '36', '34', '13', '28', '37', '43', '46', '45', '54', '18', '53', '20', '33', '32', '19', '29', '23', '41', '48', '38', '55', '51', '58', '30', '49', '62', '42', '60', '44', '82', '31', '39', '77', '40', '47', '52', '50', '59', '57', '70', '56', '67', '68', '61', '72', '63', '64', '74', '73', '79', '65', '80', '81', '85', '66', '69', '71', '75', '76', '78', '83', '84', '86', '88', '89']"
187,1426,1.680117820324006,32668,1361,887,713.840058910162,"[3, 2, 3, 2, 0, 3, 3, 3, 3, 2, 0, 0, 3, 2, 3, 1, 1, 0, 0, 3, 1, 0, 3, 2, 1, 3, 3, 0, 3, 1, 0, 0, 3, 2, 0, 1, 3, 2, 0, 3, 3, 3, 1, 3, 2, 0, 2, 0, 2, 0, 3, 1, 0, 1, 2, 0, 2, 3, 1, 3, 2, 1, 2, 0, 3, 1, 1, 2, 3, 0, 1, 1, 1, 3, 1, 2, 2, 2, 3, 0, 3, 2, 2, 2, 3, 3, 0, 0, 0, 0]","['0', '1', '5', '8', '3', '4', '10', '7', '12', '2', '16', '87', '17', '11', '6', '13', '14', '9', '23', '15', '28', '18', '27', '21', '36', '24', '35', '20', '32', '26', '19', '45', '44', '29', '46', '37', '22', '30', '54', '55', '43', '34', '31', '82', '38', '40', '49', '25', '33', '53', '70', '50', '57', '42', '41', '48', '56', '68', '72', '47', '51', '52', '74', '39', '77', '59', '60', '61', '63', '67', '73', '80', '64', '81', '85', '79', '58', '62', '65', '66', '69', '71', '75', '76', '78', '83', '84', '86', '88', '89']"
188,1408,1.6506447831184057,32554,1553,1063,704.8253223915592,"[0, 3, 0, 0, 0, 0, 1, 1, 3, 3, 3, 0, 3, 2, 1, 3, 2, 2, 0, 1, 1, 0, 0, 0, 0, 3, 3, 1, 0, 0, 3, 3, 0, 2, 0, 2, 3, 3, 2, 1, 1, 3, 2, 1, 3, 2, 0, 0, 1, 3, 0, 1, 3, 2, 3, 0, 0, 1, 0, 2, 3, 2, 0, 3, 3, 2, 1, 1, 2, 0, 3, 1, 2, 2, 2, 1, 2, 2, 2, 2, 1, 0, 1, 2, 0, 0, 3, 1, 0, 1]","['0', '1', '5', '12', '2', '7', '8', '16', '87', '10', '11', '17', '4', '3', '6', '9', '18', '13', '25', '24', '14', '22', '15', '20', '28', '23', '32', '19', '30', '27', '33', '38', '29', '21', '35', '44', '37', '36', '46', '34', '45', '26', '55', '53', '82', '31', '42', '40', '54', '49', '41', '48', '70', '39', '50', '56', '77', '67', '47', '43', '68', '52', '72', '57', '74', '51', '59', '60', '73', '80', '58', '61', '79', '81', '63', '64', '85', '62', '65', '66', '69', '71', '75', '76', '78', '83', '84', '86', '88', '89']"
189,1433,1.7223557692307692,31954,1547,1034,717.3611778846154,"[0, 1, 2, 2, 0, 3, 2, 0, 1, 3, 0, 3, 1, 2, 1, 1, 1, 0, 1, 0, 1, 3, 3, 1, 1, 1, 0, 3, 3, 2, 0, 3, 3, 0, 0, 0, 0, 2, 2, 3, 0, 2, 2, 0, 3, 0, 0, 1, 3, 3, 3, 2, 3, 2, 1, 0, 3, 0, 2, 1, 1, 3, 1, 2, 0, 1, 2, 2, 3, 1, 3, 1, 0, 1, 3, 2, 0, 0, 3, 3, 1, 3, 1, 3, 1, 0, 3, 3, 1, 0]","['0', '1', '7', '8', '3', '5', '2', '17', '10', '4', '12', '6', '15', '9', '23', '11', '24', '13', '28', '26', '21', '14', '35', '34', '27', '22', '38', '36', '37', '45', '44', '55', '16', '43', '53', '25', '46', '18', '19', '54', '30', '87', '29', '31', '39', '40', '20', '82', '41', '47', '33', '42', '77', '32', '52', '50', '57', '51', '58', '59', '62', '49', '70', '48', '60', '56', '61', '68', '72', '63', '74', '64', '65', '73', '67', '80', '85', '79', '66', '69', '71', '75', '81', '76', '78', '83', '84', '86', '88', '89']"
190,1595,1.8920521945432978,33688,1495,1050,798.4460260972717,"[0, 1, 3, 0, 2, 2, 3, 0, 0, 2, 3, 3, 3, 3, 3, 0, 2, 3, 2, 0, 3, 0, 1, 1, 0, 2, 1, 0, 0, 0, 1, 3, 1, 1, 0, 2, 2, 0, 3, 2, 3, 1, 1, 0, 2, 0, 1, 2, 2, 2, 0, 2, 3, 3, 0, 3, 3, 0, 1, 0, 2, 0, 0, 3, 0, 1, 2, 3, 0, 2, 3, 1, 0, 3, 0, 2, 0, 1, 0, 0, 3, 0, 2, 1, 2, 2, 0, 0, 0, 2]","['0', '1', '5', '8', '2', '4', '12', '7', '10', '3', '6', '17', '13', '16', '9', '24', '23', '22', '11', '26', '38', '15', '21', '18', '27', '35', '87', '34', '45', '43', '46', '25', '55', '53', '14', '19', '28', '36', '54', '29', '30', '31', '20', '41', '48', '82', '47', '32', '33', '37', '39', '44', '51', '40', '60', '52', '58', '50', '42', '62', '57', '59', '49', '70', '77', '56', '67', '61', '68', '72', '63', '74', '64', '73', '79', '65', '66', '80', '81', '69', '85', '71', '75', '76', '78', '83', '84', '86', '88', '89']"
191,1479,1.7691387559808613,31045,1496,1045,740.3845693779904,"[3, 1, 0, 2, 2, 0, 2, 1, 0, 1, 0, 1, 0, 1, 3, 1, 1, 1, 2, 0, 0, 2, 1, 1, 2, 2, 3, 0, 3, 0, 1, 2, 3, 1, 1, 3, 3, 3, 3, 1, 3, 0, 0, 3, 0, 2, 0, 0, 3, 0, 1, 3, 3, 0, 1, 2, 1, 1, 2, 2, 2, 0, 0, 2, 1, 1, 2, 2, 3, 0, 0, 3, 1, 2, 2, 2, 3, 2, 2, 0, 0, 3, 2, 1, 3, 2, 2, 0, 0, 2]","['0', '2', '17', '1', '4', '8', '5', '12', '11', '6', '13', '15', '7', '16', '3', '19', '87', '9', '18', '10', '30', '20', '26', '27', '14', '22', '31', '23', '28', '29', '21', '25', '38', '82', '24', '35', '44', '36', '34', '40', '50', '43', '32', '33', '46', '39', '57', '41', '47', '42', '48', '56', '45', '37', '51', '49', '59', '52', '54', '60', '55', '70', '58', '53', '61', '77', '63', '62', '68', '64', '72', '73', '80', '79', '74', '85', '65', '67', '66', '69', '71', '75', '81', '76', '78', '83', '84', '86', '88', '89']"
192,1454,1.7131075110456553,34453,1546,1116,727.8565537555228,"[2, 0, 1, 1, 0, 0, 3, 3, 0, 1, 2, 3, 2, 2, 0, 2, 0, 1, 1, 0, 3, 0, 3, 0, 3, 1, 2, 2, 2, 3, 0, 1, 3, 3, 1, 3, 0, 1, 2, 3, 0, 1, 2, 1, 2, 2, 0, 1, 3, 2, 1, 2, 0, 2, 0, 2, 0, 1, 3, 3, 1, 1, 0, 3, 2, 1, 3, 3, 0, 3, 1, 1, 2, 0, 3, 2, 1, 1, 1, 3, 0, 1, 1, 2, 0, 3, 0, 1, 1, 3]","['0', '2', '17', '1', '5', '12', '7', '4', '3', '6', '9', '11', '8', '10', '21', '34', '22', '18', '16', '24', '13', '37', '28', '87', '20', '14', '27', '32', '35', '23', '46', '49', '44', '43', '36', '15', '25', '41', '26', '51', '19', '30', '38', '59', '31', '58', '40', '60', '47', '33', '42', '52', '50', '70', '45', '54', '48', '56', '67', '68', '55', '53', '72', '74', '29', '57', '82', '61', '62', '39', '77', '63', '73', '79', '64', '80', '85', '81', '65', '66', '69', '71', '75', '76', '78', '83', '84', '86', '88', '89']"
193,1416,1.6460331299040976,33016,1272,852,708.823016564952,"[2, 1, 1, 2, 0, 2, 0, 2, 2, 0, 2, 0, 0, 1, 0, 1, 3, 3, 0, 2, 0, 3, 0, 1, 0, 1, 2, 1, 1, 0, 2, 2, 1, 0, 1, 0, 3, 2, 1, 3, 0, 3, 3, 3, 3, 0, 0, 1, 0, 1, 3, 3, 1, 3, 3, 2, 3, 3, 1, 1, 0, 0, 3, 2, 0, 1, 0, 3, 2, 3, 1, 1, 1, 3, 0, 2, 2, 1, 2, 3, 3, 3, 3, 1, 2, 3, 3, 0, 1, 3]","['0', '1', '4', '2', '8', '5', '7', '6', '12', '9', '14', '24', '13', '22', '15', '26', '10', '28', '3', '17', '23', '19', '11', '30', '38', '16', '29', '27', '31', '18', '25', '87', '82', '20', '39', '32', '33', '21', '35', '46', '36', '42', '45', '34', '55', '43', '40', '53', '50', '44', '77', '41', '54', '47', '37', '52', '51', '60', '49', '59', '57', '58', '62', '48', '56', '68', '67', '70', '61', '72', '73', '80', '79', '74', '85', '81', '63', '64', '65', '66', '69', '71', '75', '76', '78', '83', '84', '86', '88', '89']"
194,1409,1.6679490973660847,29412,1375,962,705.333974548683,"[0, 0, 1, 3, 0, 1, 1, 3, 1, 3, 0, 2, 3, 1, 3, 2, 2, 3, 2, 3, 3, 0, 0, 1, 2, 3, 1, 1, 2, 2, 3, 0, 1, 3, 3, 2, 0, 0, 1, 2, 0, 0, 0, 0, 3, 0, 3, 1, 0, 1, 2, 0, 3, 0, 2, 3, 3, 0, 3, 0, 0, 3, 1, 0, 1, 3, 3, 1, 1, 1, 2, 3, 3, 3, 0, 0, 3, 1, 2, 0, 0, 2, 3, 3, 3, 1, 1, 0, 3, 0]","['0', '1', '8', '5', '4', '11', '2', '7', '6', '15', '13', '17', '9', '21', '3', '34', '27', '26', '16', '18', '10', '20', '35', '25', '24', '43', '36', '37', '44', '45', '23', '28', '33', '46', '87', '32', '14', '22', '38', '53', '42', '49', '41', '12', '48', '54', '19', '70', '30', '51', '58', '29', '55', '59', '62', '82', '47', '52', '31', '39', '77', '40', '60', '50', '56', '68', '67', '57', '72', '61', '73', '63', '64', '74', '80', '85', '65', '66', '81', '69', '71', '79', '75', '76', '78', '83', '84', '86', '88', '89']"
195,1348,1.6061960083407805,32879,1473,998,674.8030980041704,"[0, 3, 3, 0, 2, 0, 3, 2, 2, 2, 1, 1, 2, 0, 3, 0, 1, 2, 1, 3, 0, 2, 3, 2, 1, 3, 3, 1, 2, 0, 3, 1, 3, 1, 0, 3, 1, 0, 0, 1, 2, 2, 3, 1, 0, 0, 1, 1, 2, 3, 1, 0, 3, 2, 2, 1, 3, 1, 2, 3, 1, 0, 3, 2, 3, 3, 2, 2, 3, 0, 1, 2, 3, 1, 1, 3, 1, 2, 1, 2, 0, 3, 1, 0, 0, 3, 0, 1, 0, 2]","['0', '1', '7', '2', '3', '17', '8', '16', '87', '4', '6', '5', '12', '14', '10', '9', '18', '26', '23', '13', '25', '28', '27', '21', '20', '32', '22', '11', '33', '35', '38', '37', '46', '44', '49', '34', '45', '53', '24', '43', '15', '19', '30', '41', '54', '36', '70', '29', '48', '55', '51', '60', '42', '58', '31', '62', '40', '82', '39', '50', '59', '57', '61', '63', '47', '77', '64', '56', '65', '66', '52', '68', '72', '73', '79', '80', '81', '74', '67', '85', '69', '71', '75', '76', '78', '83', '84', '86', '88', '89']"
196,1278,1.5561643835616439,30722,1259,873,639.7780821917809,"[1, 2, 2, 2, 2, 2, 2, 2, 1, 1, 0, 3, 0, 1, 3, 0, 3, 2, 2, 3, 3, 1, 2, 3, 3, 3, 1, 1, 1, 2, 1, 1, 1, 0, 1, 0, 1, 2, 3, 1, 2, 3, 0, 0, 3, 0, 2, 2, 0, 2, 3, 1, 1, 0, 1, 2, 2, 1, 1, 3, 1, 2, 1, 1, 0, 2, 2, 3, 0, 3, 3, 1, 3, 3, 0, 0, 2, 3, 2, 0, 2, 3, 2, 3, 2, 3, 1, 1, 0, 2]","['0', '1', '7', '2', '17', '3', '5', '11', '12', '8', '4', '10', '6', '15', '14', '13', '16', '9', '26', '22', '23', '27', '38', '87', '18', '28', '19', '21', '36', '25', '29', '34', '20', '30', '33', '41', '48', '31', '35', '40', '44', '24', '37', '42', '50', '57', '46', '32', '56', '67', '43', '51', '82', '59', '39', '47', '49', '77', '58', '45', '60', '55', '54', '68', '72', '61', '52', '53', '70', '73', '79', '62', '74', '80', '81', '85', '63', '64', '65', '66', '69', '71', '75', '76', '78', '83', '84', '86', '88', '89']"
197,1510,1.7754262198706643,31781,1433,894,755.8877131099354,"[0, 2, 0, 2, 0, 2, 0, 1, 2, 0, 2, 1, 1, 1, 2, 0, 1, 2, 3, 2, 2, 2, 1, 3, 2, 3, 3, 0, 2, 1, 3, 3, 2, 0, 1, 2, 3, 3, 2, 0, 3, 2, 2, 3, 1, 0, 0, 3, 2, 1, 2, 1, 2, 0, 3, 1, 2, 3, 0, 3, 2, 3, 1, 2, 0, 3, 3, 3, 1, 2, 2, 0, 2, 3, 2, 3, 1, 3, 3, 2, 2, 2, 3, 1, 0, 1, 0, 1, 1, 2]","['0', '1', '2', '7', '17', '8', '3', '16', '4', '5', '11', '10', '6', '9', '15', '12', '27', '87', '21', '18', '25', '34', '19', '24', '14', '22', '29', '35', '82', '30', '46', '23', '44', '26', '13', '20', '43', '28', '33', '32', '41', '36', '51', '48', '38', '42', '37', '60', '58', '59', '49', '70', '45', '53', '31', '39', '40', '54', '62', '50', '47', '56', '57', '55', '68', '67', '52', '77', '61', '63', '72', '73', '64', '80', '79', '74', '81', '65', '66', '69', '85', '71', '75', '76', '78', '83', '84', '86', '88', '89']"
198,1362,1.6,32302,1426,961,681.8,"[3, 1, 2, 2, 0, 0, 3, 2, 1, 0, 1, 0, 2, 3, 1, 3, 0, 2, 1, 3, 1, 3, 3, 2, 2, 2, 2, 1, 3, 3, 0, 2, 3, 0, 2, 2, 0, 2, 0, 0, 2, 1, 0, 1, 0, 0, 0, 0, 1, 1, 1, 0, 3, 1, 2, 2, 1, 1, 0, 0, 1, 2, 0, 0, 0, 3, 3, 1, 2, 1, 1, 2, 2, 3, 1, 0, 0, 2, 3, 0, 0, 1, 3, 2, 2, 0, 3, 1, 3, 0]","['0', '2', '1', '5', '7', '17', '3', '11', '4', '10', '12', '6', '8', '14', '16', '15', '13', '87', '9', '27', '18', '21', '36', '24', '20', '33', '34', '25', '26', '32', '35', '19', '43', '44', '30', '23', '45', '37', '42', '53', '55', '28', '46', '29', '41', '51', '49', '48', '82', '58', '70', '31', '40', '22', '50', '56', '54', '38', '62', '47', '59', '68', '57', '67', '72', '39', '52', '73', '74', '60', '77', '61', '80', '63', '81', '85', '79', '64', '65', '66', '69', '71', '75', '76', '78', '83', '84', '86', '88', '89']"
199,1590,1.8504509746872273,31515,1417,941,795.9252254873436,"[0, 2, 1, 3, 1, 2, 1, 1, 1, 0, 2, 2, 3, 0, 0, 0, 2, 1, 3, 3, 2, 2, 2, 2, 1, 3, 1, 1, 2, 2, 1, 3, 0, 0, 0, 1, 0, 1, 0, 0, 3, 3, 1, 1, 1, 3, 3, 1, 1, 2, 1, 1, 1, 1, 0, 0, 1, 3, 1, 1, 0, 3, 2, 0, 0, 1, 2, 0, 1, 3, 3, 0, 0, 3, 3, 3, 0, 1, 3, 1, 0, 0, 1, 3, 0, 1, 2, 2, 2, 0]","['0', '2', '1', '3', '5', '10', '11', '8', '4', '12', '17', '7', '6', '13', '14', '16', '28', '87', '9', '22', '18', '20', '33', '23', '32', '21', '34', '26', '35', '24', '43', '38', '46', '37', '25', '44', '49', '70', '15', '27', '41', '51', '45', '60', '59', '55', '47', '52', '36', '53', '48', '58', '42', '19', '62', '30', '54', '29', '82', '31', '40', '39', '77', '50', '57', '61', '63', '64', '56', '65', '66', '67', '68', '69', '72', '73', '80', '74', '85', '71', '81', '79', '75', '76', '78', '83', '84', '86', '88', '89']"
200,1362,1.6066057210262459,32602,1471,1065,681.8033028605131,"[3, 0, 2, 0, 0, 2, 1, 3, 3, 2, 3, 0, 0, 0, 2, 3, 0, 3, 3, 3, 1, 3, 1, 1, 1, 2, 1, 0, 3, 0, 0, 0, 0, 2, 3, 1, 2, 2, 1, 2, 1, 3, 0, 1, 0, 2, 2, 1, 2, 2, 2, 1, 0, 1, 3, 3, 3, 2, 2, 1, 1, 1, 2, 0, 3, 3, 2, 3, 1, 1, 3, 3, 2, 1, 0, 0, 1, 2, 2, 3, 0, 2, 0, 1, 2, 3, 3, 2, 1, 0]","['0', '1', '7', '4', '8', '2', '6', '17', '15', '3', '13', '5', '10', '28', '12', '9', '11', '14', '27', '18', '26', '23', '16', '25', '21', '19', '87', '34', '29', '22', '38', '37', '30', '20', '33', '24', '32', '31', '36', '40', '42', '49', '35', '39', '70', '46', '44', '82', '41', '50', '77', '43', '48', '56', '51', '57', '68', '67', '60', '47', '52', '59', '58', '72', '74', '45', '55', '54', '61', '53', '73', '79', '63', '80', '85', '64', '81', '62', '65', '66', '69', '71', '75', '76', '78', '83', '84', '86', '88', '89']"
201,1470,1.7334905660377358,31746,1428,1011,735.8667452830189,"[3, 1, 3, 0, 0, 3, 1, 2, 0, 3, 0, 2, 3, 1, 0, 2, 1, 0, 0, 2, 2, 1, 0, 3, 2, 0, 0, 3, 1, 2, 1, 2, 2, 0, 1, 1, 3, 2, 3, 1, 3, 2, 0, 1, 3, 0, 3, 1, 1, 0, 2, 1, 0, 2, 2, 2, 2, 1, 3, 3, 3, 1, 0, 1, 0, 0, 2, 0, 0, 0, 1, 0, 0, 3, 2, 2, 0, 3, 1, 3, 2, 1, 3, 3, 2, 0, 0, 1, 3, 0]","['0', '2', '17', '1', '5', '3', '11', '8', '12', '10', '7', '4', '6', '9', '15', '23', '13', '25', '26', '18', '19', '24', '20', '28', '32', '16', '27', '87', '22', '38', '30', '31', '33', '40', '14', '21', '34', '29', '37', '50', '82', '35', '49', '70', '57', '46', '43', '39', '44', '45', '77', '36', '53', '54', '41', '51', '48', '60', '42', '47', '52', '56', '55', '59', '58', '61', '62', '63', '64', '67', '65', '66', '69', '71', '75', '68', '72', '74', '76', '73', '80', '85', '78', '81', '79', '83', '84', '86', '88', '89']"
202,1552,1.9072196620583717,29338,1366,1045,776.9536098310292,"[0, 3, 0, 1, 1, 2, 0, 2, 1, 3, 0, 1, 2, 3, 0, 0, 2, 0, 3, 1, 0, 0, 1, 0, 1, 3, 2, 3, 1, 1, 1, 2, 0, 1, 2, 0, 1, 0, 2, 2, 3, 3, 0, 2, 2, 3, 2, 3, 0, 1, 2, 2, 3, 3, 1, 0, 3, 1, 3, 2, 3, 3, 3, 0, 3, 3, 0, 0, 3, 2, 3, 1, 3, 1, 2, 3, 2, 3, 3, 0, 2, 3, 1, 2, 1, 2, 0, 2, 3, 3]","['0', '2', '1', '8', '7', '17', '16', '5', '87', '10', '3', '12', '11', '4', '6', '13', '28', '14', '15', '9', '18', '21', '35', '25', '37', '46', '43', '44', '26', '34', '22', '23', '19', '30', '29', '82', '38', '45', '54', '27', '24', '55', '20', '36', '33', '41', '51', '32', '58', '60', '31', '48', '42', '39', '40', '47', '49', '77', '70', '59', '52', '53', '50', '57', '61', '56', '67', '62', '63', '68', '64', '65', '72', '73', '79', '80', '66', '69', '71', '74', '85', '81', '75', '76', '78', '83', '84', '86', '88', '89']"
203,1396,1.6351390922401172,32302,1510,1068,698.81756954612,"[1, 0, 2, 0, 2, 3, 0, 1, 0, 3, 0, 0, 3, 1, 3, 1, 2, 1, 2, 1, 3, 3, 1, 0, 3, 2, 0, 1, 3, 3, 1, 0, 0, 1, 3, 0, 3, 0, 2, 3, 3, 2, 0, 0, 0, 3, 2, 3, 2, 2, 1, 1, 0, 0, 3, 1, 1, 2, 1, 3, 0, 0, 0, 2, 2, 2, 1, 3, 0, 3, 1, 2, 2, 2, 2, 2, 1, 0, 3, 0, 3, 0, 1, 1, 0, 2, 1, 0, 1, 2]","['0', '1', '5', '11', '8', '2', '10', '4', '17', '3', '7', '6', '13', '15', '12', '28', '19', '30', '14', '9', '25', '27', '21', '24', '26', '23', '35', '31', '22', '39', '45', '38', '18', '46', '36', '53', '40', '55', '77', '54', '44', '16', '43', '87', '34', '37', '29', '50', '57', '20', '33', '41', '47', '48', '32', '56', '52', '82', '49', '67', '42', '68', '70', '51', '58', '62', '59', '72', '74', '73', '80', '85', '81', '79', '60', '61', '63', '64', '65', '66', '69', '71', '75', '76', '78', '83', '84', '86', '88', '89']"
204,1376,1.6312981624184943,31551,1316,996,688.8156490812092,"[1, 2, 2, 2, 3, 0, 3, 3, 0, 3, 3, 1, 0, 3, 0, 3, 0, 2, 2, 3, 2, 2, 0, 0, 1, 0, 3, 1, 1, 3, 1, 2, 0, 3, 2, 0, 3, 3, 0, 2, 0, 1, 3, 1, 0, 3, 3, 1, 2, 0, 1, 3, 0, 1, 1, 3, 3, 1, 3, 1, 2, 1, 2, 0, 3, 3, 0, 3, 0, 0, 2, 0, 2, 3, 3, 2, 1, 2, 0, 0, 3, 2, 3, 0, 3, 2, 2, 0, 0, 3]","['0', '1', '2', '4', '5', '11', '8', '17', '3', '6', '12', '9', '10', '24', '25', '7', '15', '19', '22', '30', '21', '27', '23', '18', '16', '38', '36', '34', '13', '14', '35', '26', '46', '37', '44', '28', '20', '41', '31', '32', '40', '47', '33', '45', '43', '49', '42', '51', '53', '54', '58', '62', '55', '52', '48', '39', '77', '70', '50', '56', '57', '29', '82', '87', '68', '60', '67', '72', '59', '74', '61', '63', '64', '65', '73', '66', '79', '69', '80', '85', '81', '71', '75', '76', '78', '83', '84', '86', '88', '89']"
205,1358,1.6004714201532115,29873,1455,978,679.8002357100765,"[1, 1, 1, 3, 1, 2, 1, 3, 0, 3, 3, 0, 3, 3, 3, 0, 2, 3, 1, 1, 0, 1, 0, 3, 1, 2, 1, 2, 3, 2, 3, 3, 2, 2, 1, 2, 2, 2, 1, 1, 0, 2, 0, 2, 2, 2, 3, 3, 0, 2, 1, 3, 3, 3, 0, 0, 1, 3, 1, 2, 2, 2, 2, 0, 1, 2, 0, 2, 0, 0, 1, 0, 1, 1, 0, 1, 0, 3, 1, 1, 3, 0, 0, 3, 3, 1, 0, 1, 2, 1]","['0', '1', '8', '3', '2', '5', '4', '11', '10', '7', '12', '16', '87', '17', '6', '14', '9', '15', '18', '13', '26', '27', '23', '22', '19', '24', '20', '21', '25', '29', '82', '36', '35', '43', '38', '45', '34', '28', '30', '37', '31', '32', '55', '40', '49', '33', '53', '70', '39', '41', '50', '46', '51', '59', '48', '56', '44', '77', '58', '67', '68', '72', '73', '57', '54', '60', '62', '42', '80', '79', '47', '52', '85', '61', '63', '74', '64', '81', '65', '66', '69', '71', '75', '76', '78', '83', '84', '86', '88', '89']"
206,1254,1.4897534897534896,31600,1268,875,627.7448767448767,"[0, 0, 2, 1, 0, 2, 0, 1, 2, 3, 3, 1, 3, 2, 1, 1, 2, 0, 1, 2, 1, 3, 1, 3, 0, 0, 0, 2, 0, 2, 0, 2, 1, 2, 3, 1, 2, 1, 1, 0, 1, 2, 0, 3, 0, 3, 0, 1, 1, 2, 0, 2, 2, 3, 3, 0, 2, 3, 1, 0, 1, 1, 3, 3, 0, 0, 0, 3, 1, 2, 1, 3, 3, 2, 1, 2, 3, 2, 3, 2, 3, 2, 2, 0, 3, 2, 1, 1, 0, 0]","['0', '2', '1', '8', '4', '6', '7', '15', '17', '14', '3', '16', '13', '5', '11', '87', '10', '9', '24', '28', '12', '23', '22', '26', '21', '25', '18', '36', '34', '38', '37', '35', '27', '19', '44', '30', '31', '20', '45', '54', '32', '40', '29', '49', '41', '46', '47', '53', '55', '33', '39', '48', '50', '52', '56', '42', '67', '70', '82', '43', '77', '57', '51', '68', '60', '58', '72', '59', '61', '62', '63', '64', '73', '74', '65', '79', '66', '80', '69', '71', '81', '85', '75', '76', '78', '83', '84', '86', '88', '89']"
207,1471,1.748588410104012,31898,1348,934,736.374294205052,"[1, 2, 2, 2, 1, 0, 3, 2, 1, 1, 1, 3, 0, 1, 1, 2, 0, 0, 1, 2, 0, 3, 3, 3, 2, 2, 2, 0, 3, 0, 0, 0, 0, 2, 2, 3, 2, 1, 0, 0, 0, 2, 1, 0, 3, 0, 3, 3, 3, 1, 1, 1, 3, 3, 3, 0, 0, 0, 1, 3, 3, 3, 0, 1, 2, 0, 2, 3, 0, 1, 2, 0, 2, 1, 3, 3, 3, 3, 3, 3, 0, 2, 3, 0, 0, 2, 2, 1, 0, 3]","['0', '2', '1', '5', '12', '11', '3', '8', '7', '4', '10', '16', '17', '87', '6', '9', '14', '15', '26', '24', '19', '25', '27', '29', '82', '18', '20', '23', '22', '30', '13', '21', '37', '38', '31', '32', '49', '39', '28', '40', '35', '36', '33', '42', '46', '45', '53', '70', '50', '77', '57', '34', '44', '43', '55', '54', '41', '51', '59', '58', '47', '48', '62', '60', '61', '63', '52', '56', '64', '68', '67', '65', '66', '72', '73', '80', '79', '85', '81', '74', '69', '71', '75', '76', '78', '83', '84', '86', '88', '89']"
208,1524,1.8024837374334712,33472,1368,931,762.9012418687167,"[2, 1, 3, 2, 0, 0, 1, 2, 0, 2, 2, 2, 3, 2, 0, 3, 2, 1, 0, 2, 0, 0, 3, 2, 1, 2, 2, 1, 3, 0, 3, 1, 2, 0, 0, 2, 2, 0, 0, 1, 1, 3, 1, 3, 3, 3, 3, 0, 1, 3, 2, 2, 2, 3, 3, 0, 3, 0, 0, 0, 3, 2, 3, 0, 1, 0, 2, 1, 1, 2, 1, 3, 0, 1, 0, 0, 3, 2, 0, 3, 2, 1, 0, 0, 0, 1, 0, 1, 1, 0]","['0', '1', '4', '6', '8', '13', '7', '5', '12', '14', '3', '9', '2', '25', '26', '18', '11', '16', '17', '20', '10', '33', '21', '34', '32', '28', '27', '22', '37', '35', '36', '23', '46', '44', '24', '15', '19', '42', '87', '30', '31', '43', '40', '38', '45', '55', '54', '49', '50', '39', '57', '77', '41', '70', '53', '47', '51', '48', '56', '59', '67', '58', '29', '60', '52', '62', '68', '61', '63', '82', '64', '72', '65', '66', '69', '73', '80', '79', '85', '81', '74', '71', '75', '76', '78', '83', '84', '86', '88', '89']"
209,1587,1.8588579795021962,32277,1464,1018,794.429428989751,"[2, 0, 3, 2, 0, 1, 2, 2, 0, 0, 2, 0, 1, 0, 0, 2, 3, 1, 0, 3, 3, 3, 1, 1, 2, 2, 1, 3, 3, 0, 2, 0, 2, 0, 0, 3, 1, 2, 1, 1, 0, 0, 0, 1, 2, 0, 0, 3, 3, 0, 2, 1, 2, 1, 2, 3, 1, 0, 2, 2, 0, 2, 1, 0, 1, 3, 1, 0, 0, 1, 3, 0, 3, 0, 2, 0, 1, 0, 0, 3, 0, 3, 2, 3, 3, 0, 3, 3, 1, 2]","['0', '2', '1', '8', '3', '4', '7', '5', '11', '17', '10', '12', '16', '6', '14', '9', '15', '18', '20', '23', '27', '13', '28', '22', '26', '33', '38', '19', '25', '24', '21', '34', '30', '37', '87', '32', '35', '41', '48', '43', '49', '47', '45', '70', '36', '53', '51', '54', '42', '58', '44', '59', '62', '29', '52', '55', '46', '82', '31', '40', '50', '56', '39', '57', '60', '68', '77', '72', '74', '73', '80', '85', '67', '61', '81', '79', '63', '64', '65', '66', '69', '71', '75', '76', '78', '83', '84', '86', '88', '89']"
210,1674,2.0247958875113397,31741,1509,1069,838.0123979437557,"[3, 1, 0, 3, 0, 3, 2, 3, 0, 0, 0, 1, 3, 2, 1, 2, 3, 0, 1, 1, 2, 2, 3, 2, 0, 3, 3, 1, 0, 1, 2, 0, 2, 0, 2, 1, 3, 0, 2, 3, 2, 0, 0, 0, 3, 2, 0, 2, 2, 0, 0, 2, 3, 3, 0, 1, 3, 2, 3, 2, 2, 1, 3, 0, 0, 2, 1, 3, 0, 1, 0, 0, 0, 0, 1, 1, 1, 0, 2, 0, 3, 2, 1, 0, 1, 3, 0, 0, 2, 1]","['0', '1', '2', '5', '4', '10', '12', '8', '7', '6', '9', '27', '17', '26', '14', '18', '16', '11', '20', '22', '13', '87', '15', '33', '21', '37', '19', '24', '28', '3', '32', '25', '34', '30', '41', '23', '48', '35', '29', '36', '49', '70', '45', '44', '54', '31', '53', '39', '77', '42', '47', '40', '43', '38', '52', '51', '46', '58', '50', '59', '57', '55', '60', '56', '62', '61', '68', '67', '82', '72', '63', '74', '64', '73', '79', '80', '81', '85', '65', '66', '69', '71', '75', '76', '78', '83', '84', '86', '88', '89']"
211,1628,1.9141681363903587,32670,1321,974,814.9570840681952,"[3, 0, 1, 0, 0, 1, 0, 3, 1, 2, 2, 3, 2, 3, 0, 3, 3, 1, 1, 1, 3, 1, 0, 1, 1, 0, 1, 1, 3, 2, 3, 3, 2, 1, 3, 1, 3, 1, 3, 3, 3, 0, 1, 3, 2, 2, 3, 1, 0, 2, 1, 2, 1, 3, 1, 0, 1, 3, 1, 3, 0, 2, 1, 3, 0, 3, 0, 3, 1, 0, 1, 0, 0, 3, 2, 0, 3, 1, 2, 2, 1, 0, 2, 2, 1, 1, 0, 1, 0, 1]","['0', '2', '17', '1', '5', '4', '6', '3', '7', '14', '13', '15', '8', '9', '16', '87', '27', '11', '22', '23', '18', '26', '21', '10', '34', '36', '35', '28', '24', '44', '43', '20', '37', '38', '33', '32', '42', '12', '41', '51', '49', '46', '58', '19', '45', '47', '70', '29', '52', '53', '60', '30', '55', '31', '82', '48', '62', '25', '54', '39', '40', '77', '50', '56', '68', '59', '72', '57', '67', '74', '61', '63', '64', '73', '65', '79', '80', '85', '66', '81', '69', '71', '75', '76', '78', '83', '84', '86', '88', '89']"
212,1475,1.7739025856885147,30089,1319,818,738.3869512928443,"[3, 0, 2, 0, 2, 3, 1, 2, 1, 2, 2, 3, 2, 1, 0, 1, 0, 0, 0, 0, 2, 2, 1, 3, 1, 2, 0, 0, 3, 2, 3, 2, 0, 2, 1, 0, 0, 1, 0, 2, 2, 3, 1, 0, 0, 0, 3, 2, 1, 3, 3, 3, 2, 2, 0, 2, 2, 1, 1, 1, 3, 0, 0, 0, 0, 0, 1, 0, 0, 3, 1, 1, 0, 2, 0, 2, 1, 2, 1, 1, 0, 0, 3, 0, 3, 0, 1, 1, 1, 2]","['0', '1', '8', '5', '11', '7', '12', '2', '10', '17', '4', '6', '14', '15', '16', '19', '3', '29', '13', '82', '28', '87', '30', '9', '21', '34', '37', '24', '36', '23', '18', '35', '27', '45', '46', '43', '20', '26', '44', '25', '31', '54', '39', '40', '50', '33', '22', '53', '38', '41', '57', '51', '60', '55', '59', '61', '42', '77', '32', '48', '49', '58', '56', '47', '70', '52', '63', '68', '72', '64', '62', '65', '74', '66', '67', '69', '71', '73', '75', '79', '80', '85', '76', '81', '78', '83', '84', '86', '88', '89']"
213,1521,1.7773882559158634,30741,1422,1009,761.3886941279579,"[2, 2, 1, 1, 1, 3, 0, 1, 2, 0, 2, 1, 0, 1, 0, 3, 3, 2, 0, 2, 2, 1, 3, 0, 0, 2, 1, 1, 0, 3, 3, 0, 0, 0, 2, 0, 2, 2, 3, 1, 0, 1, 2, 0, 1, 1, 1, 1, 1, 1, 0, 1, 2, 2, 3, 0, 0, 3, 0, 3, 0, 1, 1, 0, 1, 0, 0, 1, 3, 1, 3, 3, 2, 0, 0, 0, 2, 3, 1, 0, 1, 2, 0, 1, 3, 0, 2, 3, 2, 0]","['0', '1', '8', '2', '7', '4', '6', '13', '16', '3', '5', '11', '17', '12', '9', '21', '10', '24', '27', '23', '18', '36', '25', '14', '37', '15', '20', '34', '33', '22', '19', '42', '28', '32', '30', '38', '49', '35', '43', '41', '70', '26', '87', '29', '44', '48', '46', '51', '58', '82', '47', '52', '45', '59', '54', '53', '31', '60', '40', '55', '50', '56', '68', '57', '67', '39', '72', '61', '62', '63', '64', '65', '74', '77', '66', '73', '80', '85', '69', '71', '79', '75', '81', '76', '78', '83', '84', '86', '88', '89']"
214,1291,1.5502851996397478,32351,1563,1182,646.2751425998199,"[3, 1, 3, 0, 0, 0, 1, 0, 2, 1, 0, 3, 2, 3, 1, 3, 1, 1, 3, 0, 3, 2, 0, 1, 0, 3, 1, 3, 1, 3, 3, 2, 1, 2, 2, 3, 2, 0, 2, 0, 3, 0, 3, 3, 1, 1, 2, 1, 3, 2, 3, 1, 1, 1, 0, 0, 2, 0, 3, 1, 1, 2, 2, 3, 2, 2, 0, 2, 0, 1, 2, 0, 1, 3, 1, 0, 2, 1, 0, 2, 2, 3, 2, 1, 0, 2, 3, 0, 3, 0]","['0', '2', '17', '1', '4', '6', '15', '3', '8', '5', '9', '26', '13', '22', '23', '21', '25', '35', '38', '12', '43', '19', '45', '7', '11', '36', '55', '30', '54', '34', '14', '18', '53', '37', '29', '24', '46', '44', '10', '16', '28', '82', '87', '20', '27', '32', '49', '41', '70', '48', '47', '52', '31', '51', '40', '58', '59', '33', '50', '57', '62', '42', '60', '61', '56', '68', '63', '72', '39', '67', '77', '73', '64', '79', '74', '65', '66', '80', '69', '81', '85', '71', '75', '76', '78', '83', '84', '86', '88', '89']"
215,1459,1.7358715050565139,30502,1315,983,730.3679357525283,"[1, 1, 1, 0, 3, 3, 3, 0, 0, 1, 3, 1, 0, 3, 3, 2, 1, 0, 1, 3, 2, 2, 2, 3, 1, 1, 1, 0, 2, 0, 2, 3, 0, 1, 3, 0, 0, 3, 1, 0, 3, 3, 1, 2, 0, 2, 0, 2, 2, 1, 0, 0, 2, 2, 2, 0, 0, 1, 0, 0, 2, 3, 2, 3, 2, 1, 0, 0, 1, 2, 2, 1, 0, 2, 3, 2, 1, 3, 2, 3, 0, 3, 1, 0, 0, 2, 2, 2, 0, 3]","['0', '2', '1', '17', '7', '8', '4', '6', '15', '5', '9', '22', '27', '24', '13', '14', '21', '35', '37', '36', '46', '18', '44', '43', '11', '25', '45', '16', '55', '26', '10', '53', '54', '28', '23', '87', '34', '12', '3', '20', '32', '19', '29', '38', '41', '82', '48', '51', '60', '49', '47', '30', '33', '59', '31', '70', '58', '39', '62', '40', '77', '52', '50', '57', '56', '68', '67', '72', '73', '79', '61', '42', '63', '74', '80', '81', '85', '64', '65', '66', '69', '71', '75', '76', '78', '83', '84', '86', '88', '89']"
216,1396,1.6535386437666568,33847,1563,1067,698.8267693218834,"[3, 2, 1, 1, 0, 0, 0, 0, 2, 2, 2, 2, 2, 1, 2, 1, 1, 1, 3, 2, 1, 0, 1, 3, 1, 2, 0, 0, 2, 2, 0, 1, 3, 1, 3, 1, 0, 1, 3, 1, 3, 0, 3, 1, 3, 1, 2, 2, 1, 3, 2, 1, 1, 2, 2, 2, 2, 1, 0, 3, 2, 0, 3, 3, 3, 2, 2, 0, 2, 1, 3, 0, 0, 1, 2, 1, 2, 0, 2, 3, 0, 3, 0, 2, 3, 1, 1, 0, 1, 3]","['0', '2', '17', '1', '7', '3', '5', '8', '16', '12', '4', '11', '87', '10', '6', '14', '9', '24', '21', '37', '22', '36', '27', '34', '25', '26', '15', '35', '43', '18', '46', '44', '23', '38', '20', '33', '45', '19', '42', '55', '13', '41', '47', '32', '53', '48', '28', '51', '30', '54', '52', '49', '59', '70', '60', '58', '29', '31', '39', '77', '82', '62', '40', '50', '56', '68', '72', '67', '57', '61', '73', '63', '74', '80', '85', '64', '81', '79', '65', '66', '69', '71', '75', '76', '78', '83', '84', '86', '88', '89']"
217,1279,1.5535985423625873,30728,1450,1024,640.2767992711813,"[0, 3, 0, 3, 3, 0, 3, 3, 0, 1, 1, 1, 2, 0, 0, 3, 2, 1, 1, 3, 0, 0, 0, 3, 0, 0, 3, 3, 1, 0, 3, 1, 2, 1, 1, 1, 3, 2, 1, 0, 1, 0, 3, 0, 3, 1, 2, 0, 2, 2, 2, 2, 3, 0, 2, 0, 3, 3, 3, 3, 1, 1, 1, 2, 2, 1, 3, 0, 0, 3, 1, 1, 1, 2, 3, 3, 0, 2, 1, 1, 1, 1, 3, 0, 2, 1, 3, 1, 3, 3]","['0', '2', '17', '1', '3', '7', '5', '11', '8', '12', '16', '4', '87', '10', '6', '9', '21', '23', '22', '26', '15', '19', '38', '30', '36', '13', '25', '37', '18', '28', '27', '34', '20', '32', '14', '35', '43', '44', '41', '47', '33', '45', '55', '48', '49', '52', '24', '51', '31', '54', '53', '29', '60', '46', '58', '42', '82', '62', '59', '39', '77', '40', '50', '56', '68', '67', '57', '70', '72', '73', '80', '61', '63', '64', '81', '85', '79', '65', '66', '74', '69', '71', '75', '76', '78', '83', '84', '86', '88', '89']"
218,1351,1.6016597510373445,31315,1309,886,676.3008298755186,"[1, 1, 2, 1, 3, 1, 1, 0, 1, 2, 2, 1, 2, 2, 0, 2, 2, 1, 0, 3, 3, 3, 0, 1, 2, 3, 3, 2, 1, 2, 1, 2, 3, 1, 1, 0, 2, 0, 2, 3, 3, 0, 2, 1, 2, 2, 1, 3, 2, 3, 1, 3, 3, 3, 3, 0, 1, 3, 1, 1, 2, 1, 3, 3, 3, 3, 1, 1, 2, 0, 0, 1, 1, 0, 2, 1, 1, 2, 2, 0, 3, 1, 0, 2, 3, 2, 0, 1, 2, 1]","['0', '1', '4', '6', '14', '7', '13', '8', '3', '2', '15', '5', '10', '11', '16', '87', '17', '28', '12', '19', '30', '9', '26', '24', '25', '29', '82', '18', '21', '36', '37', '23', '20', '22', '33', '42', '27', '31', '35', '39', '77', '44', '45', '43', '32', '38', '53', '40', '54', '55', '34', '41', '50', '49', '46', '47', '51', '60', '52', '58', '48', '57', '70', '61', '59', '62', '56', '67', '68', '72', '73', '79', '80', '63', '81', '64', '74', '65', '85', '66', '69', '71', '75', '76', '78', '83', '84', '86', '88', '89']"
219,1535,1.867396593673966,31899,1393,957,768.433698296837,"[1, 3, 0, 2, 1, 3, 0, 2, 3, 3, 1, 0, 2, 1, 2, 3, 3, 0, 3, 0, 1, 2, 2, 3, 3, 0, 2, 3, 2, 2, 1, 0, 1, 1, 0, 1, 1, 1, 0, 0, 3, 1, 2, 3, 1, 3, 3, 2, 1, 2, 0, 0, 0, 3, 0, 2, 0, 3, 3, 0, 1, 1, 3, 0, 2, 3, 0, 3, 3, 3, 2, 3, 3, 1, 0, 2, 0, 3, 3, 2, 1, 3, 1, 3, 1, 2, 0, 1, 1, 0]","['0', '2', '1', '3', '4', '17', '6', '5', '12', '14', '8', '7', '13', '15', '11', '9', '27', '22', '16', '87', '18', '19', '26', '25', '29', '10', '30', '24', '82', '31', '40', '50', '20', '33', '57', '28', '23', '38', '21', '39', '36', '34', '37', '41', '42', '35', '44', '48', '46', '43', '32', '47', '51', '59', '49', '58', '77', '45', '53', '62', '70', '55', '56', '68', '67', '52', '60', '61', '72', '54', '63', '64', '74', '65', '66', '69', '71', '73', '79', '80', '75', '81', '85', '76', '78', '83', '84', '86', '88', '89']"
220,1360,1.6545012165450121,31138,1275,884,680.8272506082725,"[3, 2, 3, 1, 1, 2, 1, 0, 1, 0, 3, 0, 0, 0, 0, 3, 2, 1, 1, 2, 1, 0, 2, 3, 2, 1, 0, 1, 0, 3, 3, 1, 0, 3, 2, 3, 1, 0, 2, 3, 2, 0, 0, 2, 1, 1, 0, 3, 0, 1, 0, 2, 0, 0, 3, 3, 3, 2, 0, 0, 1, 3, 1, 2, 0, 1, 2, 0, 3, 3, 2, 3, 2, 0, 1, 1, 3, 1, 3, 2, 0, 3, 2, 2, 2, 2, 0, 0, 0, 0]","['0', '2', '17', '1', '7', '3', '5', '10', '8', '12', '11', '4', '16', '87', '6', '14', '9', '23', '22', '27', '21', '38', '13', '15', '24', '36', '37', '18', '20', '32', '26', '49', '33', '19', '34', '28', '35', '30', '46', '70', '25', '43', '45', '42', '54', '29', '41', '53', '51', '48', '31', '59', '40', '50', '56', '47', '57', '67', '60', '58', '82', '44', '68', '55', '39', '72', '77', '62', '52', '61', '63', '64', '74', '65', '73', '80', '85', '66', '69', '79', '81', '71', '75', '76', '78', '83', '84', '86', '88', '89']"
221,1533,1.7898423817863398,32485,1338,926,767.3949211908931,"[1, 2, 3, 2, 3, 3, 2, 1, 0, 0, 2, 1, 1, 1, 3, 1, 1, 3, 3, 2, 0, 1, 3, 0, 2, 1, 2, 1, 1, 0, 0, 2, 3, 1, 0, 0, 2, 2, 1, 0, 1, 2, 0, 1, 1, 2, 1, 3, 2, 0, 1, 1, 1, 2, 1, 1, 1, 2, 0, 3, 0, 2, 2, 2, 1, 3, 3, 3, 3, 1, 1, 0, 2, 2, 2, 1, 0, 3, 0, 1, 0, 2, 2, 2, 2, 3, 1, 0, 2, 3]","['0', '2', '17', '1', '4', '8', '7', '3', '5', '12', '11', '10', '6', '16', '13', '14', '28', '87', '9', '22', '24', '26', '18', '23', '27', '15', '21', '19', '35', '30', '20', '29', '36', '44', '43', '37', '45', '55', '46', '34', '41', '48', '25', '33', '82', '54', '31', '39', '77', '40', '38', '32', '42', '51', '49', '70', '58', '53', '62', '59', '50', '47', '57', '52', '60', '56', '68', '61', '63', '72', '64', '73', '74', '79', '80', '65', '85', '81', '66', '67', '69', '71', '75', '76', '78', '83', '84', '86', '88', '89']"
222,1449,1.6602692638212546,33091,1375,924,725.3301346319106,"[1, 2, 2, 0, 1, 0, 1, 3, 0, 2, 1, 2, 2, 2, 1, 1, 2, 0, 1, 0, 3, 0, 1, 0, 1, 1, 1, 3, 2, 0, 3, 2, 3, 1, 2, 0, 2, 3, 2, 3, 2, 1, 3, 0, 3, 0, 1, 1, 2, 1, 3, 2, 3, 0, 0, 1, 1, 3, 1, 3, 3, 1, 2, 2, 2, 3, 2, 2, 1, 1, 3, 0, 3, 0, 1, 0, 2, 3, 0, 0, 1, 0, 3, 3, 0, 1, 1, 1, 1, 0]","['0', '1', '5', '12', '11', '8', '3', '2', '10', '7', '16', '17', '87', '4', '6', '9', '25', '26', '13', '27', '22', '14', '15', '28', '24', '18', '19', '23', '38', '29', '82', '30', '20', '33', '21', '36', '37', '34', '32', '35', '41', '42', '48', '46', '31', '43', '40', '49', '47', '45', '55', '50', '53', '56', '39', '54', '51', '58', '70', '68', '77', '44', '59', '62', '67', '72', '60', '73', '80', '52', '81', '79', '74', '57', '61', '85', '63', '64', '65', '66', '69', '71', '75', '76', '78', '83', '84', '86', '88', '89']"
223,1345,1.5912451937296659,29947,1346,884,673.2956225968649,"[1, 1, 1, 0, 3, 3, 3, 2, 1, 2, 1, 0, 1, 0, 0, 2, 0, 2, 1, 1, 1, 3, 0, 1, 3, 2, 3, 3, 2, 1, 1, 1, 0, 2, 0, 3, 3, 0, 0, 2, 1, 1, 3, 0, 3, 0, 0, 0, 2, 2, 0, 3, 1, 2, 1, 1, 3, 0, 2, 3, 0, 3, 2, 2, 0, 3, 2, 3, 1, 1, 1, 2, 0, 3, 1, 1, 3, 3, 3, 1, 2, 3, 0, 2, 3, 1, 2, 1, 1, 0]","['0', '2', '17', '1', '8', '4', '6', '14', '15', '13', '7', '16', '5', '12', '19', '3', '30', '9', '21', '18', '25', '23', '11', '29', '34', '35', '22', '43', '27', '26', '82', '37', '31', '20', '45', '46', '33', '55', '10', '38', '36', '28', '32', '49', '54', '44', '42', '53', '87', '70', '41', '48', '47', '51', '40', '24', '39', '60', '59', '58', '52', '50', '77', '62', '56', '57', '68', '72', '74', '61', '63', '64', '67', '65', '66', '69', '71', '73', '80', '79', '85', '75', '76', '78', '83', '84', '81', '86', '88', '89']"
224,1670,2.0572836464428703,29434,1431,986,836.0286418232214,"[3, 3, 2, 3, 2, 2, 0, 0, 2, 0, 2, 2, 2, 3, 1, 2, 3, 3, 2, 0, 3, 0, 0, 1, 3, 3, 1, 2, 2, 1, 3, 0, 2, 0, 2, 3, 2, 1, 3, 0, 1, 1, 2, 0, 3, 0, 0, 1, 3, 0, 0, 2, 2, 2, 0, 2, 3, 3, 3, 0, 1, 1, 1, 0, 1, 2, 2, 3, 3, 2, 0, 0, 2, 1, 1, 0, 2, 2, 1, 1, 0, 0, 1, 2, 3, 3, 1, 0, 2, 0]","['0', '2', '17', '1', '7', '8', '3', '4', '5', '11', '12', '16', '6', '15', '87', '19', '10', '14', '29', '13', '30', '28', '9', '21', '25', '27', '26', '37', '35', '46', '36', '24', '43', '45', '54', '82', '53', '34', '23', '18', '44', '55', '20', '22', '41', '47', '31', '39', '33', '48', '40', '38', '51', '58', '62', '32', '42', '77', '59', '52', '60', '50', '56', '68', '67', '57', '61', '63', '49', '70', '72', '74', '73', '79', '64', '80', '85', '65', '81', '66', '69', '71', '75', '76', '78', '83', '84', '86', '88', '89']"
225,1365,1.6230677764565993,29279,1315,833,683.3115338882283,"[2, 1, 1, 2, 1, 0, 2, 2, 1, 0, 0, 2, 0, 3, 1, 1, 2, 1, 1, 0, 0, 0, 1, 3, 1, 3, 0, 3, 1, 0, 3, 3, 3, 2, 1, 0, 2, 2, 1, 2, 3, 2, 0, 2, 0, 2, 2, 1, 0, 3, 2, 0, 0, 0, 2, 3, 0, 0, 1, 3, 1, 1, 3, 2, 1, 3, 3, 3, 3, 0, 0, 3, 1, 3, 2, 2, 2, 3, 2, 3, 0, 2, 1, 0, 3, 1, 3, 0, 0, 3]","['0', '2', '17', '1', '3', '4', '7', '5', '11', '10', '6', '13', '8', '16', '9', '15', '87', '21', '18', '35', '23', '44', '37', '26', '36', '12', '45', '28', '53', '54', '43', '46', '24', '19', '22', '14', '55', '34', '30', '29', '82', '20', '32', '49', '41', '38', '33', '27', '25', '48', '31', '70', '51', '58', '42', '47', '62', '40', '59', '60', '52', '39', '50', '57', '77', '56', '67', '68', '61', '72', '74', '73', '80', '85', '79', '63', '81', '64', '65', '66', '69', '71', '75', '76', '78', '83', '84', '86', '88', '89']"
226,1514,1.7959667852906287,31313,1494,1026,757.8979833926453,"[1, 3, 2, 0, 0, 2, 2, 2, 3, 1, 3, 3, 1, 0, 1, 0, 1, 0, 3, 3, 1, 0, 2, 2, 1, 2, 1, 0, 1, 0, 2, 3, 0, 1, 1, 0, 0, 3, 3, 0, 3, 3, 3, 0, 1, 0, 0, 0, 2, 2, 3, 0, 2, 1, 1, 2, 3, 0, 1, 3, 3, 3, 0, 1, 3, 3, 3, 1, 1, 1, 0, 1, 0, 0, 2, 1, 3, 1, 3, 0, 0, 3, 2, 2, 3, 2, 0, 3, 3, 3]","['0', '1', '5', '8', '2', '11', '12', '7', '10', '16', '4', '6', '15', '3', '14', '17', '13', '19', '30', '28', '87', '9', '26', '27', '29', '18', '25', '21', '24', '36', '82', '37', '35', '31', '43', '23', '40', '44', '45', '54', '46', '50', '20', '32', '39', '22', '33', '55', '49', '38', '53', '34', '77', '70', '42', '57', '41', '47', '48', '51', '52', '60', '56', '68', '61', '58', '72', '67', '62', '59', '73', '80', '63', '74', '79', '85', '81', '64', '65', '66', '69', '71', '75', '76', '78', '83', '84', '86', '88', '89']"
227,1514,1.8340399757722592,30774,1474,999,757.9170199878861,"[1, 1, 1, 3, 0, 3, 1, 0, 0, 1, 0, 2, 3, 0, 3, 0, 0, 3, 2, 3, 0, 3, 2, 2, 1, 1, 3, 2, 1, 3, 2, 1, 1, 2, 2, 3, 3, 0, 3, 1, 1, 2, 0, 3, 1, 1, 0, 0, 2, 0, 3, 3, 1, 2, 1, 3, 1, 1, 2, 3, 3, 1, 0, 1, 1, 3, 2, 2, 0, 2, 3, 3, 2, 1, 1, 1, 3, 1, 1, 1, 2, 3, 3, 3, 1, 1, 3, 3, 3, 3]","['0', '1', '3', '5', '12', '4', '6', '10', '14', '7', '9', '26', '24', '21', '13', '36', '35', '43', '18', '15', '28', '23', '8', '46', '27', '25', '45', '54', '37', '11', '55', '22', '20', '32', '2', '33', '34', '16', '44', '42', '49', '38', '87', '53', '17', '70', '41', '47', '48', '51', '58', '52', '62', '19', '60', '59', '30', '31', '40', '50', '57', '61', '63', '56', '29', '68', '64', '67', '72', '74', '65', '66', '82', '69', '71', '39', '77', '73', '79', '75', '76', '78', '83', '80', '84', '85', '81', '86', '88', '89']"
228,1287,1.540394973070018,30075,1333,896,644.270197486535,"[0, 3, 0, 3, 0, 1, 0, 1, 3, 1, 3, 2, 2, 0, 1, 2, 2, 1, 3, 2, 2, 1, 2, 0, 0, 1, 3, 2, 3, 2, 3, 3, 1, 3, 2, 1, 0, 0, 3, 1, 3, 0, 3, 3, 0, 1, 2, 1, 3, 0, 2, 2, 0, 1, 1, 2, 2, 1, 1, 2, 3, 2, 1, 2, 3, 3, 1, 3, 2, 0, 2, 3, 3, 3, 3, 3, 0, 3, 0, 0, 2, 3, 0, 3, 1, 0, 2, 0, 0, 3]","['0', '1', '2', '7', '3', '17', '4', '5', '8', '11', '12', '10', '16', '6', '87', '9', '21', '35', '24', '25', '37', '22', '43', '27', '14', '46', '34', '45', '36', '44', '55', '13', '15', '19', '26', '53', '23', '28', '38', '54', '29', '82', '30', '31', '39', '18', '20', '32', '40', '77', '33', '50', '57', '41', '48', '56', '49', '67', '68', '51', '58', '60', '62', '42', '72', '61', '74', '70', '73', '47', '59', '79', '63', '80', '64', '81', '85', '52', '65', '66', '69', '71', '75', '76', '78', '83', '84', '86', '88', '89']"
229,1629,1.8713383113153361,33421,1402,956,815.4356691556577,"[3, 2, 2, 0, 3, 3, 3, 1, 3, 2, 0, 1, 2, 3, 1, 3, 3, 3, 0, 0, 2, 2, 2, 2, 0, 2, 0, 0, 0, 1, 3, 0, 3, 3, 0, 3, 2, 2, 2, 3, 2, 3, 1, 0, 0, 0, 2, 0, 0, 3, 0, 2, 0, 2, 1, 1, 2, 3, 3, 3, 3, 2, 0, 2, 0, 2, 3, 1, 3, 2, 2, 1, 0, 1, 0, 2, 0, 0, 0, 0, 3, 3, 0, 2, 0, 1, 1, 1, 1, 3]","['0', '2', '1', '7', '3', '8', '5', '16', '4', '17', '6', '10', '14', '87', '11', '13', '9', '18', '20', '33', '24', '22', '21', '26', '34', '15', '37', '35', '44', '41', '27', '28', '12', '43', '47', '32', '46', '19', '51', '58', '45', '59', '49', '29', '25', '23', '60', '36', '54', '48', '38', '82', '55', '52', '70', '30', '53', '31', '42', '39', '40', '62', '50', '57', '56', '77', '68', '72', '73', '79', '67', '80', '61', '81', '74', '85', '63', '64', '65', '66', '69', '71', '75', '76', '78', '83', '84', '86', '88', '89']"
230,1437,1.7096966091612136,34598,1426,1017,719.3548483045806,"[0, 3, 1, 2, 3, 0, 2, 3, 1, 0, 2, 1, 3, 0, 0, 1, 3, 0, 1, 1, 3, 2, 2, 0, 0, 2, 2, 0, 3, 1, 1, 0, 0, 3, 2, 2, 3, 0, 1, 2, 2, 3, 1, 2, 3, 0, 3, 0, 3, 2, 0, 0, 0, 2, 0, 3, 2, 2, 3, 1, 1, 1, 2, 1, 0, 2, 3, 3, 2, 3, 2, 3, 2, 1, 0, 2, 3, 0, 3, 0, 1, 2, 1, 2, 3, 2, 2, 0, 2, 0]","['0', '2', '1', '7', '17', '3', '8', '4', '16', '5', '6', '14', '10', '15', '11', '12', '9', '13', '24', '26', '27', '28', '21', '87', '34', '22', '35', '43', '25', '45', '55', '53', '54', '44', '46', '37', '18', '36', '19', '30', '23', '20', '31', '40', '39', '50', '33', '77', '29', '38', '42', '82', '32', '57', '49', '70', '41', '48', '51', '47', '52', '58', '59', '60', '56', '68', '62', '72', '74', '73', '79', '80', '85', '81', '67', '61', '63', '64', '65', '66', '69', '71', '75', '76', '78', '83', '84', '86', '88', '89']"
231,1184,1.4321136982159057,30947,1228,819,592.716056849108,"[3, 1, 2, 1, 1, 2, 3, 0, 0, 2, 2, 1, 2, 2, 0, 3, 1, 0, 3, 2, 3, 3, 2, 0, 0, 3, 0, 2, 3, 1, 1, 2, 2, 2, 2, 0, 2, 1, 0, 3, 0, 3, 3, 3, 2, 1, 0, 2, 1, 2, 3, 0, 3, 1, 0, 1, 0, 0, 0, 0, 1, 0, 1, 2, 0, 0, 2, 1, 2, 2, 3, 3, 3, 0, 1, 2, 0, 1, 2, 3, 3, 1, 1, 1, 1, 2, 3, 3, 3, 3]","['0', '2', '1', '17', '5', '7', '11', '3', '10', '8', '12', '16', '87', '4', '6', '13', '15', '9', '21', '23', '35', '22', '18', '20', '32', '27', '33', '25', '34', '37', '44', '38', '24', '14', '36', '19', '46', '42', '45', '28', '26', '43', '30', '49', '55', '29', '53', '82', '31', '40', '39', '70', '77', '41', '48', '51', '60', '50', '47', '58', '57', '62', '61', '52', '56', '68', '67', '54', '72', '59', '74', '63', '64', '73', '65', '66', '80', '81', '69', '85', '79', '71', '75', '76', '78', '83', '84', '86', '88', '89']"
232,1699,2.0059031877213696,32294,1444,989,850.5029515938606,"[2, 3, 2, 0, 3, 1, 1, 2, 1, 3, 2, 1, 2, 0, 3, 2, 3, 3, 2, 1, 0, 3, 0, 3, 2, 3, 2, 0, 0, 3, 2, 3, 1, 2, 2, 3, 3, 0, 1, 3, 3, 3, 0, 2, 0, 1, 2, 3, 1, 2, 1, 3, 3, 3, 2, 2, 0, 3, 1, 0, 1, 1, 1, 2, 2, 3, 2, 1, 0, 1, 2, 3, 1, 3, 3, 1, 1, 1, 3, 0, 3, 0, 3, 1, 2, 3, 3, 1, 3, 2]","['0', '1', '3', '5', '2', '17', '4', '8', '7', '12', '6', '13', '15', '14', '19', '30', '16', '10', '87', '9', '22', '26', '23', '18', '27', '28', '11', '24', '31', '20', '29', '40', '25', '82', '39', '50', '57', '21', '32', '36', '37', '34', '35', '77', '44', '38', '45', '33', '55', '53', '49', '41', '54', '47', '46', '43', '70', '48', '51', '52', '42', '59', '60', '61', '58', '56', '63', '67', '62', '68', '64', '72', '73', '79', '74', '65', '80', '81', '85', '66', '69', '71', '75', '76', '78', '83', '84', '86', '88', '89']"
233,1400,1.6465745369009115,32783,1359,917,700.8232872684505,"[0, 2, 0, 3, 0, 2, 0, 2, 2, 0, 3, 0, 0, 3, 3, 2, 1, 2, 2, 2, 3, 1, 0, 3, 0, 2, 2, 1, 3, 3, 1, 1, 2, 0, 3, 0, 0, 0, 1, 0, 3, 1, 3, 0, 3, 2, 3, 2, 1, 3, 3, 3, 2, 1, 0, 2, 3, 2, 2, 3, 3, 3, 1, 0, 2, 0, 1, 1, 2, 0, 3, 3, 2, 2, 2, 1, 1, 1, 3, 2, 3, 0, 1, 1, 1, 3, 0, 3, 1, 3]","['0', '1', '5', '7', '3', '10', '12', '11', '4', '2', '17', '8', '16', '6', '9', '15', '26', '18', '20', '21', '19', '30', '34', '32', '22', '33', '25', '13', '14', '87', '35', '44', '37', '45', '29', '27', '24', '49', '31', '55', '54', '43', '39', '70', '82', '40', '23', '53', '28', '38', '46', '50', '57', '36', '41', '42', '47', '77', '51', '58', '60', '52', '62', '61', '59', '63', '64', '48', '65', '56', '68', '66', '72', '74', '73', '80', '85', '79', '81', '67', '69', '71', '75', '76', '78', '83', '84', '86', '88', '89']"
234,1673,2.016269960831576,32769,1371,908,837.5081349804158,"[0, 1, 3, 3, 3, 1, 3, 1, 0, 2, 2, 2, 0, 0, 2, 1, 0, 1, 0, 3, 0, 2, 2, 2, 2, 1, 3, 3, 3, 3, 0, 3, 2, 0, 3, 0, 2, 1, 1, 2, 0, 0, 1, 0, 3, 0, 3, 1, 0, 1, 1, 2, 2, 2, 2, 3, 2, 2, 3, 2, 0, 1, 0, 2, 0, 1, 2, 3, 0, 3, 1, 1, 3, 3, 3, 2, 2, 3, 0, 1, 3, 2, 2, 2, 2, 2, 2, 2, 3, 0]","['0', '2', '17', '1', '8', '4', '3', '5', '7', '10', '11', '12', '16', '87', '6', '14', '13', '15', '9', '25', '27', '19', '18', '29', '22', '21', '82', '37', '20', '26', '35', '24', '43', '32', '30', '46', '28', '45', '34', '36', '31', '39', '40', '55', '33', '42', '77', '49', '50', '70', '54', '23', '38', '41', '53', '48', '56', '47', '51', '68', '72', '74', '44', '60', '59', '73', '57', '67', '79', '58', '61', '62', '80', '85', '63', '52', '64', '65', '81', '66', '69', '71', '75', '76', '78', '83', '84', '86', '88', '89']"
235,1487,1.7545722713864307,32999,1461,1040,744.3772861356932,"[1, 1, 2, 0, 1, 1, 3, 3, 2, 3, 0, 2, 3, 0, 1, 2, 2, 2, 2, 1, 0, 1, 0, 0, 1, 3, 1, 1, 1, 0, 2, 0, 0, 0, 2, 0, 1, 3, 1, 3, 3, 3, 2, 1, 0, 3, 1, 2, 2, 0, 0, 0, 0, 1, 0, 1, 2, 0, 1, 3, 2, 1, 3, 1, 1, 3, 1, 0, 3, 1, 3, 1, 2, 1, 1, 2, 3, 0, 1, 1, 0, 0, 0, 3, 0, 2, 0, 3, 1, 0]","['0', '2', '1', '17', '7', '8', '3', '4', '16', '5', '6', '15', '9', '21', '24', '27', '26', '14', '23', '25', '13', '35', '43', '45', '11', '44', '34', '18', '54', '87', '22', '36', '12', '10', '37', '28', '20', '53', '46', '33', '55', '19', '29', '32', '38', '49', '30', '82', '70', '31', '40', '39', '42', '77', '50', '41', '48', '56', '57', '47', '52', '68', '67', '51', '72', '58', '62', '60', '61', '73', '59', '63', '64', '74', '79', '65', '80', '81', '66', '85', '69', '71', '75', '76', '78', '83', '84', '86', '88', '89']"
236,1449,1.7087264150943395,33942,1448,1009,725.3543632075472,"[3, 0, 1, 0, 2, 2, 3, 2, 2, 0, 1, 1, 3, 0, 0, 0, 0, 1, 1, 2, 0, 0, 2, 3, 2, 3, 2, 1, 1, 1, 3, 3, 1, 3, 0, 1, 1, 0, 3, 0, 0, 2, 1, 1, 1, 2, 0, 1, 0, 3, 2, 1, 2, 3, 0, 1, 3, 0, 2, 1, 2, 0, 1, 2, 0, 1, 1, 0, 3, 2, 3, 2, 1, 1, 1, 2, 0, 3, 1, 0, 3, 0, 0, 1, 2, 2, 0, 3, 1, 1]","['0', '2', '1', '7', '5', '3', '4', '6', '13', '11', '8', '16', '10', '28', '17', '87', '12', '9', '25', '21', '34', '14', '22', '18', '26', '20', '27', '37', '24', '33', '36', '15', '19', '35', '43', '44', '42', '29', '23', '32', '49', '41', '30', '38', '51', '70', '59', '60', '45', '31', '47', '54', '39', '82', '48', '55', '52', '40', '53', '50', '77', '57', '58', '46', '56', '61', '67', '68', '72', '73', '80', '63', '62', '79', '81', '64', '65', '85', '66', '69', '74', '71', '75', '76', '78', '83', '84', '86', '88', '89']"
237,1347,1.578207381370826,32999,1494,1014,674.2891036906855,"[2, 0, 3, 0, 3, 2, 1, 3, 2, 2, 3, 2, 2, 1, 3, 1, 1, 3, 1, 0, 2, 1, 1, 3, 3, 3, 0, 1, 0, 0, 1, 2, 3, 0, 0, 3, 1, 3, 1, 0, 2, 3, 0, 1, 3, 0, 1, 1, 0, 3, 0, 1, 3, 1, 0, 2, 1, 1, 0, 2, 3, 2, 3, 3, 2, 3, 0, 2, 3, 0, 1, 2, 1, 3, 3, 2, 3, 1, 1, 0, 0, 2, 3, 0, 2, 0, 0, 3, 1, 3]","['0', '2', '1', '7', '17', '8', '16', '5', '3', '4', '87', '6', '10', '15', '13', '28', '11', '9', '25', '22', '24', '21', '23', '26', '27', '18', '36', '20', '34', '35', '41', '14', '44', '45', '53', '12', '43', '51', '55', '46', '37', '58', '60', '32', '33', '38', '19', '54', '62', '30', '47', '52', '59', '49', '31', '29', '70', '42', '48', '40', '82', '39', '77', '50', '57', '56', '61', '63', '68', '64', '67', '65', '72', '73', '74', '79', '66', '80', '85', '69', '71', '81', '75', '76', '78', '83', '84', '86', '88', '89']"
238,1492,1.7573616018845701,33001,1473,1096,746.8786808009423,"[2, 3, 3, 1, 0, 1, 3, 3, 1, 0, 1, 0, 1, 1, 2, 0, 0, 3, 0, 1, 1, 3, 1, 2, 1, 1, 3, 0, 1, 1, 0, 0, 3, 0, 2, 2, 2, 0, 0, 0, 0, 2, 2, 0, 1, 1, 3, 1, 1, 2, 0, 1, 1, 1, 1, 3, 1, 2, 1, 0, 0, 2, 2, 1, 2, 0, 0, 2, 3, 3, 0, 1, 0, 0, 2, 2, 3, 1, 1, 2, 2, 3, 0, 2, 0, 1, 0, 3, 2, 0]","['0', '1', '5', '4', '12', '11', '2', '8', '7', '17', '3', '16', '6', '14', '13', '15', '9', '25', '22', '24', '27', '18', '20', '32', '10', '23', '21', '36', '35', '34', '43', '28', '37', '33', '19', '26', '46', '42', '45', '53', '54', '29', '44', '30', '41', '38', '51', '82', '59', '48', '55', '87', '47', '52', '58', '49', '70', '60', '31', '39', '62', '77', '40', '50', '56', '67', '68', '72', '57', '73', '61', '79', '80', '85', '63', '81', '64', '74', '65', '66', '69', '71', '75', '76', '78', '83', '84', '86', '88', '89']"
239,1353,1.627669172932331,31616,1415,976,677.3138345864662,"[0, 2, 2, 3, 1, 3, 2, 3, 1, 3, 0, 1, 2, 1, 0, 0, 1, 3, 0, 0, 3, 3, 1, 2, 3, 1, 0, 3, 3, 0, 2, 0, 3, 0, 1, 3, 1, 3, 1, 2, 3, 2, 3, 3, 2, 1, 1, 3, 1, 2, 0, 2, 0, 0, 2, 2, 1, 2, 2, 2, 0, 3, 2, 2, 3, 2, 2, 2, 0, 1, 1, 3, 2, 2, 3, 3, 1, 2, 3, 3, 3, 1, 1, 3, 1, 3, 0, 1, 3, 0]","['0', '1', '2', '4', '17', '5', '7', '6', '11', '13', '3', '15', '14', '10', '28', '8', '9', '27', '16', '18', '20', '12', '87', '26', '23', '25', '33', '22', '32', '38', '24', '21', '34', '19', '41', '36', '48', '47', '29', '37', '30', '31', '35', '82', '39', '45', '43', '49', '54', '77', '53', '70', '44', '51', '58', '46', '62', '42', '60', '59', '55', '52', '40', '50', '57', '56', '67', '61', '63', '64', '65', '66', '69', '68', '71', '72', '74', '73', '75', '80', '76', '85', '79', '81', '78', '83', '84', '86', '88', '89']"
240,1223,1.4559523809523809,31067,1484,1042,612.2279761904762,"[1, 0, 1, 3, 0, 3, 1, 3, 2, 0, 3, 0, 3, 0, 1, 0, 2, 2, 1, 0, 2, 0, 2, 3, 0, 3, 3, 1, 2, 1, 2, 2, 2, 2, 1, 0, 3, 0, 1, 3, 2, 2, 3, 3, 0, 3, 1, 2, 0, 3, 1, 0, 3, 1, 3, 1, 3, 2, 0, 2, 0, 1, 1, 2, 1, 3, 1, 2, 0, 0, 2, 1, 3, 1, 3, 3, 0, 2, 3, 0, 0, 3, 1, 0, 2, 1, 1, 2, 2, 0]","['0', '2', '1', '8', '3', '17', '5', '12', '11', '4', '7', '6', '14', '10', '13', '16', '87', '9', '15', '26', '25', '22', '18', '21', '20', '36', '23', '32', '34', '35', '33', '24', '43', '37', '44', '27', '38', '28', '41', '42', '19', '48', '46', '47', '49', '70', '30', '45', '55', '53', '54', '51', '52', '31', '59', '60', '40', '29', '50', '39', '57', '56', '61', '67', '77', '58', '82', '63', '68', '64', '62', '65', '72', '74', '73', '80', '79', '81', '85', '66', '69', '71', '75', '76', '78', '83', '84', '86', '88', '89']"
241,1449,1.7280858676207513,33392,1397,906,725.3640429338104,"[0, 1, 0, 0, 2, 2, 3, 2, 0, 3, 2, 3, 2, 2, 2, 3, 3, 3, 0, 2, 3, 0, 2, 2, 0, 2, 3, 2, 1, 0, 0, 2, 3, 1, 0, 3, 0, 3, 1, 1, 2, 2, 1, 2, 1, 1, 0, 2, 0, 3, 3, 0, 1, 1, 2, 2, 0, 3, 3, 3, 3, 2, 3, 3, 3, 2, 3, 1, 0, 2, 0, 0, 0, 3, 2, 1, 3, 0, 2, 0, 0, 1, 3, 1, 3, 2, 2, 0, 1, 0]","['0', '1', '2', '3', '8', '5', '17', '7', '10', '4', '6', '13', '28', '15', '14', '12', '16', '11', '9', '22', '18', '27', '25', '87', '26', '20', '19', '33', '32', '23', '24', '29', '38', '82', '30', '31', '40', '39', '50', '57', '21', '37', '34', '36', '77', '41', '42', '49', '70', '35', '47', '48', '45', '55', '46', '43', '54', '44', '56', '68', '72', '52', '67', '73', '80', '51', '79', '59', '58', '81', '74', '53', '85', '60', '61', '62', '63', '64', '65', '66', '69', '71', '75', '76', '78', '83', '84', '86', '88', '89']"
242,1326,1.5734203500444972,29754,1453,964,663.7867101750222,"[2, 2, 2, 3, 1, 1, 0, 2, 0, 0, 1, 1, 1, 1, 1, 3, 0, 2, 3, 0, 0, 3, 3, 2, 0, 3, 0, 1, 0, 3, 3, 0, 3, 2, 0, 2, 1, 0, 2, 0, 2, 1, 1, 1, 2, 2, 1, 0, 2, 3, 1, 2, 0, 2, 1, 0, 3, 2, 0, 2, 2, 2, 0, 1, 2, 0, 0, 2, 3, 1, 0, 3, 2, 2, 1, 0, 2, 3, 3, 2, 1, 1, 1, 3, 1, 3, 2, 3, 1, 0]","['0', '1', '7', '3', '8', '5', '11', '4', '6', '9', '2', '12', '26', '23', '13', '24', '10', '21', '14', '27', '25', '16', '17', '34', '28', '18', '36', '35', '22', '20', '32', '45', '38', '55', '37', '15', '43', '46', '19', '87', '41', '33', '42', '54', '29', '82', '53', '48', '49', '51', '44', '30', '59', '60', '31', '47', '52', '39', '70', '58', '62', '40', '77', '50', '56', '67', '68', '57', '72', '73', '61', '74', '63', '79', '80', '85', '81', '64', '65', '66', '69', '71', '75', '76', '78', '83', '84', '86', '88', '89']"
243,1534,1.8588306573765525,32716,1577,1110,767.9294153286883,"[3, 3, 2, 0, 1, 2, 2, 3, 1, 0, 1, 1, 1, 0, 1, 1, 2, 1, 2, 2, 1, 1, 3, 1, 1, 2, 2, 1, 2, 2, 1, 2, 3, 0, 1, 3, 0, 1, 2, 3, 0, 3, 2, 0, 3, 2, 1, 0, 1, 2, 0, 2, 0, 1, 2, 1, 1, 1, 1, 0, 0, 0, 0, 0, 0, 0, 3, 2, 1, 0, 2, 1, 2, 2, 3, 2, 0, 1, 1, 0, 3, 1, 0, 1, 1, 0, 2, 0, 3, 1]","['0', '2', '1', '3', '5', '17', '12', '10', '4', '11', '7', '8', '6', '9', '26', '15', '13', '16', '25', '22', '28', '24', '27', '87', '23', '14', '38', '19', '18', '20', '32', '33', '21', '35', '36', '34', '30', '43', '45', '46', '29', '53', '44', '42', '41', '82', '47', '31', '55', '51', '48', '40', '59', '54', '58', '50', '52', '39', '56', '77', '68', '60', '67', '62', '57', '61', '63', '64', '65', '37', '66', '49', '70', '72', '73', '80', '79', '69', '74', '71', '75', '85', '76', '78', '83', '81', '84', '86', '88', '89']"
244,1319,1.58248350329934,29593,1409,985,660.2912417516496,"[1, 0, 3, 1, 2, 0, 0, 1, 3, 3, 0, 1, 0, 0, 3, 0, 0, 2, 3, 0, 2, 0, 0, 0, 0, 3, 0, 1, 3, 2, 2, 2, 2, 2, 1, 0, 3, 2, 2, 2, 3, 2, 1, 0, 3, 3, 1, 2, 0, 3, 3, 3, 2, 0, 1, 0, 1, 1, 2, 1, 3, 3, 1, 3, 3, 2, 2, 2, 1, 2, 0, 1, 1, 2, 1, 2, 3, 1, 0, 3, 2, 1, 2, 0, 0, 2, 3, 2, 0, 2]","['0', '2', '17', '1', '8', '7', '16', '4', '3', '6', '15', '13', '87', '5', '10', '12', '19', '30', '9', '26', '22', '25', '24', '28', '21', '36', '34', '35', '18', '46', '20', '27', '23', '41', '44', '37', '11', '32', '31', '39', '38', '48', '47', '77', '52', '49', '40', '45', '54', '55', '14', '33', '29', '43', '70', '42', '51', '59', '60', '53', '58', '50', '82', '56', '62', '68', '72', '74', '57', '61', '67', '73', '63', '79', '64', '65', '80', '81', '66', '69', '71', '85', '75', '76', '78', '83', '84', '86', '88', '89']"
245,1478,1.7151145923991877,34011,1371,915,739.8575572961996,"[0, 0, 0, 2, 1, 1, 1, 1, 1, 2, 2, 3, 2, 1, 0, 0, 1, 3, 3, 0, 1, 0, 1, 3, 1, 1, 3, 1, 1, 2, 0, 3, 1, 3, 2, 3, 3, 1, 0, 2, 2, 1, 0, 3, 1, 3, 0, 3, 3, 0, 1, 1, 1, 1, 0, 1, 1, 3, 2, 1, 3, 3, 0, 2, 2, 2, 1, 3, 3, 2, 3, 3, 1, 2, 3, 3, 3, 1, 3, 0, 3, 3, 2, 1, 3, 0, 2, 2, 2, 2]","['0', '2', '17', '1', '8', '5', '11', '12', '4', '10', '7', '3', '6', '15', '14', '19', '29', '82', '9', '21', '16', '36', '37', '22', '23', '13', '24', '38', '27', '18', '35', '34', '28', '44', '45', '30', '55', '87', '53', '20', '33', '26', '42', '46', '25', '43', '41', '32', '49', '54', '51', '59', '60', '58', '48', '31', '47', '40', '39', '50', '77', '57', '52', '70', '56', '68', '67', '61', '62', '72', '74', '63', '73', '79', '80', '64', '81', '65', '85', '66', '69', '71', '75', '76', '78', '83', '84', '86', '88', '89']"
246,1381,1.618991793669402,32509,1448,987,691.3094958968347,"[1, 0, 3, 1, 3, 3, 2, 2, 2, 0, 0, 0, 1, 2, 3, 1, 2, 3, 1, 1, 3, 2, 0, 3, 1, 2, 2, 3, 3, 0, 0, 0, 2, 2, 0, 0, 0, 1, 3, 0, 0, 1, 3, 0, 0, 0, 1, 2, 1, 3, 1, 1, 2, 3, 2, 2, 1, 1, 3, 3, 0, 0, 1, 2, 0, 1, 3, 0, 3, 1, 2, 3, 3, 2, 3, 0, 3, 3, 3, 0, 2, 0, 3, 1, 2, 0, 0, 1, 1, 2]","['0', '1', '8', '4', '6', '13', '14', '2', '5', '7', '9', '22', '27', '3', '26', '11', '21', '16', '25', '24', '37', '17', '35', '46', '36', '15', '34', '44', '23', '38', '87', '12', '45', '19', '54', '55', '43', '18', '29', '10', '82', '28', '53', '20', '41', '32', '33', '30', '31', '42', '49', '51', '47', '40', '39', '70', '60', '50', '57', '52', '48', '77', '61', '59', '58', '63', '56', '68', '67', '62', '64', '65', '72', '73', '74', '66', '79', '80', '85', '81', '69', '71', '75', '76', '78', '83', '84', '86', '88', '89']"
247,1497,1.7726465364120783,29880,1320,858,749.3863232682061,"[1, 1, 0, 3, 1, 1, 1, 0, 3, 3, 1, 2, 1, 0, 2, 3, 1, 1, 2, 2, 2, 1, 2, 3, 1, 2, 3, 3, 2, 0, 0, 1, 2, 2, 3, 1, 1, 1, 2, 0, 3, 2, 0, 2, 2, 2, 0, 1, 3, 1, 0, 3, 3, 3, 2, 0, 0, 2, 0, 2, 0, 3, 0, 1, 3, 1, 2, 0, 0, 2, 1, 2, 1, 1, 1, 2, 1, 3, 0, 3, 2, 1, 1, 2, 1, 3, 1, 2, 1, 2]","['0', '1', '3', '2', '4', '6', '8', '5', '14', '15', '17', '11', '7', '12', '9', '23', '22', '26', '24', '19', '30', '27', '13', '16', '87', '10', '28', '25', '38', '31', '18', '21', '36', '35', '20', '34', '33', '42', '39', '40', '50', '46', '43', '44', '41', '45', '53', '37', '32', '51', '57', '29', '60', '82', '49', '54', '55', '70', '47', '52', '59', '61', '58', '63', '64', '62', '77', '65', '66', '48', '56', '67', '68', '72', '73', '79', '80', '69', '85', '71', '74', '75', '81', '76', '78', '83', '84', '86', '88', '89']"
248,1404,1.6488549618320612,32812,1413,972,702.824427480916,"[2, 1, 0, 0, 2, 2, 0, 2, 1, 3, 3, 0, 2, 2, 3, 2, 2, 3, 1, 2, 2, 0, 1, 3, 3, 1, 3, 2, 3, 2, 3, 1, 2, 0, 1, 1, 1, 3, 2, 1, 1, 2, 0, 2, 2, 3, 0, 3, 2, 1, 3, 3, 2, 0, 1, 2, 2, 1, 1, 0, 1, 3, 0, 0, 1, 0, 2, 0, 0, 1, 3, 3, 2, 2, 2, 2, 3, 0, 0, 1, 3, 0, 0, 0, 1, 1, 3, 3, 0, 2]","['0', '1', '8', '2', '7', '5', '17', '16', '11', '4', '87', '10', '12', '6', '14', '15', '19', '29', '82', '30', '13', '28', '9', '23', '21', '35', '45', '55', '24', '37', '46', '53', '36', '18', '44', '22', '54', '34', '3', '27', '20', '43', '25', '33', '26', '38', '41', '32', '51', '60', '49', '31', '48', '42', '58', '47', '39', '59', '70', '77', '62', '40', '50', '57', '61', '63', '64', '52', '65', '56', '66', '67', '69', '68', '72', '74', '73', '71', '80', '81', '85', '79', '75', '76', '78', '83', '84', '86', '88', '89']"
249,1442,1.719737626714371,30807,1457,987,721.8598688133571,"[2, 1, 2, 0, 0, 1, 0, 0, 1, 0, 0, 1, 1, 2, 1, 0, 3, 2, 0, 0, 3, 0, 1, 3, 3, 2, 1, 2, 1, 1, 0, 0, 3, 0, 2, 2, 1, 0, 1, 0, 3, 1, 2, 2, 0, 0, 2, 3, 0, 1, 0, 0, 2, 3, 1, 0, 1, 1, 1, 1, 1, 1, 0, 2, 1, 1, 3, 1, 2, 1, 0, 2, 1, 3, 3, 1, 1, 3, 2, 0, 2, 3, 3, 3, 3, 0, 2, 0, 0, 1]","['0', '2', '1', '17', '4', '8', '7', '3', '6', '5', '14', '16', '13', '15', '11', '12', '9', '21', '23', '87', '37', '22', '34', '26', '36', '25', '38', '35', '44', '18', '10', '45', '24', '28', '53', '46', '19', '30', '43', '54', '29', '20', '55', '32', '33', '82', '27', '49', '31', '70', '41', '40', '42', '39', '47', '51', '50', '52', '77', '59', '48', '58', '56', '60', '67', '68', '72', '74', '57', '62', '73', '80', '79', '81', '61', '63', '85', '64', '65', '66', '69', '71', '75', '76', '78', '83', '84', '86', '88', '89']"
250,1456,1.7064166422502198,31794,1276,939,728.8532083211251,"[1, 3, 2, 0, 2, 1, 0, 0, 2, 1, 1, 3, 3, 0, 2, 0, 0, 1, 1, 1, 0, 0, 1, 0, 0, 0, 1, 0, 1, 0, 2, 1, 2, 0, 0, 1, 1, 2, 2, 0, 1, 0, 1, 2, 1, 1, 2, 2, 1, 1, 3, 2, 2, 2, 1, 0, 1, 1, 2, 3, 0, 1, 0, 3, 0, 0, 0, 3, 2, 0, 1, 2, 1, 3, 2, 1, 2, 3, 1, 0, 3, 2, 2, 2, 0, 0, 0, 2, 0, 3]","['0', '2', '17', '1', '5', '7', '4', '10', '6', '15', '14', '8', '11', '13', '3', '16', '28', '9', '12', '23', '87', '24', '22', '21', '38', '34', '26', '36', '18', '25', '35', '20', '44', '33', '46', '37', '43', '32', '27', '42', '41', '45', '51', '59', '48', '47', '55', '49', '58', '53', '19', '62', '70', '54', '60', '52', '30', '31', '40', '50', '39', '29', '82', '57', '56', '68', '67', '72', '77', '74', '61', '63', '64', '73', '65', '66', '80', '69', '79', '85', '81', '71', '75', '76', '78', '83', '84', '86', '88', '89']"
251,1399,1.6779610194902548,31905,1278,891,700.3389805097452,"[3, 2, 2, 0, 0, 2, 3, 3, 1, 2, 3, 2, 0, 0, 3, 3, 0, 3, 0, 0, 0, 2, 3, 0, 1, 3, 0, 3, 2, 2, 0, 2, 2, 3, 0, 1, 2, 1, 1, 3, 2, 0, 0, 2, 0, 0, 2, 1, 0, 2, 0, 3, 2, 3, 3, 0, 3, 1, 3, 0, 0, 0, 0, 3, 3, 3, 3, 0, 2, 1, 2, 1, 2, 0, 0, 2, 1, 2, 0, 3, 1, 3, 1, 2, 3, 2, 1, 2, 0, 3]","['0', '1', '5', '10', '3', '12', '4', '2', '6', '8', '13', '28', '15', '9', '24', '23', '22', '14', '38', '18', '20', '17', '26', '21', '37', '36', '34', '41', '35', '45', '32', '48', '7', '46', '54', '16', '27', '47', '49', '25', '44', '70', '87', '43', '51', '58', '19', '52', '60', '33', '11', '30', '29', '53', '82', '62', '59', '55', '31', '42', '40', '50', '56', '67', '39', '77', '68', '57', '61', '63', '64', '72', '73', '65', '74', '79', '66', '80', '81', '85', '69', '71', '75', '76', '78', '83', '84', '86', '88', '89']"
252,1259,1.500595947556615,31549,1299,886,630.2502979737783,"[1, 3, 0, 0, 1, 3, 2, 1, 2, 2, 1, 0, 0, 2, 3, 1, 2, 0, 2, 3, 1, 2, 0, 0, 1, 2, 2, 0, 1, 0, 2, 0, 2, 1, 3, 0, 2, 3, 1, 3, 0, 1, 1, 1, 1, 2, 2, 3, 0, 2, 3, 2, 1, 0, 0, 3, 1, 0, 3, 1, 1, 2, 0, 2, 1, 2, 3, 0, 1, 2, 3, 1, 3, 3, 3, 3, 2, 2, 2, 0, 1, 2, 3, 3, 2, 1, 3, 3, 3, 3]","['0', '1', '2', '5', '17', '10', '4', '11', '3', '8', '7', '12', '6', '16', '87', '15', '14', '9', '13', '23', '25', '27', '22', '38', '26', '19', '24', '30', '21', '29', '28', '82', '34', '37', '35', '31', '43', '36', '45', '54', '40', '44', '55', '53', '18', '20', '32', '33', '42', '50', '49', '46', '39', '77', '41', '48', '47', '51', '52', '59', '70', '60', '58', '57', '62', '56', '67', '61', '63', '68', '64', '65', '66', '72', '69', '74', '73', '80', '79', '85', '71', '81', '75', '76', '78', '83', '84', '86', '88', '89']"
253,1328,1.5486880466472304,32244,1425,970,664.7743440233236,"[1, 2, 0, 0, 3, 1, 1, 2, 1, 0, 3, 3, 1, 0, 2, 2, 2, 1, 2, 1, 2, 3, 1, 0, 3, 2, 2, 0, 1, 2, 2, 2, 2, 2, 1, 3, 1, 1, 2, 1, 1, 3, 1, 3, 3, 0, 1, 3, 1, 3, 1, 0, 2, 0, 3, 3, 3, 2, 0, 1, 0, 3, 2, 3, 3, 0, 0, 2, 0, 1, 1, 1, 3, 0, 1, 3, 3, 2, 0, 3, 2, 3, 3, 0, 3, 1, 2, 3, 2, 2]","['0', '2', '17', '1', '3', '5', '8', '7', '10', '12', '4', '11', '6', '13', '14', '9', '26', '22', '23', '16', '38', '25', '15', '28', '27', '24', '18', '21', '87', '37', '20', '35', '34', '19', '29', '41', '45', '32', '53', '36', '47', '49', '43', '46', '55', '44', '52', '51', '54', '70', '30', '58', '82', '48', '62', '60', '33', '59', '31', '39', '42', '40', '77', '50', '56', '57', '61', '67', '63', '68', '72', '74', '64', '73', '80', '79', '81', '65', '66', '69', '85', '71', '75', '76', '78', '83', '84', '86', '88', '89']"
254,1240,1.4705010376519418,31949,1336,983,620.735250518826,"[2, 1, 0, 3, 0, 0, 1, 2, 1, 0, 0, 1, 0, 2, 1, 1, 2, 1, 0, 3, 3, 2, 3, 2, 2, 0, 0, 0, 2, 3, 3, 0, 1, 0, 1, 0, 0, 1, 2, 1, 1, 2, 0, 2, 2, 3, 2, 1, 3, 2, 2, 2, 2, 3, 0, 3, 2, 0, 2, 3, 0, 0, 2, 3, 1, 0, 3, 0, 3, 1, 2, 0, 2, 3, 0, 1, 1, 3, 0, 1, 1, 2, 1, 2, 3, 2, 1, 3, 3, 2]","['0', '2', '1', '4', '3', '17', '5', '7', '10', '11', '8', '16', '6', '9', '12', '18', '24', '15', '19', '26', '22', '23', '21', '20', '87', '32', '25', '38', '14', '36', '13', '37', '33', '30', '35', '43', '44', '46', '34', '42', '45', '27', '41', '28', '47', '48', '31', '51', '55', '54', '53', '39', '77', '29', '49', '40', '52', '58', '50', '56', '57', '59', '67', '68', '60', '62', '70', '82', '61', '72', '74', '73', '79', '80', '81', '85', '63', '64', '65', '66', '69', '71', '75', '76', '78', '83', '84', '86', '88', '89']"
255,1391,1.6269005847953217,31562,1444,1038,696.3134502923976,"[2, 2, 2, 0, 0, 0, 3, 1, 0, 1, 2, 0, 3, 1, 2, 3, 0, 1, 1, 1, 2, 0, 3, 0, 2, 2, 1, 0, 1, 2, 3, 0, 2, 2, 1, 3, 1, 2, 1, 2, 2, 3, 0, 2, 0, 0, 3, 0, 0, 0, 3, 0, 2, 0, 2, 1, 2, 3, 0, 2, 2, 0, 0, 3, 0, 2, 2, 3, 0, 0, 1, 3, 0, 1, 2, 3, 3, 3, 2, 3, 0, 2, 2, 1, 1, 1, 0, 3, 0, 2]","['0', '2', '1', '4', '3', '17', '6', '14', '5', '12', '10', '9', '21', '37', '11', '13', '27', '15', '7', '28', '18', '25', '23', '20', '8', '33', '32', '35', '22', '38', '44', '45', '55', '24', '16', '19', '26', '36', '87', '30', '53', '31', '40', '29', '42', '54', '34', '82', '43', '39', '49', '41', '77', '70', '50', '46', '48', '57', '47', '51', '56', '59', '68', '58', '60', '61', '52', '63', '67', '62', '64', '72', '73', '74', '79', '80', '81', '65', '66', '69', '71', '75', '76', '85', '78', '83', '84', '86', '88', '89']"
256,1304,1.5224751897256275,30399,1403,1002,652.7612375948628,"[1, 2, 0, 0, 1, 3, 3, 2, 1, 3, 0, 1, 3, 0, 0, 1, 3, 1, 0, 3, 2, 3, 1, 3, 1, 0, 2, 2, 2, 3, 1, 2, 3, 0, 2, 0, 3, 0, 1, 3, 3, 1, 1, 2, 2, 2, 1, 2, 3, 2, 3, 0, 1, 2, 2, 1, 1, 3, 2, 0, 1, 1, 3, 2, 3, 2, 2, 0, 3, 3, 2, 1, 0, 0, 2, 1, 0, 2, 1, 0, 3, 1, 2, 0, 0, 3, 0, 1, 1, 2]","['0', '2', '17', '1', '5', '8', '11', '10', '3', '7', '4', '16', '87', '12', '6', '14', '13', '9', '21', '23', '15', '22', '27', '35', '24', '43', '38', '36', '37', '19', '45', '55', '46', '53', '28', '30', '18', '20', '54', '44', '26', '31', '40', '50', '29', '82', '25', '32', '34', '39', '49', '77', '70', '41', '57', '51', '33', '58', '48', '62', '60', '59', '42', '56', '67', '61', '47', '52', '63', '64', '65', '68', '66', '69', '71', '75', '72', '74', '73', '79', '80', '85', '81', '76', '78', '83', '84', '86', '88', '89']"
257,2175,2.6149684400360687,31648,1320,1020,1088.807484220018,"[0, 2, 3, 3, 0, 0, 2, 3, 3, 0, 0, 2, 1, 2, 3, 1, 0, 0, 3, 3, 2, 3, 0, 2, 1, 3, 3, 2, 1, 1, 2, 2, 2, 2, 2, 2, 0, 1, 2, 2, 3, 2, 2, 2, 3, 2, 2, 2, 2, 0, 1, 2, 2, 3, 0, 2, 2, 1, 1, 3, 1, 3, 0, 0, 2, 2, 2, 2, 3, 2, 1, 2, 0, 1, 0, 0, 1, 2, 2, 3, 2, 0, 3, 0, 2, 2, 2, 2, 2, 3]","['0', '2', '17', '1', '3', '4', '6', '14', '13', '7', '8', '15', '5', '12', '11', '9', '24', '22', '10', '19', '28', '25', '23', '26', '16', '18', '21', '29', '30', '20', '82', '38', '35', '32', '87', '27', '31', '36', '44', '43', '39', '34', '33', '40', '45', '46', '54', '53', '55', '50', '77', '57', '42', '41', '37', '47', '49', '70', '52', '51', '58', '62', '60', '48', '59', '61', '56', '63', '64', '68', '67', '72', '65', '73', '74', '66', '79', '69', '71', '80', '85', '75', '81', '76', '78', '83', '84', '86', '88', '89']"
258,1624,1.9607606399034108,30399,1412,995,812.9803803199517,"[0, 0, 3, 1, 3, 2, 1, 1, 2, 3, 1, 0, 3, 2, 1, 0, 2, 3, 3, 1, 3, 0, 1, 2, 2, 3, 2, 2, 0, 0, 1, 1, 0, 3, 1, 3, 3, 1, 0, 1, 0, 1, 2, 1, 2, 0, 1, 0, 1, 1, 2, 0, 3, 0, 1, 1, 2, 0, 1, 3, 3, 1, 3, 0, 0, 1, 0, 2, 1, 0, 3, 0, 3, 2, 0, 1, 2, 2, 0, 3, 2, 0, 0, 3, 0, 0, 1, 0, 2, 0]","['0', '1', '4', '7', '2', '6', '8', '14', '5', '16', '13', '17', '10', '3', '87', '11', '9', '21', '34', '26', '37', '12', '15', '18', '20', '35', '24', '22', '45', '53', '19', '27', '43', '41', '33', '36', '30', '42', '46', '25', '54', '31', '40', '51', '60', '32', '23', '58', '28', '59', '48', '44', '55', '47', '29', '38', '62', '52', '50', '57', '39', '56', '77', '67', '68', '61', '49', '72', '70', '74', '73', '63', '80', '64', '65', '85', '81', '79', '82', '66', '69', '71', '75', '76', '78', '83', '84', '86', '88', '89']"
259,1521,1.822648292390653,33013,1543,1044,761.4113241461953,"[0, 3, 1, 2, 1, 1, 0, 2, 1, 3, 1, 1, 0, 1, 1, 1, 1, 3, 1, 0, 1, 1, 1, 0, 3, 3, 0, 0, 3, 1, 1, 2, 3, 3, 3, 1, 3, 0, 0, 1, 2, 2, 0, 3, 1, 3, 2, 2, 3, 0, 1, 2, 1, 1, 2, 0, 2, 2, 3, 0, 0, 1, 2, 3, 1, 1, 3, 0, 0, 2, 1, 2, 0, 0, 3, 1, 1, 1, 3, 0, 2, 2, 1, 3, 0, 2, 0, 0, 3, 1]","['0', '2', '17', '1', '8', '5', '7', '12', '3', '11', '16', '4', '6', '87', '9', '22', '26', '25', '27', '13', '23', '15', '14', '24', '10', '21', '35', '38', '28', '37', '45', '44', '36', '43', '53', '46', '55', '19', '29', '82', '18', '54', '30', '31', '20', '34', '39', '41', '32', '77', '51', '47', '33', '40', '52', '50', '60', '48', '59', '57', '49', '42', '58', '56', '62', '70', '67', '68', '61', '63', '64', '65', '66', '72', '74', '69', '71', '73', '75', '80', '85', '79', '76', '78', '83', '84', '81', '86', '88', '89']"
260,1506,1.7960644007155635,30968,1329,897,753.8980322003578,"[3, 1, 2, 2, 1, 1, 2, 2, 2, 2, 3, 2, 2, 3, 0, 2, 3, 0, 3, 1, 2, 1, 2, 3, 1, 1, 1, 2, 2, 1, 0, 2, 3, 2, 1, 3, 2, 0, 1, 1, 2, 0, 2, 0, 2, 1, 1, 2, 2, 2, 1, 0, 3, 0, 2, 3, 3, 3, 0, 2, 0, 3, 2, 3, 3, 3, 3, 0, 2, 1, 3, 3, 1, 0, 3, 2, 3, 3, 2, 1, 0, 1, 1, 1, 2, 1, 1, 3, 0, 3]","['0', '2', '17', '1', '3', '8', '4', '5', '7', '12', '16', '87', '11', '6', '13', '10', '15', '19', '30', '14', '29', '28', '82', '9', '25', '26', '18', '21', '35', '37', '36', '44', '20', '22', '33', '45', '43', '55', '34', '23', '38', '42', '46', '27', '53', '32', '31', '40', '50', '41', '47', '48', '24', '51', '56', '54', '67', '58', '62', '49', '70', '57', '60', '39', '61', '77', '68', '59', '52', '63', '64', '65', '72', '74', '66', '69', '71', '73', '79', '80', '81', '75', '76', '85', '78', '83', '84', '86', '88', '89']"
261,1643,2.014097456328532,29882,1306,929,822.5070487281642,"[3, 0, 0, 1, 2, 1, 3, 2, 1, 2, 3, 0, 0, 3, 0, 3, 1, 2, 1, 2, 2, 0, 0, 2, 1, 0, 1, 1, 1, 2, 1, 0, 2, 1, 0, 1, 2, 2, 1, 1, 2, 2, 2, 2, 0, 2, 0, 0, 2, 3, 0, 2, 2, 1, 0, 1, 0, 3, 2, 2, 2, 2, 2, 0, 1, 1, 1, 0, 1, 3, 1, 2, 1, 2, 0, 3, 0, 3, 2, 2, 0, 0, 3, 2, 3, 2, 2, 0, 1, 3]","['0', '1', '8', '7', '5', '3', '10', '11', '12', '2', '17', '16', '4', '87', '6', '15', '9', '21', '22', '34', '26', '14', '37', '25', '19', '27', '18', '20', '32', '41', '33', '35', '49', '45', '13', '28', '47', '54', '29', '48', '70', '44', '24', '55', '53', '43', '46', '51', '58', '52', '30', '59', '62', '82', '60', '23', '31', '39', '38', '77', '40', '50', '36', '42', '57', '61', '63', '56', '67', '68', '64', '65', '66', '72', '74', '73', '69', '71', '75', '79', '80', '81', '85', '76', '78', '83', '84', '86', '88', '89']"
262,1474,1.7149505526468878,32485,1496,1030,737.8574752763235,"[1, 1, 0, 2, 2, 1, 1, 1, 2, 1, 1, 2, 2, 1, 0, 3, 1, 2, 0, 2, 1, 2, 3, 1, 1, 0, 1, 0, 3, 3, 1, 3, 1, 0, 0, 2, 2, 2, 0, 0, 3, 2, 3, 0, 1, 3, 2, 1, 1, 2, 0, 0, 3, 0, 2, 3, 1, 1, 2, 3, 2, 1, 2, 2, 2, 1, 0, 1, 0, 1, 0, 3, 1, 1, 1, 1, 1, 0, 3, 3, 2, 1, 2, 3, 0, 2, 0, 2, 0, 0]","['0', '1', '2', '7', '8', '16', '87', '3', '4', '5', '17', '12', '10', '11', '6', '9', '15', '26', '23', '13', '25', '18', '20', '28', '27', '14', '22', '38', '19', '32', '30', '29', '24', '33', '31', '40', '21', '50', '36', '82', '39', '42', '57', '37', '35', '49', '46', '44', '77', '45', '53', '70', '55', '43', '54', '34', '41', '48', '51', '56', '60', '68', '47', '67', '59', '58', '52', '61', '62', '72', '63', '64', '65', '73', '80', '66', '69', '71', '75', '85', '74', '79', '76', '81', '78', '83', '84', '86', '88', '89']"
263,1608,1.9408569704284853,30271,1442,985,804.9704284852143,"[3, 2, 2, 3, 0, 2, 2, 1, 0, 1, 0, 2, 0, 3, 1, 3, 1, 2, 2, 2, 1, 1, 0, 1, 0, 2, 1, 3, 2, 2, 2, 3, 1, 0, 1, 1, 0, 0, 1, 2, 0, 0, 2, 0, 1, 1, 2, 3, 2, 3, 3, 3, 3, 1, 0, 3, 2, 0, 0, 0, 3, 2, 2, 3, 3, 0, 0, 2, 0, 3, 1, 1, 2, 3, 3, 1, 0, 1, 3, 2, 2, 0, 1, 1, 3, 1, 2, 2, 2, 2]","['0', '2', '17', '1', '8', '7', '4', '6', '3', '15', '5', '10', '14', '16', '87', '11', '13', '28', '12', '9', '23', '26', '22', '21', '27', '38', '35', '24', '43', '44', '36', '19', '29', '25', '37', '82', '34', '45', '55', '46', '30', '31', '53', '40', '18', '54', '39', '77', '20', '32', '41', '48', '50', '51', '60', '33', '57', '56', '49', '42', '68', '61', '67', '59', '63', '64', '72', '58', '70', '62', '65', '74', '73', '66', '79', '80', '47', '81', '52', '85', '69', '71', '75', '76', '78', '83', '84', '86', '88', '89']"
264,1594,1.9758289432909824,29465,1338,944,797.9879144716455,"[1, 3, 2, 3, 0, 2, 2, 3, 0, 2, 2, 3, 3, 1, 1, 1, 3, 2, 1, 1, 0, 3, 3, 0, 1, 3, 3, 2, 3, 2, 3, 3, 2, 2, 1, 2, 2, 3, 3, 3, 3, 2, 0, 0, 3, 0, 1, 3, 0, 1, 2, 3, 1, 1, 2, 2, 1, 3, 2, 3, 2, 0, 2, 0, 2, 0, 3, 3, 1, 2, 2, 2, 0, 3, 2, 2, 3, 0, 2, 0, 3, 0, 1, 1, 1, 2, 2, 1, 0, 0]","['0', '2', '17', '1', '5', '8', '11', '12', '10', '4', '7', '16', '6', '9', '15', '23', '14', '87', '3', '26', '13', '24', '18', '20', '32', '19', '30', '29', '28', '27', '82', '25', '22', '33', '21', '36', '35', '37', '34', '41', '42', '38', '46', '49', '48', '45', '44', '55', '70', '47', '54', '52', '43', '51', '59', '31', '60', '58', '40', '50', '53', '56', '67', '68', '72', '57', '61', '63', '74', '39', '77', '73', '79', '62', '64', '65', '66', '80', '69', '71', '81', '85', '75', '76', '78', '83', '84', '86', '88', '89']"
265,1451,1.7125995868987902,32310,1273,904,726.3562997934494,"[2, 2, 0, 3, 1, 1, 2, 2, 2, 0, 1, 0, 0, 2, 1, 0, 2, 0, 2, 2, 1, 0, 2, 3, 0, 3, 1, 0, 3, 0, 1, 1, 0, 2, 0, 0, 1, 0, 1, 2, 2, 2, 2, 0, 2, 0, 0, 1, 2, 0, 0, 0, 1, 3, 3, 3, 2, 3, 3, 3, 3, 0, 3, 1, 2, 0, 0, 3, 3, 3, 2, 2, 2, 1, 2, 1, 2, 1, 3, 1, 1, 1, 3, 0, 3, 0, 0, 3, 0, 1]","['0', '2', '1', '17', '8', '5', '4', '3', '6', '9', '21', '35', '34', '18', '12', '11', '36', '20', '23', '37', '13', '25', '41', '32', '46', '27', '48', '44', '26', '45', '10', '7', '47', '24', '15', '55', '53', '33', '52', '43', '49', '54', '16', '87', '14', '51', '58', '28', '59', '19', '62', '29', '82', '42', '30', '31', '60', '40', '50', '56', '22', '39', '67', '68', '57', '77', '61', '63', '70', '64', '72', '74', '65', '73', '79', '80', '38', '85', '66', '69', '71', '81', '75', '76', '78', '83', '84', '86', '88', '89']"
266,1385,1.6409952606635072,33349,1491,1102,693.3204976303317,"[2, 1, 0, 3, 2, 3, 3, 1, 3, 0, 2, 2, 0, 3, 1, 3, 0, 2, 3, 2, 2, 0, 2, 3, 0, 3, 1, 3, 2, 1, 0, 2, 1, 2, 2, 0, 3, 3, 2, 1, 0, 0, 0, 2, 2, 3, 1, 2, 0, 3, 1, 3, 3, 0, 2, 0, 3, 2, 1, 1, 0, 1, 2, 0, 1, 1, 1, 0, 0, 3, 2, 0, 2, 0, 0, 0, 1, 1, 1, 3, 0, 0, 3, 2, 0, 1, 1, 0, 3, 0]","['0', '1', '8', '2', '17', '3', '4', '6', '7', '16', '14', '87', '5', '10', '15', '11', '9', '27', '22', '18', '24', '12', '13', '25', '26', '20', '33', '28', '32', '19', '30', '23', '31', '40', '38', '29', '82', '21', '39', '36', '42', '35', '77', '44', '46', '45', '55', '50', '34', '37', '49', '53', '54', '57', '43', '70', '41', '48', '47', '56', '51', '60', '61', '68', '52', '72', '74', '58', '73', '62', '80', '85', '67', '59', '81', '79', '63', '64', '65', '66', '69', '71', '75', '76', '78', '83', '84', '86', '88', '89']"
267,1321,1.5877403846153846,32597,1442,1043,661.2938701923077,"[1, 0, 1, 1, 3, 1, 2, 0, 1, 3, 1, 1, 3, 0, 3, 0, 2, 2, 3, 2, 2, 1, 0, 1, 1, 0, 0, 2, 3, 1, 3, 3, 2, 2, 3, 1, 2, 0, 1, 0, 1, 1, 0, 0, 1, 1, 3, 2, 1, 0, 2, 2, 3, 2, 2, 2, 0, 1, 1, 1, 0, 2, 1, 1, 0, 3, 1, 3, 0, 0, 2, 3, 0, 2, 2, 3, 3, 2, 1, 1, 1, 2, 2, 3, 1, 3, 3, 3, 0, 1]","['0', '1', '2', '7', '8', '5', '16', '10', '11', '87', '3', '17', '4', '12', '6', '15', '9', '27', '14', '24', '13', '18', '26', '22', '23', '21', '20', '32', '34', '41', '47', '48', '36', '38', '35', '45', '53', '54', '28', '33', '37', '55', '25', '43', '51', '59', '46', '44', '60', '49', '58', '42', '62', '52', '19', '29', '82', '30', '70', '31', '40', '39', '77', '50', '57', '61', '63', '56', '67', '64', '65', '68', '72', '66', '73', '69', '74', '79', '80', '71', '85', '81', '75', '76', '78', '83', '84', '86', '88', '89']"
268,1371,1.65330117576123,30448,1459,970,686.3266505878806,"[0, 3, 2, 3, 1, 1, 3, 0, 1, 3, 0, 1, 3, 0, 0, 2, 1, 0, 1, 0, 3, 3, 1, 1, 3, 0, 1, 3, 0, 0, 2, 0, 3, 0, 1, 2, 2, 3, 1, 3, 2, 2, 1, 1, 3, 1, 3, 1, 3, 1, 0, 2, 3, 2, 2, 3, 3, 3, 2, 0, 2, 2, 3, 3, 3, 0, 2, 2, 2, 2, 3, 2, 3, 2, 0, 0, 2, 2, 3, 2, 0, 0, 0, 0, 0, 1, 2, 0, 2, 0]","['0', '2', '17', '1', '8', '5', '7', '11', '12', '10', '4', '16', '87', '3', '6', '14', '15', '9', '27', '26', '24', '19', '21', '37', '13', '25', '18', '29', '35', '44', '22', '46', '36', '20', '28', '23', '34', '38', '43', '41', '51', '33', '32', '42', '47', '52', '48', '49', '60', '58', '82', '30', '59', '70', '31', '45', '55', '53', '62', '40', '39', '54', '50', '57', '56', '68', '61', '77', '63', '67', '64', '72', '65', '74', '73', '66', '79', '69', '80', '71', '81', '75', '85', '76', '78', '83', '84', '86', '88', '89']"
269,1514,1.7964995550281815,32208,1551,1044,757.8982497775141,"[0, 3, 0, 1, 0, 2, 3, 2, 3, 3, 3, 3, 0, 3, 0, 3, 1, 2, 2, 0, 1, 3, 2, 0, 3, 0, 0, 3, 3, 1, 3, 2, 3, 2, 3, 3, 1, 2, 1, 3, 0, 3, 1, 1, 2, 0, 0, 3, 2, 1, 3, 0, 0, 1, 2, 2, 3, 1, 2, 3, 1, 3, 1, 2, 3, 2, 1, 0, 3, 2, 3, 0, 0, 2, 0, 3, 1, 1, 2, 0, 1, 2, 2, 1, 3, 2, 3, 1, 1, 3]","['0', '2', '1', '4', '17', '7', '8', '6', '14', '16', '15', '13', '87', '3', '5', '9', '18', '22', '24', '25', '21', '35', '44', '10', '46', '34', '36', '26', '23', '20', '32', '28', '37', '38', '33', '42', '45', '43', '54', '27', '53', '41', '51', '55', '12', '58', '47', '60', '52', '62', '59', '19', '48', '49', '11', '70', '29', '82', '30', '31', '40', '50', '57', '56', '61', '67', '39', '68', '77', '72', '73', '80', '79', '74', '63', '85', '64', '65', '81', '66', '69', '71', '75', '76', '78', '83', '84', '86', '88', '89']"
270,1502,1.825030376670717,31283,1292,921,751.9125151883353,"[1, 2, 2, 0, 3, 2, 1, 0, 0, 3, 2, 3, 0, 0, 1, 1, 3, 3, 2, 2, 0, 2, 0, 3, 2, 3, 3, 0, 0, 1, 2, 3, 1, 2, 3, 3, 3, 2, 2, 1, 0, 0, 1, 0, 2, 2, 2, 0, 3, 2, 3, 3, 2, 2, 2, 0, 0, 1, 3, 1, 0, 1, 2, 3, 0, 0, 2, 3, 3, 0, 1, 0, 1, 0, 1, 2, 0, 0, 0, 1, 0, 1, 0, 0, 2, 2, 2, 1, 0, 1]","['0', '1', '7', '5', '12', '2', '4', '11', '10', '6', '14', '8', '9', '24', '16', '3', '87', '15', '21', '25', '27', '22', '26', '23', '36', '13', '37', '17', '34', '38', '18', '19', '29', '82', '35', '20', '33', '28', '32', '49', '44', '70', '46', '45', '53', '54', '43', '42', '30', '31', '40', '41', '51', '47', '55', '50', '39', '57', '77', '59', '48', '60', '58', '62', '56', '61', '67', '52', '68', '72', '63', '73', '80', '79', '85', '81', '64', '74', '65', '66', '69', '71', '75', '76', '78', '83', '84', '86', '88', '89']"
271,1402,1.6830732292917168,31901,1431,990,701.8415366146459,"[1, 1, 0, 0, 0, 1, 2, 2, 3, 2, 1, 1, 0, 2, 3, 2, 2, 0, 1, 3, 3, 3, 0, 1, 3, 3, 3, 1, 0, 3, 1, 1, 2, 0, 0, 1, 2, 3, 1, 2, 0, 3, 1, 0, 3, 2, 3, 2, 0, 1, 3, 1, 2, 2, 3, 1, 2, 1, 2, 2, 1, 3, 2, 0, 0, 3, 0, 2, 2, 2, 2, 2, 3, 3, 2, 2, 0, 0, 0, 1, 0, 2, 0, 1, 3, 2, 3, 1, 0, 3]","['0', '2', '17', '1', '5', '4', '3', '12', '6', '7', '13', '10', '15', '8', '19', '28', '11', '9', '26', '23', '16', '18', '27', '30', '25', '24', '14', '22', '29', '20', '31', '38', '32', '82', '87', '39', '33', '21', '77', '34', '35', '46', '37', '41', '44', '40', '50', '43', '49', '51', '70', '45', '36', '60', '42', '54', '48', '56', '68', '58', '53', '55', '59', '62', '57', '61', '47', '67', '63', '52', '72', '64', '65', '74', '66', '69', '71', '75', '76', '73', '80', '78', '79', '83', '81', '84', '85', '86', '88', '89']"
272,1394,1.590870185449358,32609,1335,869,697.7954350927247,"[2, 3, 1, 1, 1, 1, 0, 1, 2, 2, 1, 3, 2, 1, 3, 1, 1, 2, 0, 2, 0, 1, 0, 3, 3, 3, 0, 2, 0, 3, 3, 1, 1, 3, 3, 1, 3, 1, 3, 2, 3, 0, 2, 0, 1, 2, 1, 3, 1, 1, 2, 1, 1, 1, 2, 1, 3, 2, 3, 0, 3, 0, 1, 0, 0, 0, 3, 3, 0, 1, 1, 2, 3, 2, 3, 3, 1, 1, 3, 0, 2, 2, 0, 0, 2, 0, 0, 3, 2, 2]","['0', '2', '17', '1', '4', '7', '8', '6', '14', '3', '13', '5', '15', '10', '9', '22', '18', '23', '24', '20', '32', '11', '38', '25', '21', '33', '12', '27', '28', '35', '44', '16', '46', '26', '34', '43', '41', '48', '87', '45', '47', '55', '53', '51', '59', '37', '60', '49', '36', '52', '54', '58', '62', '70', '19', '30', '29', '82', '31', '40', '42', '50', '39', '57', '61', '56', '77', '68', '63', '64', '67', '72', '73', '65', '80', '81', '74', '66', '79', '85', '69', '71', '75', '76', '78', '83', '84', '86', '88', '89']"
273,1412,1.6966055872634425,28537,1240,917,706.8483027936318,"[0, 3, 0, 3, 0, 0, 3, 3, 1, 0, 1, 3, 3, 2, 0, 3, 2, 3, 2, 3, 3, 3, 0, 1, 3, 0, 3, 3, 2, 0, 1, 0, 2, 1, 2, 2, 0, 0, 2, 1, 1, 1, 3, 3, 1, 1, 2, 3, 0, 0, 3, 2, 2, 3, 1, 3, 1, 1, 1, 3, 1, 3, 0, 3, 0, 0, 0, 0, 0, 0, 1, 0, 2, 0, 1, 1, 1, 3, 3, 1, 0, 1, 2, 0, 0, 3, 0, 1, 2, 1]","['0', '1', '3', '5', '2', '12', '4', '6', '17', '14', '10', '15', '11', '9', '8', '19', '7', '18', '20', '23', '29', '30', '33', '27', '13', '16', '82', '22', '32', '25', '21', '26', '87', '24', '36', '28', '42', '37', '38', '34', '41', '35', '44', '47', '46', '48', '31', '39', '45', '55', '43', '40', '54', '50', '52', '77', '49', '57', '56', '70', '68', '72', '51', '58', '73', '60', '61', '74', '67', '80', '53', '81', '62', '59', '85', '63', '64', '79', '65', '66', '69', '71', '75', '76', '78', '83', '84', '86', '88', '89']"
274,1782,2.132854578096948,30610,1182,837,892.0664272890484,"[0, 3, 1, 0, 2, 0, 0, 0, 0, 0, 2, 1, 0, 2, 3, 0, 0, 1, 1, 2, 3, 0, 0, 1, 0, 3, 0, 3, 0, 3, 1, 1, 1, 3, 0, 0, 2, 0, 1, 1, 0, 2, 0, 2, 3, 0, 0, 2, 0, 3, 0, 0, 0, 2, 2, 2, 2, 0, 1, 0, 0, 1, 1, 3, 3, 0, 3, 2, 2, 2, 1, 2, 3, 3, 2, 1, 1, 1, 0, 2, 3, 2, 1, 0, 0, 0, 3, 3, 0, 0]","['0', '1', '5', '12', '4', '10', '6', '9', '2', '15', '18', '21', '22', '24', '17', '36', '3', '8', '14', '37', '7', '19', '20', '27', '33', '16', '32', '34', '35', '13', '42', '43', '87', '46', '30', '25', '23', '38', '11', '28', '44', '45', '55', '29', '82', '41', '51', '49', '54', '48', '59', '26', '53', '31', '58', '39', '70', '40', '47', '60', '52', '62', '77', '50', '56', '68', '67', '72', '74', '57', '61', '73', '79', '63', '80', '81', '64', '85', '65', '66', '69', '71', '75', '76', '78', '83', '84', '86', '88', '89']"
275,1551,1.8486293206197855,33635,1584,1152,776.4243146603098,"[0, 3, 0, 1, 1, 2, 2, 1, 2, 3, 3, 3, 0, 2, 2, 1, 3, 0, 2, 3, 0, 3, 3, 3, 1, 1, 3, 1, 3, 0, 3, 2, 2, 0, 0, 0, 3, 0, 0, 0, 3, 3, 2, 2, 3, 1, 2, 2, 3, 1, 0, 3, 3, 2, 0, 3, 0, 3, 0, 0, 1, 2, 3, 2, 2, 1, 2, 1, 2, 2, 3, 2, 2, 3, 3, 0, 0, 3, 0, 0, 2, 0, 1, 2, 0, 0, 3, 2, 3, 3]","['0', '2', '17', '1', '4', '8', '3', '5', '6', '7', '14', '13', '10', '9', '12', '23', '26', '25', '21', '15', '34', '11', '18', '35', '28', '20', '33', '16', '43', '37', '41', '24', '46', '47', '36', '42', '27', '22', '48', '19', '30', '51', '58', '59', '29', '82', '31', '60', '38', '39', '45', '32', '53', '49', '40', '44', '52', '50', '87', '62', '57', '54', '70', '56', '67', '68', '72', '73', '80', '55', '74', '85', '77', '79', '61', '63', '81', '64', '65', '66', '69', '71', '75', '76', '78', '83', '84', '86', '88', '89']"
276,1735,2.0104287369640788,33302,1214,872,868.505214368482,"[2, 1, 3, 3, 0, 1, 2, 1, 1, 3, 1, 0, 2, 1, 1, 0, 0, 0, 2, 0, 2, 2, 1, 1, 1, 2, 1, 2, 2, 3, 0, 3, 0, 2, 2, 1, 1, 0, 1, 0, 1, 0, 0, 2, 2, 0, 1, 0, 3, 1, 1, 1, 2, 1, 0, 1, 0, 2, 0, 2, 1, 3, 3, 1, 2, 1, 3, 0, 3, 1, 1, 0, 0, 1, 1, 1, 0, 2, 0, 3, 1, 1, 3, 1, 2, 2, 2, 2, 1, 2]","['0', '1', '5', '3', '4', '6', '10', '11', '14', '9', '15', '26', '25', '23', '7', '24', '12', '18', '20', '27', '8', '21', '36', '35', '44', '22', '13', '32', '37', '45', '34', '55', '41', '38', '33', '53', '43', '28', '46', '2', '51', '17', '59', '19', '30', '42', '47', '49', '60', '54', '31', '16', '40', '52', '39', '29', '77', '50', '87', '82', '57', '70', '48', '56', '67', '61', '68', '58', '72', '74', '62', '63', '64', '73', '79', '65', '66', '69', '71', '75', '76', '80', '81', '85', '78', '83', '84', '86', '88', '89']"
277,1451,1.6955886649138183,33542,1443,1039,726.3477943324569,"[1, 2, 0, 2, 3, 1, 2, 1, 2, 1, 2, 3, 0, 2, 3, 2, 2, 3, 0, 1, 3, 0, 3, 0, 3, 2, 0, 1, 3, 0, 3, 1, 0, 3, 2, 3, 0, 2, 3, 2, 3, 0, 2, 2, 3, 3, 1, 2, 1, 0, 1, 2, 1, 2, 2, 0, 0, 3, 2, 0, 0, 1, 0, 1, 1, 1, 3, 1, 2, 2, 0, 2, 1, 0, 3, 0, 0, 3, 0, 1, 1, 0, 3, 1, 3, 3, 2, 0, 1, 0]","['0', '2', '17', '1', '7', '8', '16', '4', '87', '5', '3', '10', '12', '6', '13', '9', '21', '22', '27', '37', '23', '25', '34', '14', '26', '28', '36', '15', '38', '18', '20', '19', '11', '30', '32', '49', '41', '47', '48', '35', '46', '31', '43', '51', '33', '42', '24', '60', '70', '44', '29', '59', '52', '45', '40', '54', '50', '55', '57', '53', '56', '61', '39', '68', '72', '82', '77', '63', '73', '74', '79', '58', '62', '67', '80', '85', '64', '65', '66', '69', '81', '71', '75', '76', '78', '83', '84', '86', '88', '89']"
278,1471,1.8143694110391613,28268,1436,992,736.4071847055196,"[2, 2, 2, 1, 2, 2, 3, 3, 1, 0, 2, 1, 0, 1, 0, 0, 0, 3, 1, 2, 3, 3, 2, 1, 0, 3, 3, 2, 3, 1, 3, 1, 0, 2, 1, 0, 2, 0, 1, 1, 2, 2, 0, 3, 2, 3, 2, 0, 1, 2, 0, 3, 1, 0, 0, 0, 2, 1, 2, 2, 0, 1, 1, 2, 3, 1, 0, 2, 0, 1, 2, 0, 2, 1, 0, 0, 1, 0, 3, 0, 1, 3, 3, 2, 2, 2, 0, 0, 0, 1]","['0', '1', '5', '3', '11', '4', '8', '6', '12', '2', '9', '23', '21', '22', '10', '7', '17', '27', '36', '18', '14', '26', '13', '37', '38', '24', '20', '34', '16', '32', '25', '41', '48', '33', '28', '87', '42', '49', '47', '70', '35', '45', '55', '43', '46', '53', '54', '44', '52', '51', '15', '58', '19', '62', '60', '29', '82', '30', '59', '31', '39', '40', '77', '50', '56', '57', '68', '72', '73', '67', '61', '63', '74', '79', '64', '65', '80', '66', '81', '69', '71', '85', '75', '76', '78', '83', '84', '86', '88', '89']"
279,1441,1.7144556811421772,31802,1435,980,721.3572278405711,"[1, 1, 1, 0, 3, 2, 1, 1, 3, 3, 1, 3, 1, 0, 3, 2, 2, 3, 3, 2, 0, 1, 3, 1, 2, 2, 1, 0, 0, 2, 3, 1, 2, 0, 1, 3, 3, 3, 0, 0, 3, 0, 0, 0, 0, 1, 1, 2, 3, 0, 0, 0, 1, 0, 3, 3, 0, 3, 2, 2, 0, 0, 2, 1, 3, 3, 2, 1, 3, 3, 1, 3, 3, 1, 2, 1, 2, 3, 0, 1, 2, 3, 1, 2, 1, 2, 2, 3, 3, 0]","['0', '2', '17', '1', '8', '4', '5', '3', '10', '11', '12', '7', '16', '6', '15', '14', '13', '28', '9', '23', '22', '24', '27', '21', '18', '20', '87', '32', '37', '33', '26', '49', '34', '41', '35', '46', '25', '47', '44', '19', '70', '30', '52', '29', '48', '38', '43', '36', '45', '42', '31', '53', '39', '51', '40', '54', '58', '55', '82', '59', '77', '50', '56', '67', '60', '68', '72', '62', '73', '79', '57', '74', '80', '61', '63', '85', '81', '64', '65', '66', '69', '71', '75', '76', '78', '83', '84', '86', '88', '89']"
280,1497,1.8222763237979307,32064,1478,1006,749.411138161899,"[1, 2, 1, 2, 0, 0, 1, 2, 2, 3, 2, 3, 1, 0, 3, 3, 1, 1, 0, 1, 1, 3, 0, 1, 0, 1, 3, 0, 0, 1, 1, 3, 1, 3, 3, 0, 2, 1, 2, 3, 2, 1, 1, 0, 0, 3, 1, 1, 2, 3, 2, 3, 2, 2, 0, 0, 1, 0, 2, 0, 0, 2, 0, 0, 1, 2, 3, 2, 0, 2, 1, 3, 1, 0, 2, 3, 3, 2, 2, 2, 1, 1, 3, 1, 1, 0, 2, 3, 2, 0]","['0', '1', '5', '3', '4', '11', '2', '8', '17', '12', '7', '10', '6', '13', '16', '14', '87', '28', '9', '18', '23', '25', '15', '20', '21', '37', '36', '33', '24', '19', '32', '35', '44', '42', '45', '49', '53', '22', '34', '27', '70', '54', '26', '43', '29', '38', '82', '55', '30', '46', '31', '40', '50', '41', '48', '47', '57', '39', '56', '52', '67', '68', '51', '77', '59', '60', '58', '61', '63', '62', '64', '65', '72', '73', '74', '79', '66', '69', '71', '80', '85', '81', '75', '76', '78', '83', '84', '86', '88', '89']"
281,1667,1.9733649008582421,33787,1263,900,834.4866824504292,"[3, 2, 0, 3, 0, 0, 1, 0, 0, 0, 2, 3, 0, 1, 2, 0, 3, 1, 2, 1, 1, 2, 3, 1, 3, 0, 3, 3, 2, 0, 3, 3, 0, 2, 3, 2, 0, 0, 1, 0, 1, 0, 0, 2, 3, 0, 1, 3, 1, 1, 1, 3, 2, 0, 0, 2, 0, 2, 3, 1, 2, 2, 1, 3, 0, 1, 0, 2, 0, 1, 0, 0, 0, 1, 3, 1, 1, 2, 3, 0, 3, 2, 0, 1, 1, 1, 0, 0, 0, 2]","['0', '1', '5', '11', '8', '4', '2', '17', '3', '10', '7', '12', '16', '87', '6', '15', '19', '14', '30', '29', '82', '13', '9', '18', '22', '25', '20', '24', '27', '28', '26', '33', '32', '21', '34', '37', '36', '35', '41', '44', '23', '38', '48', '43', '47', '51', '49', '52', '70', '58', '42', '59', '31', '40', '39', '60', '45', '55', '46', '77', '53', '54', '62', '50', '56', '68', '72', '67', '57', '61', '73', '80', '85', '81', '63', '64', '74', '79', '65', '66', '69', '71', '75', '76', '78', '83', '84', '86', '88', '89']"
282,1669,2.0017991004497753,33280,1531,1119,835.5008995502249,"[1, 0, 1, 0, 2, 3, 0, 2, 2, 0, 3, 3, 2, 3, 2, 0, 1, 1, 0, 0, 3, 2, 0, 2, 3, 2, 1, 0, 2, 3, 2, 3, 2, 0, 2, 0, 0, 2, 0, 1, 0, 3, 0, 0, 0, 0, 0, 2, 0, 0, 1, 0, 0, 1, 3, 1, 1, 0, 2, 1, 3, 0, 2, 1, 0, 2, 1, 1, 2, 0, 3, 0, 0, 0, 3, 3, 2, 1, 1, 3, 1, 3, 1, 3, 2, 1, 2, 0, 2, 2]","['0', '1', '4', '2', '7', '17', '3', '5', '11', '10', '8', '12', '6', '15', '16', '9', '19', '23', '13', '25', '24', '87', '28', '26', '22', '21', '30', '14', '18', '27', '36', '34', '20', '29', '41', '47', '37', '82', '33', '31', '38', '40', '48', '39', '35', '42', '32', '45', '49', '55', '77', '53', '50', '44', '52', '70', '57', '54', '46', '56', '43', '68', '72', '73', '80', '74', '51', '67', '81', '60', '58', '79', '62', '61', '59', '63', '85', '64', '65', '66', '69', '71', '75', '76', '78', '83', '84', '86', '88', '89']"
283,1383,1.6299351797289334,31026,1441,996,692.3149675898645,"[3, 0, 2, 1, 0, 1, 0, 2, 2, 2, 1, 2, 3, 2, 2, 2, 1, 0, 3, 0, 3, 0, 0, 3, 0, 3, 1, 2, 0, 2, 0, 0, 3, 0, 1, 3, 3, 2, 2, 1, 1, 3, 1, 2, 0, 1, 3, 3, 3, 1, 3, 1, 2, 3, 0, 2, 1, 0, 0, 3, 3, 2, 0, 1, 0, 1, 1, 1, 3, 1, 0, 2, 1, 0, 1, 2, 1, 2, 2, 1, 3, 0, 2, 3, 0, 2, 0, 0, 2, 1]","['0', '1', '2', '3', '7', '4', '6', '14', '8', '13', '17', '16', '5', '10', '87', '15', '28', '9', '25', '11', '23', '24', '22', '27', '12', '26', '18', '38', '21', '35', '20', '44', '45', '36', '43', '55', '19', '29', '33', '32', '53', '34', '82', '37', '46', '54', '49', '30', '31', '40', '70', '42', '41', '51', '60', '48', '50', '57', '58', '59', '47', '62', '56', '67', '68', '72', '74', '39', '52', '77', '73', '61', '79', '80', '63', '64', '81', '65', '66', '85', '69', '71', '75', '76', '78', '83', '84', '86', '88', '89']"
284,1270,1.4875549048316252,32694,1334,952,635.7437774524158,"[0, 1, 2, 1, 1, 2, 2, 2, 0, 1, 0, 2, 3, 2, 0, 1, 2, 2, 0, 1, 0, 2, 3, 3, 1, 3, 2, 3, 1, 2, 0, 3, 3, 0, 3, 2, 2, 2, 0, 1, 0, 0, 2, 2, 1, 3, 1, 0, 2, 2, 1, 2, 1, 2, 3, 1, 3, 1, 2, 2, 3, 0, 3, 1, 1, 0, 0, 3, 2, 3, 0, 2, 3, 0, 1, 0, 2, 3, 0, 1, 1, 1, 0, 1, 0, 1, 0, 2, 3, 0]","['0', '2', '1', '17', '3', '7', '4', '6', '13', '5', '8', '16', '14', '11', '15', '10', '87', '9', '27', '24', '28', '23', '12', '21', '22', '34', '25', '38', '18', '35', '37', '20', '36', '19', '30', '41', '29', '48', '43', '82', '51', '44', '59', '45', '46', '26', '47', '58', '31', '40', '53', '33', '62', '39', '54', '55', '52', '32', '49', '77', '42', '50', '60', '57', '56', '61', '63', '70', '64', '68', '65', '67', '72', '66', '74', '69', '73', '71', '79', '75', '76', '80', '78', '85', '83', '84', '81', '86', '88', '89']"
285,1495,1.7567567567567568,29837,1432,1047,748.3783783783783,"[3, 0, 1, 3, 3, 0, 2, 0, 0, 1, 0, 0, 0, 1, 0, 1, 1, 3, 1, 1, 3, 1, 1, 3, 2, 0, 0, 0, 3, 3, 3, 3, 3, 2, 2, 0, 0, 3, 3, 2, 1, 0, 1, 1, 3, 1, 0, 2, 0, 1, 3, 0, 2, 3, 2, 3, 3, 0, 2, 0, 3, 3, 3, 3, 3, 0, 0, 2, 0, 3, 1, 1, 2, 2, 3, 1, 0, 0, 0, 1, 3, 2, 1, 0, 2, 0, 2, 3, 1, 3]","['0', '2', '17', '1', '8', '3', '7', '4', '6', '15', '16', '5', '11', '87', '12', '9', '10', '14', '21', '36', '18', '13', '24', '26', '20', '32', '25', '28', '33', '27', '37', '49', '19', '70', '35', '42', '45', '55', '22', '29', '44', '34', '53', '30', '46', '23', '54', '31', '39', '41', '40', '38', '82', '43', '50', '51', '57', '59', '77', '58', '48', '47', '60', '56', '61', '52', '62', '67', '63', '68', '72', '64', '74', '65', '73', '79', '66', '80', '69', '71', '75', '85', '76', '78', '83', '84', '81', '86', '88', '89']"
286,1701,2.031044776119403,30767,1425,1025,851.5155223880597,"[3, 0, 1, 1, 2, 0, 1, 0, 3, 1, 2, 3, 1, 3, 3, 1, 2, 3, 1, 2, 3, 3, 1, 1, 1, 3, 2, 1, 3, 1, 3, 3, 2, 2, 1, 1, 2, 1, 2, 1, 3, 1, 2, 1, 0, 1, 2, 0, 2, 2, 3, 3, 1, 0, 3, 3, 0, 0, 3, 0, 1, 3, 2, 3, 2, 3, 3, 2, 0, 0, 0, 1, 1, 0, 3, 1, 3, 3, 2, 3, 1, 3, 2, 1, 2, 0, 0, 1, 3, 1]","['0', '1', '3', '7', '8', '4', '2', '5', '12', '10', '16', '17', '11', '87', '6', '14', '13', '15', '19', '9', '18', '24', '28', '20', '30', '32', '23', '22', '21', '26', '38', '37', '33', '35', '43', '36', '34', '29', '25', '46', '45', '53', '27', '42', '31', '39', '77', '44', '54', '55', '82', '49', '41', '47', '40', '48', '51', '52', '59', '50', '56', '57', '68', '72', '58', '74', '70', '62', '73', '60', '80', '81', '79', '61', '85', '67', '63', '64', '65', '66', '69', '71', '75', '76', '78', '83', '84', '86', '88', '89']"
287,1589,1.9231467473524961,31810,1384,963,795.4615733736763,"[2, 2, 3, 1, 1, 1, 1, 1, 0, 2, 2, 0, 3, 3, 0, 2, 1, 3, 0, 2, 2, 3, 1, 3, 3, 3, 0, 0, 1, 2, 2, 1, 2, 3, 1, 1, 0, 1, 1, 1, 1, 1, 2, 3, 0, 1, 0, 0, 0, 1, 1, 2, 2, 2, 1, 0, 0, 1, 2, 0, 2, 3, 1, 1, 0, 3, 2, 2, 1, 3, 0, 2, 1, 1, 3, 1, 0, 2, 1, 1, 2, 2, 0, 3, 0, 0, 1, 0, 2, 0]","['0', '1', '2', '5', '7', '12', '4', '17', '10', '6', '3', '11', '15', '8', '9', '13', '22', '27', '26', '24', '19', '16', '28', '87', '25', '14', '23', '38', '30', '29', '31', '39', '40', '77', '82', '21', '35', '50', '34', '36', '43', '46', '45', '44', '54', '37', '57', '55', '18', '53', '20', '33', '42', '32', '41', '48', '47', '56', '68', '49', '51', '72', '70', '52', '58', '60', '73', '79', '62', '59', '74', '80', '61', '85', '81', '67', '63', '64', '65', '66', '69', '71', '75', '76', '78', '83', '84', '86', '88', '89']"
288,1449,1.6756287944492627,33175,1432,994,725.3378143972246,"[3, 1, 1, 2, 2, 2, 2, 0, 3, 1, 1, 2, 0, 2, 2, 1, 3, 3, 3, 3, 0, 2, 0, 1, 1, 2, 3, 3, 2, 0, 2, 1, 1, 0, 3, 2, 2, 1, 2, 2, 3, 1, 1, 0, 2, 2, 3, 2, 1, 0, 3, 3, 3, 0, 3, 1, 3, 0, 2, 1, 0, 1, 2, 3, 0, 0, 2, 1, 1, 3, 1, 0, 2, 1, 1, 0, 0, 3, 0, 3, 3, 1, 0, 0, 2, 2, 0, 1, 0, 1]","['0', '1', '3', '7', '4', '2', '17', '5', '8', '6', '16', '14', '87', '9', '23', '18', '26', '20', '10', '13', '22', '11', '32', '21', '27', '37', '24', '35', '28', '43', '49', '46', '36', '38', '34', '25', '41', '70', '48', '12', '45', '53', '15', '51', '44', '54', '59', '33', '60', '42', '55', '47', '19', '58', '30', '62', '29', '31', '82', '52', '39', '40', '77', '50', '57', '61', '63', '64', '65', '56', '66', '67', '69', '68', '72', '74', '71', '73', '75', '80', '85', '79', '76', '81', '78', '83', '84', '86', '88', '89']"
289,1387,1.6595871971283278,33359,1446,1055,694.3297935985642,"[0, 0, 2, 2, 1, 1, 1, 0, 2, 3, 0, 3, 0, 3, 0, 3, 1, 0, 1, 3, 2, 3, 1, 0, 0, 3, 3, 2, 1, 3, 2, 3, 2, 1, 0, 3, 1, 3, 1, 0, 3, 0, 1, 1, 0, 1, 1, 1, 0, 0, 3, 3, 3, 2, 1, 3, 1, 0, 1, 1, 0, 2, 1, 2, 3, 0, 1, 2, 1, 0, 2, 0, 1, 0, 0, 1, 2, 1, 1, 0, 3, 1, 3, 0, 3, 2, 0, 2, 2, 1]","['0', '2', '1', '7', '3', '4', '5', '11', '10', '17', '12', '6', '13', '28', '8', '14', '16', '15', '87', '19', '9', '18', '23', '29', '82', '21', '24', '36', '27', '22', '37', '34', '20', '38', '30', '32', '35', '41', '48', '45', '49', '53', '70', '33', '26', '25', '54', '44', '46', '55', '47', '31', '52', '42', '40', '43', '39', '50', '51', '59', '56', '68', '57', '58', '67', '60', '72', '77', '74', '61', '63', '64', '62', '73', '79', '80', '85', '65', '66', '69', '81', '71', '75', '76', '78', '83', '84', '86', '88', '89']"
290,1469,1.7556020316701524,31387,1368,957,735.3778010158351,"[1, 3, 1, 3, 3, 2, 1, 2, 0, 0, 3, 3, 2, 3, 3, 0, 2, 1, 0, 0, 0, 3, 2, 3, 2, 1, 0, 0, 2, 2, 1, 2, 0, 2, 2, 1, 3, 3, 2, 3, 1, 0, 0, 0, 2, 0, 2, 3, 3, 2, 3, 1, 1, 2, 1, 1, 1, 2, 1, 3, 2, 2, 2, 3, 3, 0, 1, 0, 2, 0, 3, 0, 3, 1, 0, 0, 0, 1, 2, 2, 1, 3, 3, 3, 0, 0, 0, 3, 1, 1]","['0', '2', '17', '1', '7', '3', '8', '5', '11', '12', '4', '10', '6', '9', '14', '25', '27', '18', '13', '24', '22', '23', '26', '38', '15', '19', '21', '30', '20', '31', '28', '37', '32', '39', '33', '29', '36', '42', '49', '34', '35', '46', '77', '44', '45', '54', '70', '41', '82', '55', '16', '87', '47', '53', '48', '43', '51', '60', '40', '52', '50', '57', '59', '61', '63', '56', '67', '68', '64', '72', '73', '80', '81', '74', '58', '62', '85', '79', '65', '66', '69', '71', '75', '76', '78', '83', '84', '86', '88', '89']"
291,1409,1.6975903614457832,29968,1465,965,705.3487951807228,"[1, 1, 2, 0, 0, 0, 0, 1, 2, 2, 2, 2, 2, 0, 2, 2, 3, 1, 3, 3, 2, 1, 1, 3, 1, 0, 2, 2, 1, 1, 3, 1, 0, 2, 1, 2, 3, 3, 1, 2, 1, 2, 0, 3, 2, 3, 3, 1, 2, 1, 0, 0, 2, 3, 0, 3, 3, 0, 0, 1, 2, 0, 3, 3, 3, 1, 1, 0, 2, 1, 2, 0, 1, 2, 0, 1, 0, 2, 2, 3, 2, 2, 2, 3, 1, 3, 3, 1, 3, 1]","['0', '2', '1', '7', '4', '8', '6', '3', '13', '17', '5', '16', '12', '9', '25', '10', '11', '87', '22', '26', '28', '24', '27', '14', '23', '15', '18', '20', '21', '35', '19', '43', '44', '46', '36', '33', '29', '37', '82', '34', '32', '41', '51', '59', '47', '30', '60', '45', '48', '42', '55', '52', '54', '38', '31', '53', '49', '70', '40', '58', '39', '62', '50', '57', '56', '77', '61', '67', '63', '68', '72', '64', '65', '74', '73', '80', '85', '79', '81', '66', '69', '71', '75', '76', '78', '83', '84', '86', '88', '89']"
292,1543,1.875417806137952,29567,1444,908,772.4377089030689,"[0, 0, 0, 0, 1, 1, 1, 0, 0, 3, 2, 3, 0, 3, 1, 0, 0, 0, 1, 1, 1, 1, 3, 1, 0, 0, 0, 2, 0, 0, 2, 3, 1, 2, 0, 3, 2, 1, 2, 1, 2, 2, 1, 0, 3, 2, 0, 1, 3, 3, 3, 2, 1, 0, 3, 3, 0, 2, 3, 2, 0, 1, 0, 0, 3, 1, 1, 2, 0, 3, 3, 2, 3, 3, 1, 0, 3, 2, 3, 0, 3, 0, 0, 1, 1, 1, 0, 0, 2, 2]","['0', '2', '17', '1', '4', '3', '5', '11', '12', '7', '8', '16', '10', '87', '6', '15', '9', '24', '13', '18', '19', '26', '20', '23', '28', '21', '25', '27', '14', '37', '29', '33', '34', '35', '22', '36', '32', '43', '42', '46', '45', '44', '49', '30', '31', '54', '82', '41', '51', '59', '40', '47', '50', '48', '57', '52', '60', '39', '38', '56', '67', '58', '53', '77', '62', '55', '68', '70', '61', '63', '72', '73', '64', '74', '65', '80', '66', '69', '79', '81', '71', '75', '76', '78', '83', '84', '85', '86', '88', '89']"
293,1366,1.593002915451895,32896,1501,1062,683.796501457726,"[2, 3, 1, 2, 1, 1, 1, 3, 1, 3, 2, 2, 0, 0, 0, 1, 2, 0, 2, 0, 3, 2, 0, 3, 1, 1, 1, 2, 3, 2, 2, 3, 3, 3, 3, 1, 3, 0, 1, 0, 3, 0, 0, 0, 0, 3, 2, 3, 1, 1, 3, 0, 0, 2, 0, 3, 0, 0, 2, 1, 3, 0, 2, 3, 0, 2, 1, 1, 3, 0, 2, 0, 1, 1, 3, 2, 1, 0, 2, 3, 3, 1, 1, 3, 3, 0, 1, 1, 3, 2]","['0', '1', '2', '8', '3', '17', '7', '16', '5', '10', '87', '4', '6', '14', '11', '9', '26', '18', '24', '20', '22', '23', '33', '25', '15', '27', '12', '38', '13', '19', '21', '30', '32', '29', '82', '28', '35', '43', '36', '42', '46', '37', '44', '31', '40', '34', '41', '49', '39', '47', '50', '57', '77', '52', '48', '45', '55', '56', '53', '54', '68', '51', '60', '67', '58', '61', '70', '59', '72', '62', '74', '73', '63', '64', '65', '66', '69', '71', '75', '80', '76', '81', '79', '85', '78', '83', '84', '86', '88', '89']"
294,1490,1.793560036111947,29808,1423,1046,745.896780018056,"[3, 0, 3, 3, 2, 3, 2, 0, 1, 1, 3, 0, 0, 0, 1, 0, 1, 2, 1, 0, 1, 1, 2, 1, 0, 2, 1, 3, 2, 0, 1, 0, 2, 0, 0, 0, 0, 2, 1, 0, 3, 1, 0, 0, 0, 3, 2, 2, 0, 2, 2, 2, 2, 3, 2, 3, 2, 3, 1, 3, 2, 1, 0, 3, 2, 3, 1, 2, 1, 2, 1, 3, 0, 0, 0, 3, 0, 2, 0, 0, 1, 3, 2, 1, 0, 0, 3, 1, 2, 3]","['0', '2', '1', '8', '5', '7', '11', '4', '17', '12', '16', '10', '87', '6', '15', '14', '13', '3', '28', '19', '29', '30', '82', '9', '24', '22', '23', '27', '21', '25', '36', '34', '35', '38', '18', '37', '44', '46', '20', '26', '33', '45', '41', '42', '43', '32', '55', '49', '51', '31', '60', '53', '70', '59', '48', '39', '54', '58', '40', '50', '47', '57', '62', '52', '56', '67', '61', '63', '77', '64', '65', '66', '68', '72', '74', '69', '71', '73', '80', '75', '79', '81', '76', '78', '85', '83', '84', '86', '88', '89']"
295,1296,1.5838680109990835,29544,1403,964,648.7919340054996,"[2, 2, 1, 2, 3, 0, 1, 3, 0, 2, 0, 0, 0, 0, 0, 2, 2, 3, 1, 2, 1, 0, 1, 2, 3, 1, 2, 2, 2, 0, 3, 1, 3, 0, 2, 2, 1, 1, 2, 1, 2, 0, 0, 0, 1, 2, 0, 1, 1, 1, 0, 1, 3, 2, 3, 0, 0, 2, 2, 0, 2, 1, 1, 3, 1, 2, 3, 0, 1, 1, 0, 2, 0, 3, 1, 1, 2, 3, 2, 3, 2, 1, 0, 3, 1, 3, 3, 0, 1, 3]","['0', '1', '3', '8', '2', '7', '5', '11', '4', '17', '12', '10', '16', '6', '13', '9', '27', '23', '24', '22', '25', '18', '15', '20', '33', '21', '36', '28', '32', '37', '87', '42', '34', '26', '38', '19', '30', '41', '48', '49', '70', '35', '45', '46', '31', '44', '43', '40', '47', '52', '50', '57', '54', '39', '55', '77', '53', '51', '59', '56', '60', '61', '58', '63', '62', '67', '64', '68', '14', '29', '82', '72', '65', '74', '66', '69', '71', '75', '76', '78', '73', '79', '83', '80', '84', '85', '81', '86', '88', '89']"
296,1418,1.7038149594472816,29553,1384,909,709.8519074797236,"[2, 2, 1, 2, 3, 2, 0, 1, 0, 2, 2, 1, 2, 0, 0, 1, 3, 1, 3, 2, 3, 0, 3, 0, 2, 2, 1, 1, 3, 1, 3, 1, 3, 1, 2, 0, 1, 2, 3, 0, 1, 0, 0, 3, 0, 1, 3, 0, 1, 2, 1, 2, 0, 2, 1, 3, 2, 2, 0, 0, 1, 0, 1, 0, 0, 1, 0, 1, 1, 3, 3, 0, 3, 3, 0, 2, 2, 2, 3, 3, 3, 1, 0, 2, 2, 1, 3, 0, 0, 1]","['0', '1', '7', '8', '3', '2', '4', '16', '5', '10', '17', '11', '6', '12', '13', '15', '14', '28', '19', '9', '30', '27', '26', '22', '24', '87', '31', '40', '21', '34', '23', '29', '36', '25', '18', '82', '38', '39', '20', '77', '33', '35', '41', '45', '54', '32', '53', '46', '55', '43', '48', '37', '49', '70', '50', '57', '42', '51', '59', '44', '60', '47', '56', '67', '61', '63', '68', '72', '73', '79', '74', '52', '64', '80', '81', '85', '58', '62', '65', '66', '69', '71', '75', '76', '78', '83', '84', '86', '88', '89']"
297,1538,1.8083480305702528,34206,1518,1073,769.9041740152851,"[3, 1, 0, 2, 0, 1, 0, 2, 3, 2, 1, 2, 3, 3, 3, 3, 0, 3, 3, 2, 1, 3, 1, 1, 2, 0, 0, 0, 0, 2, 3, 2, 0, 0, 3, 1, 0, 1, 1, 2, 2, 3, 2, 0, 0, 3, 0, 1, 1, 2, 3, 3, 3, 0, 3, 3, 2, 2, 0, 0, 3, 0, 2, 3, 3, 1, 3, 0, 0, 0, 1, 0, 0, 0, 0, 1, 2, 0, 3, 2, 1, 1, 0, 0, 3, 2, 2, 0, 1, 2]","['0', '1', '4', '8', '2', '3', '5', '17', '12', '11', '10', '6', '13', '7', '15', '16', '9', '26', '27', '21', '35', '87', '28', '23', '18', '36', '20', '37', '43', '19', '22', '45', '53', '24', '25', '38', '30', '54', '55', '34', '44', '14', '41', '29', '33', '42', '48', '31', '51', '40', '59', '82', '60', '47', '39', '46', '50', '77', '58', '56', '68', '57', '61', '52', '62', '63', '67', '64', '65', '66', '69', '71', '32', '49', '72', '73', '80', '79', '81', '85', '70', '75', '74', '76', '78', '83', '84', '86', '88', '89']"
298,1345,1.583284284873455,31202,1294,895,673.2916421424367,"[1, 0, 2, 0, 1, 3, 0, 1, 1, 3, 2, 0, 1, 0, 0, 2, 3, 3, 2, 2, 3, 0, 1, 2, 0, 3, 3, 3, 2, 3, 2, 3, 2, 3, 0, 3, 1, 2, 2, 0, 1, 2, 2, 0, 2, 2, 0, 3, 2, 3, 0, 0, 3, 1, 1, 2, 0, 2, 2, 0, 1, 0, 2, 2, 3, 3, 3, 2, 3, 0, 1, 0, 1, 1, 1, 0, 0, 0, 3, 1, 2, 0, 0, 0, 0, 0, 3, 2, 1, 2]","['0', '2', '1', '17', '5', '7', '3', '12', '8', '16', '10', '4', '87', '6', '13', '28', '14', '11', '15', '19', '9', '24', '18', '26', '29', '20', '23', '22', '82', '32', '30', '21', '27', '36', '33', '31', '37', '49', '38', '42', '70', '34', '41', '25', '47', '35', '45', '44', '52', '46', '39', '54', '53', '77', '43', '51', '58', '60', '55', '48', '40', '50', '57', '62', '61', '59', '56', '67', '63', '68', '72', '74', '73', '64', '79', '65', '80', '81', '66', '69', '85', '71', '75', '76', '78', '83', '84', '86', '88', '89']"
299,1335,1.5655233069481092,30924,1322,893,668.282761653474,"[3, 3, 1, 3, 3, 2, 3, 2, 1, 1, 0, 1, 0, 0, 2, 0, 0, 2, 2, 3, 3, 2, 2, 0, 0, 2, 3, 0, 0, 3, 2, 1, 2, 1, 2, 0, 0, 1, 2, 3, 1, 3, 0, 1, 2, 3, 0, 0, 2, 1, 1, 0, 1, 2, 3, 2, 2, 1, 2, 2, 1, 0, 0, 2, 2, 3, 2, 2, 0, 2, 1, 3, 3, 3, 0, 2, 3, 0, 2, 2, 3, 2, 3, 3, 1, 0, 3, 3, 3, 2]","['0', '2', '17', '1', '7', '5', '12', '11', '4', '10', '8', '16', '87', '6', '9', '26', '27', '21', '22', '13', '23', '14', '28', '38', '34', '3', '37', '35', '36', '25', '45', '54', '15', '46', '43', '19', '53', '24', '30', '29', '31', '82', '55', '39', '18', '44', '77', '40', '50', '20', '41', '48', '56', '32', '49', '70', '68', '51', '57', '60', '33', '59', '42', '72', '61', '63', '67', '73', '64', '79', '58', '80', '74', '85', '47', '81', '52', '62', '65', '66', '69', '71', '75', '76', '78', '83', '84', '86', '88', '89']"
300,1419,1.7055288461538463,30287,1446,1038,710.3527644230769,"[3, 3, 2, 0, 2, 0, 3, 3, 0, 3, 3, 3, 0, 0, 3, 3, 3, 1, 3, 1, 3, 2, 3, 3, 3, 1, 2, 2, 1, 3, 0, 2, 3, 2, 2, 1, 2, 1, 3, 3, 1, 1, 2, 1, 0, 2, 3, 0, 1, 0, 0, 0, 0, 2, 2, 0, 1, 3, 2, 1, 2, 0, 3, 1, 1, 3, 0, 0, 0, 2, 2, 0, 0, 0, 3, 0, 1, 3, 3, 0, 0, 3, 1, 0, 2, 3, 0, 2, 1, 0]","['0', '1', '8', '2', '3', '4', '7', '17', '5', '10', '6', '14', '13', '9', '15', '22', '23', '28', '16', '25', '18', '26', '38', '27', '87', '11', '12', '20', '32', '33', '19', '24', '30', '31', '29', '40', '21', '82', '36', '35', '43', '44', '46', '34', '50', '37', '42', '49', '45', '53', '55', '41', '39', '47', '52', '70', '54', '77', '51', '60', '48', '59', '57', '58', '61', '56', '62', '67', '68', '72', '63', '73', '80', '64', '85', '74', '81', '65', '79', '66', '69', '71', '75', '76', '78', '83', '84', '86', '88', '89']"
301,1468,1.7455410225921522,33014,1381,934,734.872770511296,"[2, 0, 1, 3, 0, 2, 1, 3, 3, 2, 0, 1, 1, 1, 1, 0, 0, 2, 1, 2, 2, 3, 1, 1, 3, 3, 2, 2, 0, 3, 3, 1, 0, 0, 0, 2, 2, 2, 1, 0, 1, 3, 2, 3, 3, 0, 3, 1, 2, 1, 0, 2, 2, 3, 2, 2, 2, 0, 3, 1, 3, 3, 1, 1, 3, 3, 1, 0, 3, 3, 3, 1, 3, 0, 1, 3, 3, 3, 0, 1, 1, 3, 0, 3, 3, 3, 1, 2, 2, 2]","['0', '2', '1', '5', '3', '12', '11', '17', '8', '4', '7', '16', '6', '10', '87', '15', '14', '9', '22', '23', '18', '38', '26', '27', '19', '20', '13', '29', '21', '32', '30', '33', '31', '24', '34', '40', '36', '25', '35', '50', '82', '39', '28', '45', '42', '44', '57', '77', '54', '43', '37', '49', '41', '55', '70', '48', '53', '46', '56', '47', '51', '68', '67', '60', '52', '72', '73', '74', '61', '58', '59', '79', '80', '63', '64', '85', '81', '62', '65', '66', '69', '71', '75', '76', '78', '83', '84', '86', '88', '89']"
302,1487,1.7530209254347184,34078,1276,923,744.3765104627173,"[3, 1, 2, 2, 3, 0, 1, 1, 3, 2, 3, 1, 3, 3, 1, 1, 1, 1, 3, 0, 3, 3, 2, 2, 2, 0, 2, 2, 2, 0, 2, 3, 1, 3, 2, 2, 2, 1, 2, 1, 1, 2, 1, 1, 0, 3, 0, 0, 1, 2, 1, 2, 1, 0, 2, 0, 2, 0, 2, 1, 2, 2, 3, 0, 1, 2, 0, 1, 1, 3, 1, 0, 1, 0, 2, 0, 3, 3, 3, 2, 3, 1, 0, 1, 1, 0, 1, 2, 1, 2]","['0', '1', '3', '4', '5', '11', '10', '7', '2', '17', '6', '8', '13', '16', '87', '12', '9', '27', '15', '19', '14', '21', '24', '36', '22', '23', '30', '29', '34', '38', '82', '26', '28', '31', '35', '40', '18', '50', '46', '25', '44', '57', '37', '20', '45', '55', '43', '53', '41', '48', '47', '39', '32', '33', '77', '52', '56', '68', '49', '72', '70', '67', '54', '51', '74', '58', '73', '60', '62', '80', '61', '79', '59', '42', '81', '63', '85', '64', '65', '66', '69', '71', '75', '76', '78', '83', '84', '86', '88', '89']"
303,1522,1.8129839189994044,30889,1457,1028,761.9064919594997,"[0, 1, 3, 1, 0, 0, 3, 1, 1, 3, 0, 3, 0, 0, 2, 2, 3, 1, 2, 1, 3, 0, 2, 2, 1, 2, 3, 2, 3, 2, 3, 0, 3, 3, 1, 3, 1, 2, 3, 1, 1, 1, 3, 3, 1, 2, 1, 3, 0, 2, 3, 1, 1, 3, 1, 1, 3, 0, 1, 0, 3, 3, 3, 1, 0, 0, 1, 3, 3, 0, 2, 0, 3, 0, 1, 2, 3, 0, 2, 2, 0, 0, 1, 3, 2, 2, 1, 3, 0, 2]","['0', '1', '5', '10', '4', '6', '11', '9', '2', '17', '24', '3', '14', '7', '26', '15', '18', '25', '27', '12', '23', '20', '19', '22', '29', '33', '82', '30', '31', '39', '8', '32', '13', '28', '38', '40', '77', '16', '87', '50', '21', '57', '37', '36', '34', '41', '42', '49', '35', '44', '47', '46', '48', '70', '56', '68', '72', '67', '74', '73', '80', '79', '43', '52', '85', '81', '51', '58', '60', '45', '55', '53', '54', '59', '61', '62', '63', '64', '65', '66', '69', '71', '75', '76', '78', '83', '84', '86', '88', '89']"
304,1492,1.805748865355522,32175,1507,1051,746.9028744326778,"[2, 3, 1, 0, 1, 3, 3, 1, 2, 3, 0, 0, 2, 1, 3, 3, 3, 1, 2, 0, 2, 2, 2, 3, 0, 3, 2, 1, 3, 3, 1, 3, 1, 3, 2, 2, 1, 1, 0, 3, 3, 3, 3, 1, 0, 0, 3, 3, 2, 2, 1, 3, 1, 1, 2, 2, 1, 1, 1, 2, 1, 0, 3, 1, 0, 3, 2, 1, 3, 3, 1, 0, 3, 0, 3, 2, 1, 3, 2, 0, 2, 2, 0, 2, 1, 2, 3, 1, 0, 0]","['0', '2', '17', '1', '7', '8', '16', '5', '11', '10', '87', '4', '6', '12', '9', '24', '14', '22', '21', '34', '3', '27', '13', '25', '35', '37', '45', '46', '18', '44', '36', '53', '15', '20', '19', '30', '43', '54', '32', '29', '55', '49', '41', '33', '42', '47', '51', '52', '59', '48', '60', '58', '23', '82', '26', '38', '31', '28', '39', '77', '62', '40', '50', '70', '56', '68', '72', '73', '57', '61', '80', '74', '79', '85', '67', '81', '63', '64', '65', '66', '69', '71', '75', '76', '78', '83', '84', '86', '88', '89']"
305,1763,2.0680351906158356,32439,1345,1013,882.5340175953079,"[1, 0, 0, 3, 3, 3, 3, 2, 0, 3, 1, 2, 1, 0, 2, 3, 1, 1, 0, 1, 0, 1, 0, 1, 1, 0, 2, 0, 3, 3, 1, 2, 1, 1, 2, 1, 3, 2, 3, 1, 2, 1, 0, 3, 1, 3, 2, 1, 3, 1, 1, 0, 2, 3, 1, 2, 2, 1, 2, 3, 2, 2, 1, 0, 1, 3, 1, 0, 1, 1, 3, 2, 2, 2, 0, 2, 1, 0, 2, 2, 0, 2, 1, 0, 0, 1, 1, 1, 2, 2]","['0', '1', '8', '3', '5', '10', '7', '11', '12', '2', '16', '4', '87', '6', '17', '15', '13', '14', '9', '23', '21', '34', '27', '24', '25', '19', '36', '35', '22', '28', '45', '30', '53', '38', '54', '26', '18', '43', '44', '20', '29', '46', '55', '33', '82', '32', '42', '41', '37', '49', '48', '31', '70', '47', '52', '51', '40', '39', '59', '60', '50', '77', '58', '57', '56', '62', '67', '61', '63', '68', '72', '64', '74', '73', '79', '80', '81', '85', '65', '66', '69', '71', '75', '76', '78', '83', '84', '86', '88', '89']"
306,1643,1.9346482190167795,28545,1243,898,822.4673241095084,"[2, 2, 2, 0, 3, 1, 3, 3, 1, 3, 0, 2, 3, 3, 3, 3, 3, 0, 3, 2, 2, 3, 3, 3, 0, 3, 3, 2, 1, 3, 3, 0, 1, 2, 1, 3, 3, 0, 0, 3, 3, 0, 0, 0, 2, 1, 3, 3, 1, 0, 3, 1, 2, 0, 3, 3, 1, 1, 1, 3, 2, 0, 0, 2, 3, 0, 3, 1, 2, 1, 3, 0, 1, 1, 1, 2, 2, 1, 1, 0, 3, 0, 1, 2, 1, 1, 3, 2, 3, 0]","['0', '2', '1', '8', '7', '3', '5', '4', '12', '17', '10', '11', '6', '13', '14', '16', '28', '15', '19', '29', '82', '87', '9', '18', '26', '30', '21', '36', '34', '23', '24', '20', '41', '48', '33', '32', '22', '27', '25', '38', '31', '47', '39', '37', '40', '50', '49', '57', '42', '77', '35', '44', '52', '43', '46', '56', '68', '70', '45', '51', '58', '67', '59', '72', '55', '73', '53', '60', '80', '62', '61', '74', '85', '54', '63', '79', '81', '64', '65', '66', '69', '71', '75', '76', '78', '83', '84', '86', '88', '89']"
307,1392,1.6610978520286397,30121,1368,933,696.8305489260143,"[0, 2, 3, 0, 3, 1, 3, 2, 2, 3, 0, 3, 3, 0, 0, 3, 0, 0, 1, 0, 1, 3, 2, 0, 1, 3, 3, 1, 3, 0, 2, 0, 1, 3, 1, 3, 2, 2, 3, 3, 3, 2, 2, 0, 0, 1, 1, 2, 0, 1, 3, 3, 0, 0, 3, 1, 1, 0, 1, 0, 0, 0, 1, 1, 2, 3, 3, 1, 2, 3, 1, 3, 3, 1, 1, 3, 1, 0, 0, 1, 2, 2, 1, 0, 2, 2, 2, 1, 0, 2]","['0', '2', '17', '1', '3', '4', '6', '7', '15', '5', '10', '12', '9', '26', '25', '24', '21', '23', '14', '13', '22', '36', '18', '28', '34', '27', '8', '11', '16', '35', '19', '30', '38', '44', '20', '41', '43', '45', '51', '31', '58', '54', '87', '29', '59', '60', '46', '39', '40', '53', '77', '32', '50', '57', '82', '55', '61', '48', '33', '42', '47', '56', '67', '62', '63', '37', '49', '68', '64', '52', '65', '70', '72', '74', '73', '66', '69', '71', '79', '75', '76', '78', '80', '81', '83', '85', '84', '86', '88', '89']"
308,1342,1.5691318327974277,32500,1446,958,671.7845659163987,"[0, 2, 1, 0, 0, 3, 1, 2, 3, 3, 1, 1, 2, 3, 3, 3, 2, 0, 2, 1, 1, 2, 1, 3, 2, 3, 1, 3, 3, 2, 2, 3, 2, 2, 0, 2, 3, 2, 1, 3, 1, 3, 0, 1, 0, 0, 0, 1, 2, 0, 2, 0, 2, 1, 3, 2, 2, 0, 1, 1, 2, 0, 1, 0, 3, 3, 1, 0, 0, 3, 0, 3, 0, 0, 3, 2, 2, 2, 3, 3, 0, 1, 3, 3, 0, 1, 2, 1, 1, 2]","['0', '1', '8', '3', '2', '4', '5', '10', '11', '6', '14', '17', '13', '7', '12', '16', '9', '28', '87', '18', '26', '21', '34', '27', '24', '22', '35', '23', '36', '46', '37', '20', '45', '33', '55', '38', '32', '15', '43', '44', '25', '19', '29', '49', '42', '82', '41', '51', '53', '59', '58', '60', '48', '70', '47', '52', '30', '31', '54', '40', '50', '57', '39', '56', '77', '68', '67', '61', '63', '64', '62', '72', '65', '74', '73', '79', '80', '66', '81', '85', '69', '71', '75', '76', '78', '83', '84', '86', '88', '89']"
309,1461,1.7560096153846154,29309,1430,934,731.3780048076923,"[0, 2, 0, 0, 1, 1, 0, 3, 3, 1, 1, 0, 0, 1, 0, 2, 1, 0, 3, 0, 0, 2, 1, 0, 1, 0, 3, 0, 2, 3, 3, 3, 2, 1, 3, 2, 0, 0, 2, 2, 2, 2, 1, 3, 1, 0, 1, 2, 0, 1, 0, 1, 1, 1, 0, 3, 1, 3, 1, 2, 3, 2, 1, 0, 0, 2, 3, 0, 0, 0, 0, 3, 0, 3, 2, 2, 3, 3, 2, 2, 0, 1, 0, 2, 3, 2, 0, 0, 1, 3]","['0', '2', '17', '1', '8', '4', '7', '5', '3', '11', '10', '16', '12', '6', '87', '15', '14', '9', '22', '25', '24', '26', '18', '21', '34', '37', '27', '35', '13', '28', '44', '23', '45', '55', '53', '36', '38', '20', '46', '19', '43', '30', '32', '49', '70', '41', '31', '47', '48', '54', '40', '50', '56', '33', '39', '67', '51', '52', '57', '77', '68', '60', '42', '61', '72', '29', '73', '59', '74', '82', '58', '63', '79', '80', '64', '85', '62', '81', '65', '66', '69', '71', '75', '76', '78', '83', '84', '86', '88', '89']"
310,1319,1.5711733174508635,32907,1384,956,660.2855866587254,"[1, 1, 0, 1, 3, 1, 0, 1, 2, 3, 1, 3, 1, 0, 1, 3, 2, 0, 3, 2, 1, 2, 2, 0, 2, 0, 2, 3, 1, 1, 2, 2, 3, 1, 2, 2, 2, 1, 1, 3, 1, 3, 3, 1, 2, 1, 0, 3, 2, 3, 0, 3, 3, 0, 0, 0, 0, 3, 3, 3, 3, 1, 3, 1, 0, 2, 3, 2, 3, 0, 2, 2, 3, 1, 1, 0, 0, 1, 1, 2, 0, 2, 3, 3, 2, 3, 3, 3, 0, 3]","['0', '2', '17', '1', '5', '12', '7', '3', '4', '10', '6', '13', '11', '14', '28', '15', '9', '26', '25', '24', '21', '8', '23', '19', '37', '35', '46', '16', '30', '45', '34', '29', '36', '87', '27', '54', '43', '53', '22', '18', '55', '82', '38', '20', '44', '41', '51', '58', '33', '62', '59', '42', '31', '32', '47', '60', '39', '40', '77', '49', '70', '50', '52', '57', '61', '63', '64', '65', '48', '66', '56', '67', '68', '72', '74', '69', '73', '80', '71', '85', '81', '75', '79', '76', '78', '83', '84', '86', '88', '89']"
311,1543,1.86296408089345,30960,1541,1072,772.4314820404468,"[0, 0, 2, 1, 1, 0, 2, 2, 0, 0, 1, 3, 0, 1, 1, 2, 1, 0, 2, 1, 3, 3, 1, 2, 3, 2, 0, 3, 0, 1, 1, 0, 0, 2, 1, 2, 2, 3, 0, 2, 0, 1, 3, 2, 0, 0, 0, 2, 3, 3, 0, 3, 2, 3, 2, 1, 3, 3, 0, 2, 0, 2, 2, 2, 3, 0, 1, 0, 1, 2, 2, 0, 3, 0, 3, 2, 3, 3, 3, 0, 2, 3, 3, 1, 2, 1, 3, 2, 2, 0]","['0', '1', '4', '2', '5', '11', '17', '7', '8', '12', '6', '14', '15', '19', '3', '29', '82', '9', '23', '21', '37', '30', '18', '13', '10', '27', '24', '25', '35', '36', '44', '20', '28', '46', '34', '22', '38', '45', '32', '54', '55', '43', '26', '31', '16', '41', '40', '50', '57', '48', '47', '87', '53', '51', '58', '60', '61', '33', '56', '39', '77', '49', '70', '62', '52', '67', '59', '42', '68', '72', '74', '63', '73', '79', '64', '80', '85', '65', '66', '69', '71', '75', '81', '76', '78', '83', '84', '86', '88', '89']"
312,1368,1.6632218844984803,29933,1467,1056,684.8316109422492,"[0, 0, 0, 2, 1, 0, 2, 1, 2, 2, 2, 1, 0, 0, 1, 3, 1, 3, 2, 3, 2, 3, 3, 3, 1, 1, 3, 3, 2, 1, 2, 1, 1, 2, 0, 3, 2, 1, 1, 1, 0, 3, 3, 2, 3, 3, 3, 0, 2, 3, 0, 1, 1, 1, 2, 3, 0, 0, 3, 1, 1, 3, 0, 0, 0, 3, 1, 1, 0, 3, 2, 0, 2, 0, 1, 2, 3, 2, 1, 3, 1, 0, 2, 2, 1, 1, 3, 1, 3, 2]","['0', '1', '8', '5', '12', '10', '3', '7', '2', '11', '16', '4', '87', '6', '9', '22', '21', '36', '24', '35', '37', '13', '45', '54', '26', '44', '18', '14', '23', '46', '27', '17', '34', '28', '38', '15', '43', '20', '32', '49', '70', '41', '25', '53', '51', '33', '59', '19', '58', '29', '55', '48', '42', '47', '30', '60', '52', '82', '62', '31', '40', '39', '77', '50', '57', '61', '56', '63', '68', '67', '64', '72', '74', '65', '73', '79', '66', '80', '81', '69', '85', '71', '75', '76', '78', '83', '84', '86', '88', '89']"
313,1358,1.6470588235294117,31368,1451,974,679.8235294117648,"[1, 3, 2, 2, 2, 1, 2, 0, 3, 2, 2, 1, 0, 1, 1, 2, 0, 0, 1, 0, 3, 1, 2, 1, 2, 0, 1, 1, 2, 3, 2, 0, 1, 2, 3, 3, 0, 3, 1, 2, 0, 2, 0, 1, 2, 3, 0, 3, 2, 0, 1, 2, 0, 0, 0, 0, 0, 3, 3, 0, 3, 0, 2, 0, 2, 2, 3, 1, 1, 3, 1, 0, 2, 2, 3, 2, 0, 1, 1, 0, 2, 3, 1, 2, 2, 3, 3, 3, 1, 0]","['0', '2', '17', '1', '4', '8', '3', '5', '11', '12', '6', '14', '15', '10', '9', '18', '27', '26', '7', '22', '20', '24', '23', '33', '32', '25', '21', '38', '19', '36', '13', '28', '35', '42', '46', '30', '43', '16', '44', '87', '29', '34', '41', '45', '51', '47', '55', '54', '31', '48', '37', '40', '39', '49', '58', '59', '82', '50', '70', '57', '56', '53', '77', '67', '68', '72', '73', '60', '61', '52', '80', '62', '79', '85', '63', '81', '64', '65', '74', '66', '69', '71', '75', '76', '78', '83', '84', '86', '88', '89']"
314,1580,1.9036144578313252,29391,1296,894,790.9518072289156,"[1, 3, 3, 3, 0, 3, 1, 3, 1, 3, 1, 0, 3, 3, 2, 1, 3, 1, 2, 0, 3, 2, 3, 0, 0, 0, 1, 0, 1, 1, 3, 3, 2, 1, 2, 3, 3, 3, 0, 3, 0, 1, 1, 0, 1, 2, 0, 0, 1, 0, 3, 0, 3, 0, 1, 2, 0, 3, 0, 3, 0, 0, 0, 0, 3, 3, 1, 2, 3, 0, 0, 0, 1, 0, 2, 0, 1, 3, 3, 2, 0, 1, 1, 0, 3, 3, 2, 3, 3, 1]","['0', '1', '5', '4', '7', '6', '10', '14', '2', '8', '12', '16', '11', '87', '13', '15', '17', '28', '19', '9', '22', '21', '3', '29', '27', '26', '25', '82', '34', '24', '23', '37', '30', '35', '18', '20', '38', '43', '32', '44', '31', '49', '40', '36', '70', '41', '47', '33', '52', '50', '42', '39', '51', '60', '45', '54', '59', '77', '46', '58', '57', '55', '48', '61', '63', '53', '64', '56', '67', '68', '62', '65', '66', '72', '73', '74', '79', '69', '80', '85', '81', '71', '75', '76', '78', '83', '84', '86', '88', '89']"
315,1664,1.971563981042654,30554,1327,928,832.9857819905213,"[3, 3, 2, 0, 2, 1, 2, 2, 3, 1, 2, 0, 3, 3, 1, 3, 3, 0, 0, 0, 3, 3, 3, 0, 3, 0, 1, 3, 3, 1, 2, 2, 1, 3, 0, 1, 2, 1, 1, 0, 0, 3, 0, 0, 3, 0, 0, 1, 2, 1, 3, 3, 2, 0, 0, 1, 2, 0, 1, 0, 3, 0, 1, 1, 1, 1, 0, 3, 3, 0, 2, 3, 3, 0, 3, 3, 0, 2, 3, 0, 1, 0, 1, 0, 1, 3, 1, 0, 2, 0]","['0', '1', '5', '10', '3', '4', '8', '11', '2', '7', '12', '6', '9', '25', '17', '26', '15', '19', '21', '18', '16', '22', '20', '14', '23', '34', '13', '41', '28', '29', '47', '27', '33', '32', '37', '30', '35', '87', '48', '82', '45', '43', '31', '46', '55', '51', '40', '60', '36', '44', '24', '49', '70', '50', '54', '52', '42', '53', '38', '57', '61', '59', '63', '39', '64', '77', '58', '56', '68', '67', '72', '62', '74', '73', '79', '80', '85', '81', '65', '66', '69', '71', '75', '76', '78', '83', '84', '86', '88', '89']"
316,1549,1.796462742824007,33147,1388,903,775.398231371412,"[1, 1, 3, 2, 2, 2, 1, 0, 3, 1, 1, 1, 2, 2, 3, 1, 1, 2, 0, 3, 0, 3, 0, 1, 3, 2, 0, 1, 1, 1, 3, 1, 2, 3, 0, 3, 0, 3, 0, 3, 1, 1, 0, 1, 3, 0, 0, 3, 1, 3, 1, 1, 3, 2, 3, 2, 0, 1, 3, 0, 0, 3, 0, 1, 1, 0, 3, 0, 2, 1, 0, 0, 3, 1, 0, 0, 2, 3, 3, 3, 3, 1, 2, 1, 2, 3, 3, 3, 3, 3]","['0', '2', '17', '1', '7', '8', '5', '11', '12', '3', '16', '4', '10', '87', '6', '13', '15', '9', '27', '14', '19', '30', '23', '22', '38', '26', '18', '20', '32', '24', '28', '25', '31', '21', '40', '36', '39', '77', '50', '57', '34', '33', '29', '37', '42', '49', '82', '70', '35', '43', '41', '48', '44', '46', '47', '56', '51', '58', '68', '45', '60', '54', '53', '62', '52', '67', '72', '55', '61', '74', '73', '79', '80', '81', '85', '59', '63', '64', '65', '66', '69', '71', '75', '76', '78', '83', '84', '86', '88', '89']"
317,1639,1.9782739891369945,34325,1400,1000,820.4891369945685,"[0, 1, 0, 2, 3, 3, 3, 3, 0, 2, 3, 1, 3, 1, 3, 0, 3, 1, 1, 1, 1, 3, 0, 3, 1, 1, 2, 1, 3, 1, 1, 3, 2, 1, 2, 1, 3, 2, 1, 2, 2, 1, 1, 1, 1, 3, 1, 1, 2, 2, 0, 2, 2, 1, 1, 2, 0, 2, 2, 1, 3, 1, 2, 0, 3, 2, 0, 3, 3, 2, 3, 1, 3, 3, 1, 1, 2, 2, 2, 2, 3, 2, 2, 2, 2, 1, 3, 1, 2, 0]","['0', '1', '3', '5', '10', '12', '7', '8', '11', '4', '2', '6', '15', '14', '17', '9', '13', '18', '24', '28', '26', '16', '20', '33', '87', '27', '32', '21', '34', '36', '25', '41', '48', '37', '42', '49', '70', '22', '23', '19', '29', '30', '35', '82', '43', '45', '54', '46', '47', '31', '55', '38', '53', '44', '52', '51', '59', '58', '60', '62', '40', '50', '39', '57', '77', '61', '63', '64', '65', '56', '66', '67', '68', '69', '72', '73', '80', '79', '85', '74', '71', '81', '75', '76', '78', '83', '84', '86', '88', '89']"
318,1573,1.844620345939607,34585,1525,1109,787.4223101729698,"[3, 2, 2, 3, 1, 3, 1, 3, 0, 0, 0, 3, 2, 2, 1, 1, 0, 3, 0, 3, 2, 0, 2, 0, 2, 1, 3, 1, 0, 2, 0, 3, 3, 2, 1, 1, 3, 3, 2, 0, 2, 1, 2, 0, 3, 2, 0, 3, 1, 3, 1, 0, 2, 3, 3, 2, 1, 0, 2, 3, 1, 2, 3, 0, 1, 2, 0, 2, 2, 2, 3, 1, 3, 2, 2, 0, 2, 1, 2, 1, 0, 3, 2, 3, 0, 1, 2, 0, 0, 3]","['0', '2', '1', '7', '3', '4', '6', '13', '17', '14', '15', '5', '12', '9', '27', '21', '26', '10', '35', '44', '19', '46', '11', '8', '43', '16', '23', '30', '34', '37', '31', '87', '45', '28', '22', '53', '29', '40', '18', '25', '38', '54', '55', '36', '20', '82', '41', '32', '33', '47', '24', '42', '51', '48', '59', '58', '49', '60', '52', '62', '50', '56', '70', '68', '39', '67', '57', '61', '72', '74', '63', '73', '79', '64', '80', '65', '66', '77', '81', '69', '85', '71', '75', '76', '78', '83', '84', '86', '88', '89']"
319,1442,1.720763723150358,32391,1472,981,721.8603818615752,"[3, 1, 1, 1, 1, 2, 3, 1, 0, 0, 0, 2, 3, 2, 2, 3, 1, 2, 1, 2, 2, 0, 1, 2, 0, 3, 3, 3, 1, 3, 3, 2, 1, 1, 1, 2, 2, 1, 0, 3, 1, 1, 3, 2, 0, 1, 0, 0, 1, 2, 3, 2, 2, 1, 0, 3, 0, 0, 0, 0, 0, 0, 1, 2, 3, 2, 3, 0, 2, 1, 1, 3, 0, 3, 0, 2, 2, 1, 2, 3, 0, 0, 2, 0, 3, 2, 3, 1, 3, 0]","['0', '1', '5', '2', '8', '17', '11', '12', '4', '6', '3', '15', '14', '19', '29', '82', '30', '10', '7', '16', '87', '9', '27', '13', '18', '24', '26', '28', '22', '31', '25', '20', '21', '33', '34', '32', '36', '23', '38', '41', '40', '50', '48', '39', '35', '42', '46', '57', '77', '56', '45', '54', '47', '37', '67', '53', '55', '44', '68', '43', '51', '60', '59', '49', '70', '72', '73', '80', '74', '85', '61', '81', '63', '79', '58', '64', '52', '62', '65', '66', '69', '71', '75', '76', '78', '83', '84', '86', '88', '89']"
320,1450,1.698886936145284,31853,1238,847,725.8494434680726,"[1, 0, 0, 2, 3, 0, 1, 1, 0, 0, 0, 3, 2, 0, 3, 2, 3, 0, 0, 1, 0, 2, 1, 2, 2, 0, 0, 0, 0, 1, 1, 3, 0, 0, 2, 1, 1, 1, 1, 1, 1, 0, 1, 0, 1, 1, 2, 0, 2, 1, 2, 0, 1, 3, 0, 3, 3, 2, 3, 3, 3, 2, 1, 2, 0, 2, 1, 3, 2, 1, 2, 0, 1, 0, 1, 0, 1, 3, 3, 2, 0, 1, 0, 1, 3, 0, 0, 3, 2, 0]","['0', '2', '1', '4', '7', '6', '14', '17', '8', '5', '12', '15', '19', '30', '9', '16', '3', '24', '26', '22', '13', '21', '37', '27', '35', '46', '25', '11', '31', '40', '45', '39', '55', '34', '87', '54', '53', '43', '18', '44', '29', '10', '77', '28', '50', '82', '36', '57', '23', '20', '32', '41', '38', '51', '59', '60', '58', '47', '49', '70', '61', '62', '48', '33', '56', '52', '68', '63', '64', '42', '65', '66', '72', '67', '74', '69', '73', '71', '75', '80', '79', '85', '81', '76', '78', '83', '84', '86', '88', '89']"
321,1263,1.534163376860006,30794,1433,1017,632.26708168843,"[3, 2, 0, 0, 1, 1, 1, 1, 3, 0, 0, 3, 3, 2, 1, 1, 0, 0, 2, 0, 1, 1, 0, 1, 1, 1, 2, 2, 2, 3, 3, 0, 0, 0, 1, 1, 0, 3, 0, 1, 0, 0, 2, 3, 2, 3, 2, 2, 0, 2, 2, 3, 3, 0, 3, 1, 0, 2, 3, 3, 2, 1, 3, 3, 2, 3, 1, 2, 2, 2, 0, 3, 2, 0, 1, 0, 2, 3, 1, 1, 3, 2, 3, 1, 1, 2, 3, 1, 0, 2]","['0', '2', '1', '4', '5', '11', '8', '7', '12', '17', '10', '6', '15', '14', '3', '19', '16', '30', '87', '13', '9', '23', '26', '29', '82', '27', '28', '25', '18', '20', '32', '31', '33', '22', '38', '21', '36', '24', '35', '39', '42', '34', '46', '43', '44', '37', '41', '77', '45', '47', '54', '53', '52', '49', '48', '40', '70', '55', '51', '59', '60', '50', '58', '62', '57', '56', '61', '63', '67', '68', '64', '72', '65', '66', '73', '80', '81', '74', '69', '79', '71', '85', '75', '76', '78', '83', '84', '86', '88', '89']"
322,1538,1.8293190603627714,31291,1275,914,769.9146595301814,"[0, 2, 3, 3, 0, 1, 3, 1, 3, 0, 0, 1, 1, 3, 0, 0, 3, 1, 3, 3, 0, 1, 2, 2, 2, 0, 2, 3, 0, 0, 3, 3, 3, 1, 0, 2, 0, 2, 1, 3, 2, 1, 1, 3, 3, 0, 3, 2, 2, 0, 2, 0, 1, 3, 3, 3, 3, 0, 0, 3, 1, 0, 2, 3, 3, 0, 0, 3, 0, 3, 1, 3, 3, 3, 3, 2, 2, 3, 3, 2, 2, 0, 2, 1, 0, 1, 3, 0, 0, 3]","['0', '2', '1', '3', '5', '7', '12', '10', '8', '11', '17', '4', '16', '6', '13', '15', '19', '14', '9', '24', '26', '18', '87', '27', '21', '20', '34', '32', '41', '22', '25', '48', '30', '35', '45', '37', '28', '36', '49', '44', '23', '53', '47', '46', '38', '70', '55', '52', '43', '33', '31', '51', '59', '39', '42', '29', '54', '82', '60', '77', '40', '50', '57', '56', '61', '68', '58', '67', '72', '74', '63', '64', '73', '79', '80', '85', '81', '62', '65', '66', '69', '71', '75', '76', '78', '83', '84', '86', '88', '89']"
323,1424,1.682717872968981,33176,1281,906,712.8413589364845,"[3, 2, 1, 3, 3, 0, 1, 3, 3, 3, 2, 1, 0, 2, 1, 0, 0, 3, 1, 1, 3, 0, 1, 0, 3, 1, 0, 2, 0, 3, 2, 1, 1, 3, 0, 3, 1, 2, 3, 2, 0, 1, 2, 2, 2, 2, 3, 1, 2, 0, 3, 0, 0, 0, 3, 2, 3, 2, 3, 2, 3, 1, 2, 2, 1, 2, 3, 3, 3, 3, 1, 0, 1, 1, 0, 1, 2, 3, 2, 3, 3, 0, 1, 2, 3, 0, 0, 2, 3, 0]","['0', '1', '8', '2', '5', '7', '11', '17', '12', '10', '3', '4', '16', '6', '9', '24', '25', '23', '18', '87', '21', '34', '13', '22', '37', '26', '36', '15', '28', '19', '20', '30', '41', '48', '32', '38', '14', '35', '46', '27', '49', '70', '44', '31', '45', '29', '39', '55', '40', '54', '50', '47', '52', '82', '33', '77', '53', '57', '42', '56', '67', '68', '72', '73', '79', '80', '81', '43', '51', '58', '60', '59', '61', '85', '62', '63', '64', '74', '65', '66', '69', '71', '75', '76', '78', '83', '84', '86', '88', '89']"
324,1491,1.7734165923282783,34653,1401,959,746.3867082961641,"[2, 0, 0, 0, 0, 2, 0, 2, 3, 0, 1, 1, 2, 2, 2, 3, 3, 0, 3, 0, 3, 3, 2, 3, 2, 0, 2, 1, 2, 0, 2, 0, 0, 1, 0, 1, 2, 3, 1, 3, 3, 2, 2, 3, 3, 0, 1, 2, 2, 3, 0, 3, 3, 1, 0, 1, 3, 3, 3, 0, 3, 3, 2, 2, 0, 1, 2, 0, 2, 0, 2, 2, 2, 2, 3, 0, 3, 1, 3, 0, 0, 0, 1, 3, 2, 2, 2, 3, 3, 2]","['0', '2', '17', '1', '3', '5', '7', '10', '8', '12', '11', '4', '16', '87', '6', '15', '14', '19', '9', '21', '27', '29', '22', '37', '13', '82', '28', '35', '18', '24', '36', '20', '44', '33', '45', '42', '25', '32', '46', '53', '43', '30', '55', '49', '34', '70', '54', '23', '26', '41', '51', '38', '31', '60', '39', '59', '40', '48', '58', '50', '56', '47', '67', '62', '52', '77', '57', '61', '63', '64', '68', '65', '72', '74', '73', '66', '69', '79', '80', '71', '81', '75', '76', '78', '85', '83', '84', '86', '88', '89']"
325,1472,1.7607655502392345,33841,1651,1201,736.8803827751196,"[0, 1, 1, 0, 0, 1, 3, 1, 3, 0, 1, 0, 2, 3, 0, 0, 2, 2, 3, 0, 1, 0, 1, 3, 3, 3, 1, 0, 0, 2, 1, 1, 3, 1, 0, 0, 2, 0, 0, 3, 2, 0, 2, 1, 3, 1, 0, 1, 3, 3, 3, 0, 0, 0, 2, 3, 3, 3, 1, 2, 3, 3, 3, 1, 2, 0, 1, 0, 1, 2, 0, 1, 2, 1, 3, 1, 1, 3, 3, 1, 3, 0, 2, 1, 2, 2, 3, 0, 3, 2]","['0', '1', '5', '12', '4', '2', '7', '6', '11', '9', '23', '17', '18', '20', '25', '26', '15', '33', '14', '22', '38', '10', '27', '19', '8', '24', '3', '30', '21', '29', '82', '35', '13', '32', '46', '45', '54', '44', '36', '53', '34', '28', '43', '41', '55', '37', '47', '42', '31', '48', '39', '77', '51', '40', '52', '59', '58', '49', '16', '62', '87', '50', '60', '70', '56', '67', '68', '57', '61', '72', '63', '73', '80', '74', '64', '65', '79', '66', '81', '69', '71', '75', '76', '78', '83', '85', '84', '86', '88', '89']"
326,1402,1.655253837072019,32586,1414,979,701.827626918536,"[0, 1, 0, 3, 2, 0, 3, 0, 1, 0, 3, 2, 2, 2, 1, 2, 2, 2, 2, 1, 0, 3, 3, 0, 2, 1, 2, 1, 2, 2, 3, 2, 2, 3, 0, 0, 1, 1, 2, 3, 2, 0, 1, 0, 3, 2, 3, 0, 3, 3, 3, 0, 3, 0, 3, 0, 0, 2, 3, 3, 3, 0, 2, 2, 0, 1, 3, 1, 3, 0, 0, 3, 2, 2, 3, 3, 3, 0, 1, 0, 1, 3, 0, 0, 2, 0, 1, 2, 3, 0]","['0', '2', '17', '1', '4', '5', '7', '11', '12', '10', '8', '3', '16', '6', '15', '87', '9', '19', '25', '18', '27', '30', '26', '24', '21', '31', '34', '37', '22', '35', '46', '23', '13', '39', '77', '38', '20', '28', '14', '36', '44', '32', '45', '53', '29', '33', '42', '82', '40', '43', '50', '57', '41', '49', '48', '55', '47', '70', '54', '56', '67', '52', '68', '51', '58', '59', '62', '72', '74', '60', '61', '63', '73', '64', '80', '81', '65', '85', '66', '69', '71', '79', '75', '76', '78', '83', '84', '86', '88', '89']"
327,1451,1.77113213304852,29531,1401,1016,726.3855660665242,"[1, 1, 3, 3, 0, 3, 1, 3, 1, 3, 0, 1, 0, 0, 0, 3, 3, 1, 3, 2, 0, 0, 2, 0, 1, 1, 1, 1, 3, 3, 2, 3, 3, 1, 2, 1, 0, 1, 2, 2, 3, 1, 0, 3, 1, 1, 3, 1, 0, 2, 2, 3, 3, 2, 0, 3, 0, 1, 1, 0, 0, 3, 0, 3, 0, 1, 2, 3, 1, 0, 2, 1, 1, 3, 2, 1, 1, 0, 0, 3, 0, 0, 3, 2, 2, 0, 3, 1, 0, 0]","['0', '1', '2', '17', '5', '12', '4', '11', '7', '6', '10', '8', '3', '16', '14', '87', '15', '13', '19', '28', '9', '30', '27', '25', '23', '22', '38', '21', '26', '34', '29', '37', '24', '18', '31', '20', '32', '49', '40', '35', '43', '39', '41', '33', '45', '82', '77', '55', '53', '70', '36', '44', '54', '48', '50', '42', '47', '51', '52', '60', '46', '58', '57', '61', '62', '56', '68', '67', '72', '59', '73', '63', '80', '64', '65', '81', '85', '74', '79', '66', '69', '71', '75', '76', '78', '83', '84', '86', '88', '89']"
328,1434,1.6955365060597103,32920,1338,1033,717.8477682530298,"[0, 0, 1, 0, 1, 3, 0, 3, 3, 0, 3, 0, 1, 3, 3, 2, 0, 3, 2, 1, 1, 0, 0, 2, 2, 2, 1, 3, 2, 1, 2, 3, 1, 2, 2, 0, 3, 1, 1, 3, 0, 1, 1, 1, 1, 0, 3, 0, 3, 0, 2, 1, 3, 3, 2, 1, 2, 0, 0, 0, 2, 0, 1, 0, 0, 1, 2, 2, 2, 1, 0, 0, 0, 2, 2, 0, 1, 1, 0, 2, 0, 3, 0, 1, 2, 0, 1, 2, 3, 3]","['0', '2', '1', '17', '8', '5', '11', '10', '4', '12', '7', '3', '16', '6', '87', '14', '15', '9', '24', '23', '27', '25', '26', '18', '21', '37', '13', '34', '19', '29', '35', '28', '36', '22', '45', '43', '30', '82', '20', '54', '41', '31', '32', '49', '44', '46', '40', '39', '70', '55', '47', '50', '51', '53', '77', '52', '58', '59', '48', '56', '38', '57', '62', '68', '33', '60', '67', '61', '63', '72', '74', '64', '65', '66', '69', '71', '42', '75', '76', '78', '73', '80', '85', '79', '81', '83', '84', '86', '88', '89']"
329,1349,1.6346561647985458,31804,1243,850,675.3173280823993,"[2, 1, 1, 0, 3, 1, 0, 1, 2, 1, 2, 2, 0, 2, 2, 3, 3, 3, 3, 0, 1, 3, 2, 1, 3, 2, 3, 3, 0, 3, 2, 3, 1, 1, 2, 3, 2, 2, 1, 0, 0, 0, 3, 0, 2, 2, 1, 1, 3, 3, 3, 0, 3, 2, 1, 0, 0, 2, 2, 0, 0, 3, 0, 0, 2, 0, 3, 0, 3, 1, 1, 3, 0, 0, 1, 3, 0, 3, 1, 1, 1, 0, 3, 3, 2, 2, 2, 0, 0, 0]","['0', '1', '8', '5', '12', '4', '2', '10', '7', '3', '6', '13', '28', '17', '11', '16', '15', '87', '19', '30', '9', '18', '24', '21', '34', '22', '37', '36', '26', '27', '14', '25', '23', '31', '35', '46', '29', '82', '39', '45', '54', '40', '20', '53', '41', '32', '49', '77', '44', '38', '55', '33', '47', '70', '50', '57', '48', '56', '68', '72', '73', '42', '79', '74', '43', '80', '67', '81', '85', '52', '51', '58', '62', '59', '60', '61', '63', '64', '65', '66', '69', '71', '75', '76', '78', '83', '84', '86', '88', '89']"
330,1442,1.696969696969697,32971,1545,1113,721.8484848484849,"[1, 2, 1, 0, 1, 2, 1, 2, 3, 3, 3, 3, 1, 3, 2, 2, 1, 2, 2, 2, 1, 3, 1, 2, 0, 2, 0, 1, 0, 3, 0, 0, 3, 3, 2, 1, 2, 2, 3, 0, 2, 3, 0, 0, 1, 1, 2, 2, 3, 1, 1, 1, 3, 0, 3, 2, 3, 3, 0, 3, 1, 3, 0, 1, 1, 1, 2, 1, 2, 2, 3, 3, 2, 3, 2, 1, 1, 1, 0, 0, 3, 1, 2, 1, 3, 1, 0, 2, 3, 2]","['0', '1', '8', '2', '3', '4', '17', '6', '15', '7', '16', '13', '5', '9', '10', '14', '22', '27', '26', '25', '11', '18', '21', '36', '87', '24', '23', '20', '34', '37', '38', '35', '32', '44', '41', '28', '49', '43', '12', '47', '45', '19', '70', '52', '29', '51', '55', '33', '42', '48', '53', '30', '60', '54', '31', '40', '46', '59', '58', '82', '39', '77', '62', '50', '57', '61', '63', '56', '68', '72', '64', '73', '79', '80', '67', '74', '65', '85', '81', '66', '69', '71', '75', '76', '78', '83', '84', '86', '88', '89']"
331,1210,1.4082048297934244,29141,1308,929,605.7041024148967,"[3, 1, 3, 3, 0, 0, 0, 0, 2, 1, 3, 1, 2, 0, 0, 2, 3, 1, 3, 0, 2, 0, 0, 3, 2, 0, 3, 0, 0, 3, 3, 0, 2, 3, 0, 1, 1, 3, 2, 3, 2, 3, 1, 0, 1, 3, 3, 0, 0, 3, 0, 0, 1, 3, 2, 0, 1, 2, 2, 1, 3, 2, 2, 3, 1, 1, 2, 0, 0, 1, 1, 1, 2, 2, 3, 1, 1, 1, 3, 2, 0, 3, 3, 1, 2, 2, 0, 2, 3, 1]","['0', '2', '17', '1', '5', '11', '4', '7', '8', '12', '6', '16', '10', '9', '27', '18', '26', '23', '3', '13', '15', '24', '25', '28', '19', '21', '34', '22', '87', '37', '38', '36', '20', '33', '35', '44', '42', '30', '31', '43', '41', '45', '53', '55', '40', '54', '48', '32', '46', '39', '50', '56', '68', '49', '77', '67', '51', '57', '60', '58', '61', '62', '59', '70', '72', '73', '14', '29', '82', '79', '47', '52', '74', '63', '80', '81', '64', '65', '85', '66', '69', '71', '75', '76', '78', '83', '84', '86', '88', '89']"
332,1753,2.107604448452059,26950,1299,918,877.553802224226,"[3, 3, 3, 1, 3, 2, 0, 3, 1, 3, 3, 1, 1, 1, 0, 1, 2, 2, 2, 1, 2, 0, 1, 1, 3, 1, 0, 2, 3, 1, 1, 1, 1, 0, 0, 0, 3, 3, 0, 1, 1, 1, 2, 1, 0, 0, 2, 0, 1, 0, 2, 0, 2, 0, 3, 1, 0, 2, 3, 1, 3, 1, 2, 0, 3, 3, 1, 3, 1, 3, 2, 3, 3, 2, 1, 0, 0, 0, 0, 1, 1, 0, 1, 1, 3, 1, 2, 3, 0, 1]","['0', '1', '5', '2', '17', '7', '4', '11', '3', '6', '9', '14', '21', '24', '37', '12', '35', '27', '10', '13', '8', '23', '44', '16', '15', '43', '87', '28', '18', '46', '34', '25', '26', '19', '22', '36', '29', '20', '30', '82', '45', '54', '55', '53', '33', '41', '38', '31', '39', '47', '52', '51', '59', '60', '40', '32', '49', '70', '42', '50', '48', '58', '57', '61', '62', '77', '56', '68', '67', '72', '74', '63', '64', '65', '73', '79', '80', '66', '81', '69', '71', '85', '75', '76', '78', '83', '84', '86', '88', '89']"
333,1374,1.6308605341246292,32173,1425,996,687.8154302670623,"[2, 1, 1, 0, 3, 1, 3, 1, 0, 1, 1, 2, 2, 3, 3, 2, 0, 2, 0, 0, 2, 1, 3, 0, 1, 2, 3, 1, 0, 3, 2, 0, 1, 3, 3, 2, 1, 3, 1, 2, 2, 3, 1, 1, 3, 2, 0, 1, 1, 2, 1, 3, 3, 2, 0, 3, 2, 3, 3, 0, 1, 3, 1, 2, 2, 3, 0, 2, 2, 3, 1, 1, 1, 3, 2, 3, 1, 3, 2, 2, 1, 2, 3, 0, 0, 2, 1, 1, 3, 0]","['0', '2', '17', '1', '5', '3', '8', '11', '10', '4', '7', '12', '6', '13', '28', '14', '9', '24', '16', '21', '27', '18', '22', '35', '44', '25', '23', '36', '45', '26', '46', '20', '15', '43', '19', '29', '38', '87', '32', '34', '41', '30', '48', '55', '51', '53', '82', '47', '52', '60', '33', '58', '62', '54', '37', '31', '59', '39', '42', '77', '40', '49', '70', '50', '56', '67', '57', '68', '61', '63', '72', '73', '79', '74', '64', '80', '81', '65', '66', '85', '69', '71', '75', '76', '78', '83', '84', '86', '88', '89']"
334,1524,1.7477064220183487,34196,1426,1053,762.8738532110092,"[1, 1, 3, 0, 3, 1, 0, 3, 1, 1, 1, 3, 1, 3, 2, 0, 0, 1, 2, 1, 1, 1, 2, 3, 2, 0, 3, 2, 1, 0, 1, 3, 0, 0, 1, 0, 0, 1, 3, 1, 0, 0, 2, 3, 2, 3, 2, 3, 2, 1, 3, 3, 1, 2, 3, 1, 0, 1, 2, 0, 3, 0, 2, 2, 1, 3, 0, 1, 3, 0, 2, 2, 0, 3, 0, 2, 0, 2, 2, 0, 1, 0, 0, 1, 0, 1, 3, 0, 0, 1]","['0', '2', '17', '1', '7', '8', '16', '3', '4', '6', '15', '87', '13', '14', '5', '9', '10', '18', '22', '23', '28', '27', '11', '20', '24', '25', '32', '21', '33', '38', '36', '35', '45', '12', '54', '46', '43', '19', '55', '44', '53', '42', '34', '37', '30', '49', '70', '41', '26', '51', '59', '60', '48', '29', '58', '31', '62', '47', '39', '77', '52', '40', '50', '56', '68', '72', '74', '67', '82', '73', '79', '80', '57', '81', '85', '61', '63', '64', '65', '66', '69', '71', '75', '76', '78', '83', '84', '86', '88', '89']"
335,1454,1.7387144992526158,29755,1408,977,727.8693572496263,"[1, 1, 2, 1, 1, 3, 1, 2, 0, 2, 0, 0, 2, 2, 0, 3, 2, 3, 1, 1, 1, 2, 0, 1, 0, 2, 3, 2, 2, 0, 0, 1, 3, 3, 0, 3, 2, 2, 1, 2, 3, 1, 0, 0, 1, 2, 0, 1, 2, 1, 3, 2, 1, 3, 2, 1, 2, 0, 0, 1, 1, 0, 0, 1, 3, 1, 1, 1, 3, 2, 1, 2, 0, 1, 1, 2, 2, 0, 0, 1, 2, 2, 2, 1, 3, 3, 0, 2, 1, 0]","['0', '1', '4', '5', '12', '8', '11', '2', '17', '3', '10', '6', '7', '15', '9', '24', '27', '19', '21', '34', '22', '13', '26', '25', '16', '87', '30', '18', '14', '20', '32', '31', '35', '29', '33', '36', '82', '40', '23', '37', '38', '49', '46', '50', '45', '42', '55', '70', '43', '28', '57', '39', '44', '41', '51', '59', '54', '53', '48', '60', '58', '56', '68', '77', '67', '47', '61', '52', '72', '74', '63', '62', '73', '79', '80', '81', '85', '64', '65', '66', '69', '71', '75', '76', '78', '83', '84', '86', '88', '89']"
336,1397,1.6735549565738246,32444,1563,1102,699.3367774782869,"[3, 2, 1, 1, 3, 0, 2, 1, 3, 3, 3, 3, 3, 2, 2, 2, 1, 3, 1, 1, 2, 1, 0, 1, 3, 3, 3, 1, 2, 1, 0, 2, 0, 0, 0, 0, 3, 3, 0, 0, 3, 0, 3, 3, 1, 2, 2, 2, 0, 3, 3, 2, 1, 0, 0, 0, 1, 3, 1, 1, 1, 2, 1, 1, 2, 0, 2, 0, 2, 3, 2, 0, 2, 2, 0, 0, 2, 1, 0, 2, 0, 1, 0, 2, 2, 1, 2, 0, 3, 1]","['0', '1', '2', '7', '3', '4', '8', '5', '10', '6', '9', '27', '24', '18', '12', '15', '21', '20', '13', '11', '16', '22', '25', '87', '17', '36', '37', '19', '34', '28', '32', '35', '26', '44', '46', '49', '41', '33', '43', '45', '55', '30', '70', '42', '47', '14', '51', '58', '52', '53', '31', '23', '39', '48', '60', '62', '38', '77', '59', '54', '40', '29', '50', '82', '56', '68', '57', '67', '61', '72', '74', '63', '64', '73', '79', '65', '66', '69', '80', '85', '81', '71', '75', '76', '78', '83', '84', '86', '88', '89']"
337,1772,2.1465778316172015,31129,1465,1009,887.0732889158086,"[1, 0, 0, 1, 1, 0, 3, 3, 3, 0, 3, 3, 2, 3, 2, 2, 3, 2, 3, 2, 2, 3, 3, 0, 1, 0, 1, 2, 1, 2, 0, 3, 2, 1, 3, 0, 0, 0, 3, 1, 2, 3, 2, 2, 2, 3, 1, 2, 1, 0, 0, 0, 3, 3, 1, 0, 0, 3, 1, 1, 1, 2, 2, 2, 3, 0, 3, 3, 3, 2, 2, 0, 2, 3, 3, 3, 1, 1, 0, 2, 3, 2, 2, 3, 3, 3, 0, 3, 0, 1]","['0', '1', '5', '8', '7', '2', '3', '10', '17', '4', '12', '16', '6', '87', '15', '9', '25', '27', '24', '13', '22', '23', '11', '26', '38', '21', '37', '19', '36', '28', '14', '35', '46', '18', '45', '44', '34', '29', '20', '54', '82', '55', '33', '41', '48', '53', '43', '30', '32', '51', '42', '31', '58', '60', '39', '62', '49', '40', '77', '59', '47', '70', '52', '50', '57', '61', '63', '56', '68', '72', '73', '80', '67', '79', '74', '81', '85', '64', '65', '66', '69', '71', '75', '76', '78', '83', '84', '86', '88', '89']"
338,1386,1.618213660245184,34446,1423,1088,693.8091068301226,"[0, 2, 3, 1, 1, 2, 2, 0, 3, 2, 1, 3, 0, 0, 3, 2, 0, 2, 2, 0, 1, 1, 3, 2, 3, 1, 0, 1, 0, 3, 1, 1, 2, 1, 3, 3, 1, 3, 3, 2, 2, 3, 2, 2, 1, 1, 1, 3, 3, 1, 3, 1, 0, 0, 0, 3, 2, 3, 3, 2, 3, 3, 2, 0, 2, 1, 3, 1, 3, 2, 2, 3, 3, 2, 1, 1, 2, 0, 1, 2, 0, 1, 2, 3, 0, 1, 3, 0, 3, 0]","['0', '2', '1', '3', '7', '4', '8', '17', '5', '6', '16', '13', '15', '14', '87', '9', '11', '21', '27', '22', '24', '23', '35', '36', '12', '18', '25', '38', '44', '45', '26', '55', '20', '43', '34', '32', '53', '10', '54', '46', '41', '51', '48', '19', '30', '60', '28', '47', '52', '33', '31', '29', '40', '50', '58', '62', '42', '82', '59', '56', '67', '39', '57', '37', '77', '61', '68', '49', '70', '63', '64', '72', '74', '65', '66', '73', '80', '69', '71', '79', '85', '81', '75', '76', '78', '83', '84', '86', '88', '89']"
339,1686,1.982363315696649,33387,1415,997,843.9911816578483,"[2, 2, 3, 1, 3, 0, 0, 0, 2, 3, 1, 2, 0, 1, 1, 0, 2, 0, 2, 1, 2, 2, 2, 0, 2, 0, 0, 2, 1, 1, 3, 2, 1, 1, 2, 0, 0, 2, 1, 0, 3, 0, 1, 2, 1, 1, 3, 2, 2, 3, 2, 2, 2, 2, 3, 2, 3, 0, 0, 3, 3, 3, 3, 3, 0, 2, 0, 3, 2, 0, 1, 1, 3, 2, 0, 3, 2, 3, 1, 3, 3, 0, 1, 0, 2, 0, 0, 2, 1, 0]","['0', '2', '17', '1', '5', '10', '11', '3', '4', '7', '12', '8', '16', '6', '15', '9', '27', '22', '21', '25', '34', '36', '24', '35', '19', '13', '43', '28', '45', '30', '55', '54', '23', '37', '53', '18', '46', '44', '20', '33', '14', '87', '42', '26', '31', '29', '38', '41', '82', '47', '39', '77', '40', '32', '50', '48', '57', '51', '52', '49', '59', '60', '70', '61', '58', '56', '68', '62', '63', '72', '73', '67', '80', '64', '79', '85', '81', '65', '74', '66', '69', '71', '75', '76', '78', '83', '84', '86', '88', '89']"
340,1405,1.687181026718703,31459,1397,952,703.3435905133593,"[1, 3, 1, 2, 0, 2, 0, 0, 2, 3, 2, 1, 0, 0, 1, 3, 3, 2, 3, 1, 3, 3, 3, 0, 2, 2, 3, 2, 2, 3, 0, 3, 1, 3, 3, 2, 2, 3, 3, 1, 1, 0, 2, 0, 0, 2, 1, 1, 0, 0, 1, 2, 3, 2, 1, 0, 3, 3, 1, 2, 3, 1, 1, 2, 3, 1, 0, 3, 1, 2, 0, 0, 1, 2, 2, 1, 1, 1, 1, 2, 3, 1, 0, 3, 3, 1, 2, 0, 0, 0]","['0', '1', '4', '2', '17', '8', '7', '16', '5', '12', '10', '6', '3', '11', '9', '13', '21', '27', '18', '36', '34', '87', '28', '24', '37', '20', '15', '14', '23', '22', '26', '25', '35', '46', '41', '45', '33', '55', '43', '51', '58', '42', '32', '49', '47', '53', '60', '48', '54', '59', '38', '44', '19', '30', '52', '31', '70', '62', '29', '40', '50', '57', '82', '39', '56', '67', '77', '61', '63', '64', '65', '68', '72', '74', '73', '79', '66', '69', '71', '75', '76', '80', '81', '78', '83', '85', '84', '86', '88', '89']"
341,1480,1.7799158147925436,31544,1373,951,740.8899579073963,"[2, 1, 3, 0, 3, 0, 0, 2, 0, 3, 1, 0, 2, 1, 3, 1, 1, 3, 0, 2, 3, 0, 2, 1, 2, 0, 3, 2, 1, 3, 0, 2, 3, 1, 1, 1, 2, 1, 1, 1, 1, 0, 3, 3, 2, 0, 0, 2, 1, 2, 1, 3, 0, 3, 0, 1, 2, 2, 1, 0, 2, 1, 1, 1, 1, 0, 1, 1, 1, 1, 1, 2, 2, 3, 3, 1, 0, 1, 3, 1, 2, 0, 0, 0, 0, 0, 3, 2, 3, 1]","['0', '1', '8', '7', '3', '4', '5', '12', '11', '6', '9', '27', '23', '25', '13', '18', '24', '10', '28', '15', '2', '14', '20', '33', '22', '21', '38', '32', '26', '16', '34', '36', '87', '35', '46', '41', '47', '37', '17', '44', '48', '52', '42', '49', '43', '70', '51', '19', '58', '29', '45', '53', '82', '54', '55', '59', '60', '62', '30', '31', '39', '77', '40', '50', '56', '68', '67', '72', '57', '73', '74', '80', '85', '61', '81', '79', '63', '64', '65', '66', '69', '71', '75', '76', '78', '83', '84', '86', '88', '89']"
342,1511,1.7940041555357673,33053,1501,1070,756.3970020777679,"[0, 1, 1, 0, 2, 1, 3, 2, 3, 3, 0, 1, 1, 3, 0, 2, 3, 2, 2, 0, 0, 0, 3, 1, 1, 0, 2, 0, 2, 2, 1, 0, 1, 0, 3, 1, 0, 1, 2, 2, 3, 3, 3, 1, 1, 1, 3, 2, 2, 2, 1, 0, 0, 0, 3, 1, 1, 2, 0, 2, 1, 0, 3, 3, 1, 2, 1, 3, 3, 0, 1, 2, 0, 2, 1, 2, 0, 0, 0, 0, 3, 0, 3, 0, 0, 0, 0, 1, 0, 3]","['0', '1', '4', '3', '5', '12', '2', '17', '6', '13', '10', '15', '28', '14', '9', '18', '19', '26', '22', '7', '11', '20', '25', '29', '27', '23', '24', '38', '32', '8', '30', '31', '40', '39', '50', '33', '57', '16', '87', '77', '82', '21', '35', '43', '34', '41', '44', '45', '54', '36', '53', '47', '37', '49', '55', '70', '46', '42', '48', '51', '60', '52', '56', '67', '68', '72', '73', '59', '74', '61', '63', '80', '81', '64', '85', '79', '58', '62', '65', '66', '69', '71', '75', '76', '78', '83', '84', '86', '88', '89']"
343,1459,1.6867052023121387,33809,1484,1040,730.3433526011561,"[0, 2, 0, 2, 1, 3, 3, 1, 3, 3, 0, 1, 3, 2, 1, 0, 3, 0, 1, 0, 0, 3, 0, 3, 3, 3, 1, 2, 2, 0, 3, 1, 3, 2, 2, 2, 2, 2, 1, 2, 3, 0, 1, 1, 2, 1, 1, 0, 1, 3, 0, 0, 0, 1, 1, 3, 3, 3, 2, 1, 3, 3, 3, 2, 1, 3, 2, 3, 1, 2, 1, 1, 2, 1, 1, 2, 0, 3, 2, 3, 3, 0, 3, 1, 0, 1, 3, 0, 2, 1]","['0', '2', '17', '1', '7', '3', '4', '5', '11', '12', '10', '6', '9', '23', '13', '25', '28', '14', '22', '27', '38', '21', '37', '26', '24', '8', '15', '35', '43', '19', '18', '46', '44', '20', '33', '34', '45', '30', '54', '16', '41', '55', '31', '48', '51', '53', '36', '58', '62', '42', '47', '52', '59', '39', '32', '77', '60', '49', '29', '87', '40', '50', '56', '67', '57', '70', '82', '61', '68', '63', '72', '74', '73', '79', '64', '80', '65', '85', '66', '81', '69', '71', '75', '76', '78', '83', '84', '86', '88', '89']"
344,1353,1.607843137254902,31425,1387,942,677.3039215686274,"[2, 0, 3, 3, 1, 2, 0, 2, 0, 0, 0, 2, 0, 2, 3, 1, 0, 3, 1, 1, 0, 0, 0, 3, 0, 1, 1, 0, 3, 0, 1, 1, 0, 0, 0, 0, 2, 1, 1, 3, 1, 3, 3, 0, 1, 0, 1, 3, 3, 2, 1, 2, 3, 1, 0, 0, 2, 3, 3, 3, 1, 2, 3, 2, 1, 2, 2, 0, 3, 2, 0, 3, 0, 1, 3, 2, 3, 0, 2, 2, 1, 1, 0, 0, 2, 3, 2, 3, 3, 1]","['0', '1', '5', '7', '4', '12', '8', '11', '10', '3', '6', '2', '15', '13', '14', '28', '16', '17', '87', '19', '29', '82', '9', '30', '18', '24', '26', '22', '21', '23', '27', '34', '37', '31', '25', '38', '36', '35', '46', '40', '39', '20', '44', '50', '43', '33', '77', '42', '32', '41', '48', '49', '51', '70', '58', '60', '47', '56', '57', '59', '45', '67', '68', '72', '73', '52', '53', '55', '79', '61', '62', '54', '80', '85', '74', '63', '81', '64', '65', '66', '69', '71', '75', '76', '78', '83', '84', '86', '88', '89']"
345,1332,1.5937780436733473,32949,1437,987,666.7968890218367,"[1, 3, 3, 3, 3, 1, 2, 2, 2, 1, 3, 3, 0, 3, 3, 2, 0, 0, 1, 2, 1, 0, 0, 1, 1, 1, 0, 1, 0, 3, 2, 0, 3, 0, 3, 2, 1, 1, 0, 0, 3, 1, 1, 0, 3, 3, 2, 0, 0, 2, 3, 3, 1, 3, 3, 0, 1, 2, 1, 3, 0, 2, 0, 3, 2, 3, 2, 0, 2, 1, 0, 0, 2, 1, 1, 2, 3, 2, 1, 2, 0, 2, 1, 2, 3, 2, 1, 0, 1, 1]","['0', '2', '17', '1', '7', '4', '6', '5', '3', '9', '27', '15', '21', '24', '14', '10', '35', '13', '26', '8', '28', '46', '44', '11', '12', '23', '37', '22', '36', '45', '43', '25', '53', '54', '38', '18', '20', '33', '34', '19', '41', '16', '51', '55', '42', '30', '31', '58', '48', '59', '32', '62', '49', '47', '39', '29', '70', '77', '52', '82', '60', '40', '50', '87', '56', '57', '68', '61', '63', '64', '65', '66', '72', '74', '67', '69', '73', '71', '75', '80', '85', '76', '79', '81', '78', '83', '84', '86', '88', '89']"
346,1559,1.8303492808922806,33722,1414,987,780.4151746404461,"[2, 1, 0, 2, 2, 1, 1, 2, 2, 0, 2, 3, 1, 0, 2, 0, 2, 0, 1, 3, 3, 1, 1, 3, 3, 1, 0, 0, 2, 1, 0, 3, 2, 2, 3, 3, 2, 2, 1, 2, 3, 0, 3, 0, 0, 1, 2, 3, 3, 0, 3, 3, 1, 1, 3, 1, 0, 3, 3, 3, 2, 0, 0, 3, 0, 0, 0, 1, 2, 1, 3, 2, 3, 1, 2, 0, 0, 2, 3, 0, 0, 0, 1, 3, 0, 2, 3, 2, 3, 1]","['0', '2', '1', '17', '8', '5', '10', '3', '7', '11', '16', '12', '4', '6', '9', '25', '22', '18', '13', '21', '35', '44', '23', '36', '28', '26', '14', '27', '43', '46', '37', '38', '87', '24', '20', '34', '33', '42', '15', '41', '48', '19', '51', '60', '29', '30', '58', '32', '49', '31', '82', '47', '45', '55', '70', '52', '54', '39', '40', '77', '50', '59', '53', '62', '57', '56', '67', '61', '68', '72', '63', '74', '64', '65', '66', '69', '73', '71', '79', '75', '76', '78', '83', '84', '80', '81', '85', '86', '88', '89']"
347,1755,2.109375,32002,1454,1055,878.5546875,"[1, 0, 0, 3, 1, 0, 1, 2, 3, 1, 2, 1, 2, 2, 3, 1, 0, 0, 3, 2, 0, 1, 2, 1, 0, 1, 1, 1, 2, 2, 3, 1, 2, 3, 3, 2, 3, 2, 2, 1, 2, 2, 0, 3, 2, 0, 0, 3, 0, 0, 1, 1, 3, 2, 3, 2, 3, 1, 1, 0, 2, 3, 3, 3, 2, 2, 1, 2, 1, 2, 2, 3, 3, 2, 0, 3, 0, 2, 3, 2, 1, 1, 1, 3, 2, 2, 3, 0, 3, 2]","['0', '2', '17', '1', '4', '3', '8', '7', '6', '14', '13', '5', '10', '15', '16', '11', '9', '25', '12', '22', '28', '24', '87', '26', '27', '21', '35', '45', '43', '37', '34', '55', '54', '46', '36', '19', '29', '23', '53', '30', '31', '40', '39', '18', '44', '20', '50', '82', '33', '38', '41', '32', '47', '52', '49', '77', '42', '51', '59', '48', '70', '58', '57', '56', '67', '62', '68', '60', '61', '72', '63', '74', '64', '73', '65', '80', '79', '81', '66', '69', '71', '75', '76', '85', '78', '83', '84', '86', '88', '89']"
348,1488,1.7868507955568897,29333,1371,946,744.8934253977784,"[0, 0, 3, 1, 0, 2, 1, 3, 3, 3, 0, 0, 3, 3, 2, 0, 0, 2, 1, 1, 3, 1, 0, 2, 1, 1, 3, 2, 0, 2, 3, 2, 3, 2, 1, 1, 1, 0, 3, 0, 0, 3, 2, 2, 2, 3, 1, 3, 3, 3, 2, 3, 0, 1, 0, 0, 3, 3, 0, 3, 0, 1, 3, 0, 3, 3, 2, 1, 2, 0, 3, 0, 2, 3, 3, 2, 2, 3, 1, 3, 0, 0, 2, 2, 1, 0, 1, 1, 0, 2]","['0', '1', '3', '7', '4', '2', '8', '5', '11', '10', '16', '12', '17', '87', '6', '14', '13', '9', '24', '22', '23', '15', '26', '18', '21', '27', '20', '38', '37', '28', '35', '33', '32', '36', '19', '29', '34', '25', '45', '49', '44', '30', '53', '82', '42', '54', '41', '46', '70', '47', '31', '48', '39', '52', '77', '43', '55', '51', '40', '60', '58', '50', '59', '62', '56', '68', '57', '72', '74', '67', '73', '61', '80', '63', '81', '79', '85', '64', '65', '66', '69', '71', '75', '76', '78', '83', '84', '86', '88', '89']"
349,1706,1.9860302677532014,32099,1359,901,853.9930151338766,"[2, 2, 3, 2, 2, 2, 3, 0, 1, 3, 3, 3, 1, 1, 2, 1, 0, 3, 3, 1, 2, 3, 2, 3, 0, 0, 1, 3, 3, 1, 1, 3, 0, 3, 1, 2, 3, 1, 3, 0, 2, 3, 2, 1, 1, 3, 3, 3, 1, 3, 3, 2, 0, 0, 1, 2, 2, 3, 1, 1, 3, 1, 0, 1, 3, 0, 2, 0, 3, 1, 3, 1, 1, 3, 1, 3, 3, 0, 1, 3, 0, 3, 3, 3, 1, 0, 0, 1, 1, 0]","['0', '2', '17', '1', '5', '7', '8', '16', '11', '12', '10', '3', '87', '4', '6', '13', '9', '21', '35', '25', '23', '14', '24', '15', '19', '36', '30', '44', '43', '18', '26', '28', '34', '20', '32', '29', '45', '54', '33', '27', '53', '82', '31', '40', '46', '55', '39', '77', '41', '50', '51', '48', '42', '47', '59', '22', '58', '60', '37', '62', '57', '61', '49', '52', '63', '64', '38', '70', '56', '65', '66', '67', '68', '72', '73', '69', '71', '75', '80', '74', '81', '79', '76', '85', '78', '83', '84', '86', '88', '89']"
350,1473,1.7897934386391252,31291,1544,1040,737.3948967193196,"[0, 2, 3, 1, 0, 0, 2, 2, 0, 3, 0, 0, 1, 0, 1, 1, 1, 0, 1, 2, 1, 1, 0, 2, 3, 0, 3, 0, 3, 1, 3, 3, 1, 0, 3, 3, 1, 3, 0, 2, 1, 2, 0, 1, 1, 1, 3, 2, 1, 1, 0, 0, 1, 0, 3, 0, 3, 3, 0, 1, 2, 2, 0, 3, 1, 1, 0, 0, 3, 3, 2, 2, 0, 3, 0, 2, 1, 3, 3, 0, 2, 1, 3, 2, 0, 3, 3, 0, 1, 2]","['0', '1', '5', '8', '3', '12', '4', '11', '10', '6', '13', '2', '7', '14', '9', '22', '16', '15', '26', '87', '18', '23', '38', '20', '17', '28', '24', '32', '33', '21', '34', '41', '36', '48', '47', '37', '35', '43', '49', '46', '19', '30', '51', '29', '60', '27', '58', '59', '31', '70', '25', '82', '39', '42', '44', '52', '77', '45', '53', '55', '54', '62', '40', '50', '56', '68', '67', '72', '74', '57', '73', '80', '61', '81', '79', '85', '63', '64', '65', '66', '69', '71', '75', '76', '78', '83', '84', '86', '88', '89']"
351,1602,1.9626339969372129,28609,1292,966,801.9813169984686,"[1, 1, 3, 3, 0, 3, 3, 3, 1, 3, 0, 3, 3, 1, 1, 0, 1, 0, 0, 0, 1, 3, 3, 0, 0, 1, 2, 3, 1, 0, 1, 3, 3, 1, 0, 3, 3, 1, 2, 0, 1, 3, 2, 2, 0, 2, 1, 1, 2, 1, 1, 0, 3, 3, 2, 3, 2, 1, 0, 1, 3, 0, 0, 2, 1, 1, 2, 3, 2, 0, 3, 1, 3, 2, 3, 1, 3, 3, 1, 1, 2, 1, 3, 2, 3, 1, 0, 3, 0, 2]","['0', '1', '8', '5', '11', '7', '2', '10', '4', '16', '6', '14', '12', '3', '9', '22', '23', '25', '13', '26', '24', '38', '27', '21', '87', '34', '18', '28', '17', '15', '36', '35', '46', '44', '20', '41', '19', '30', '47', '32', '45', '54', '29', '55', '82', '31', '33', '37', '48', '49', '39', '40', '70', '42', '50', '56', '57', '52', '68', '43', '72', '67', '77', '74', '73', '79', '80', '81', '53', '85', '51', '60', '61', '59', '63', '58', '64', '62', '65', '66', '69', '71', '75', '76', '78', '83', '84', '86', '88', '89']"
352,1460,1.7511244377811095,28507,1358,953,730.8755622188905,"[3, 1, 0, 1, 1, 2, 0, 2, 2, 0, 1, 3, 3, 0, 2, 2, 1, 2, 2, 3, 0, 0, 2, 2, 0, 2, 3, 0, 0, 0, 1, 3, 1, 0, 3, 2, 3, 3, 2, 3, 0, 2, 1, 1, 3, 2, 3, 1, 3, 3, 2, 1, 2, 1, 0, 1, 2, 1, 1, 0, 0, 1, 3, 0, 3, 3, 2, 1, 1, 0, 1, 3, 2, 2, 0, 2, 1, 2, 1, 1, 3, 2, 1, 3, 1, 3, 0, 0, 2, 0]","['0', '2', '1', '17', '8', '7', '4', '16', '87', '6', '3', '13', '15', '5', '14', '11', '10', '12', '19', '30', '9', '26', '23', '25', '28', '22', '27', '31', '24', '38', '18', '39', '29', '21', '35', '43', '20', '82', '44', '37', '36', '45', '53', '55', '40', '33', '32', '50', '34', '49', '57', '46', '77', '42', '70', '41', '47', '51', '54', '58', '60', '59', '48', '56', '62', '52', '68', '67', '72', '74', '73', '79', '61', '63', '64', '65', '80', '81', '66', '69', '85', '71', '75', '76', '78', '83', '84', '86', '88', '89']"
353,1515,1.7443868739205526,33346,1470,985,758.3721934369603,"[0, 1, 3, 3, 2, 1, 0, 2, 3, 2, 3, 0, 1, 1, 0, 0, 1, 0, 0, 2, 3, 3, 0, 2, 0, 3, 2, 1, 3, 3, 0, 2, 3, 1, 0, 2, 3, 2, 3, 0, 3, 3, 3, 3, 3, 2, 2, 1, 3, 1, 2, 1, 1, 1, 0, 3, 3, 0, 1, 2, 2, 3, 0, 2, 3, 0, 2, 0, 2, 3, 1, 3, 3, 3, 1, 2, 0, 0, 1, 1, 1, 3, 1, 0, 0, 3, 2, 3, 0, 3]","['0', '1', '4', '6', '8', '7', '3', '2', '15', '5', '16', '11', '14', '9', '23', '17', '25', '12', '27', '22', '26', '87', '24', '21', '10', '34', '13', '38', '35', '37', '46', '19', '28', '29', '18', '82', '20', '30', '32', '36', '41', '47', '44', '48', '43', '52', '45', '53', '54', '55', '33', '42', '51', '59', '49', '70', '31', '39', '58', '62', '60', '40', '77', '50', '57', '61', '56', '63', '64', '65', '68', '67', '72', '66', '73', '79', '80', '85', '81', '74', '69', '71', '75', '76', '78', '83', '84', '86', '88', '89']"
354,1584,1.8896510587533553,32857,1416,953,792.9448255293767,"[3, 1, 3, 1, 3, 1, 0, 3, 0, 2, 0, 1, 3, 2, 2, 2, 2, 2, 3, 2, 0, 3, 2, 2, 1, 2, 0, 0, 1, 0, 1, 0, 1, 1, 1, 3, 2, 1, 1, 3, 3, 0, 1, 1, 2, 0, 2, 2, 1, 3, 3, 1, 1, 3, 3, 2, 2, 1, 2, 1, 2, 2, 3, 3, 2, 1, 0, 0, 3, 2, 2, 1, 0, 0, 1, 1, 3, 0, 2, 1, 1, 2, 0, 3, 1, 1, 1, 1, 0, 3]","['0', '1', '2', '7', '17', '3', '8', '4', '6', '14', '13', '16', '5', '11', '12', '15', '87', '10', '9', '22', '27', '28', '21', '26', '18', '19', '23', '24', '38', '25', '36', '30', '34', '35', '37', '31', '20', '46', '40', '44', '32', '29', '41', '49', '70', '82', '33', '42', '39', '48', '47', '43', '50', '51', '45', '77', '55', '59', '58', '60', '56', '54', '53', '67', '52', '57', '68', '61', '72', '73', '63', '79', '64', '80', '74', '81', '85', '62', '65', '66', '69', '71', '75', '76', '78', '83', '84', '86', '88', '89']"
355,1541,1.8124081152602176,33856,1404,1006,771.4062040576301,"[2, 1, 0, 2, 0, 3, 1, 0, 0, 2, 0, 2, 1, 1, 2, 0, 2, 1, 3, 1, 3, 2, 2, 1, 1, 2, 2, 1, 0, 0, 3, 0, 2, 2, 0, 3, 1, 3, 0, 1, 0, 2, 2, 2, 0, 0, 2, 3, 0, 2, 2, 2, 1, 0, 1, 3, 1, 2, 0, 2, 3, 3, 1, 2, 0, 1, 1, 1, 2, 2, 2, 2, 1, 3, 3, 3, 0, 2, 0, 0, 3, 1, 2, 0, 3, 2, 2, 2, 3, 3]","['0', '2', '1', '3', '8', '7', '16', '5', '17', '4', '6', '11', '13', '10', '28', '12', '87', '9', '25', '24', '21', '26', '22', '36', '23', '15', '35', '18', '19', '20', '46', '32', '30', '27', '45', '37', '38', '53', '43', '31', '39', '14', '33', '42', '77', '29', '82', '49', '70', '40', '54', '44', '34', '41', '51', '55', '50', '59', '48', '60', '58', '57', '61', '56', '63', '64', '62', '67', '65', '66', '68', '47', '72', '52', '69', '73', '79', '71', '74', '80', '75', '76', '85', '78', '81', '83', '84', '86', '88', '89']"
356,1755,2.0880428316478286,27294,1360,837,878.5440214158239,"[3, 3, 0, 3, 3, 0, 1, 0, 0, 3, 1, 0, 0, 0, 0, 1, 1, 0, 3, 2, 3, 3, 1, 0, 0, 0, 1, 2, 2, 2, 2, 0, 2, 3, 3, 2, 0, 0, 1, 1, 1, 3, 2, 1, 1, 2, 1, 0, 1, 1, 1, 0, 2, 0, 1, 0, 3, 0, 2, 0, 0, 2, 1, 0, 3, 1, 2, 2, 2, 0, 2, 2, 1, 3, 0, 1, 2, 0, 0, 3, 3, 1, 1, 0, 0, 0, 0, 1, 2, 0]","['0', '2', '17', '1', '5', '12', '11', '10', '3', '8', '7', '16', '87', '4', '6', '15', '9', '25', '22', '21', '18', '23', '14', '26', '37', '35', '19', '34', '45', '54', '53', '13', '30', '38', '20', '55', '27', '46', '36', '43', '33', '24', '31', '41', '39', '40', '47', '42', '50', '28', '77', '32', '29', '82', '57', '48', '56', '44', '52', '49', '68', '72', '70', '67', '73', '79', '74', '80', '81', '51', '59', '58', '62', '60', '85', '61', '63', '64', '65', '66', '69', '71', '75', '76', '78', '83', '84', '86', '88', '89']"
357,1397,1.6469201296787503,31890,1326,913,699.3234600648394,"[1, 1, 2, 3, 2, 3, 1, 2, 2, 0, 0, 2, 1, 3, 2, 1, 1, 1, 0, 1, 1, 0, 0, 3, 1, 0, 2, 3, 0, 1, 0, 1, 0, 3, 2, 2, 3, 3, 0, 1, 1, 1, 0, 2, 2, 2, 3, 1, 3, 2, 0, 3, 2, 1, 3, 0, 3, 2, 1, 0, 2, 1, 1, 3, 1, 2, 0, 3, 2, 2, 2, 1, 1, 3, 0, 2, 1, 2, 3, 3, 1, 1, 2, 0, 1, 2, 0, 3, 1, 3]","['0', '2', '1', '17', '5', '12', '7', '10', '3', '11', '8', '4', '16', '87', '6', '13', '14', '28', '15', '9', '22', '25', '23', '19', '18', '27', '26', '24', '38', '30', '31', '21', '40', '50', '57', '35', '37', '46', '45', '36', '20', '44', '43', '29', '32', '54', '82', '34', '41', '51', '59', '55', '58', '49', '60', '53', '70', '62', '47', '39', '61', '77', '52', '48', '33', '56', '67', '68', '72', '42', '63', '74', '64', '73', '79', '65', '80', '81', '66', '69', '71', '85', '75', '76', '78', '83', '84', '86', '88', '89']"
358,1459,1.7562443575082756,33164,1477,994,730.3781221787541,"[0, 1, 3, 1, 1, 1, 3, 0, 0, 2, 2, 3, 0, 0, 2, 0, 2, 2, 0, 3, 0, 0, 2, 3, 0, 2, 1, 3, 2, 0, 1, 0, 3, 1, 3, 2, 2, 3, 1, 3, 1, 3, 3, 1, 1, 1, 3, 3, 0, 2, 3, 2, 1, 1, 1, 1, 0, 3, 3, 3, 2, 2, 3, 1, 3, 0, 3, 2, 3, 1, 1, 3, 1, 1, 3, 1, 0, 1, 1, 2, 0, 1, 0, 3, 1, 1, 0, 2, 2, 3]","['0', '2', '17', '1', '8', '5', '12', '10', '3', '7', '16', '87', '11', '4', '6', '15', '9', '18', '23', '13', '19', '24', '28', '22', '26', '27', '20', '14', '30', '21', '31', '40', '33', '25', '37', '35', '36', '38', '34', '41', '47', '48', '39', '43', '46', '50', '42', '44', '32', '51', '58', '77', '29', '57', '60', '59', '52', '82', '49', '45', '53', '62', '54', '56', '70', '67', '68', '55', '61', '63', '64', '72', '73', '74', '65', '80', '66', '85', '81', '69', '79', '71', '75', '76', '78', '83', '84', '86', '88', '89']"
359,1396,1.661904761904762,32650,1548,1030,698.8309523809523,"[2, 0, 1, 2, 3, 3, 2, 0, 1, 1, 0, 0, 0, 1, 3, 3, 1, 0, 2, 1, 0, 2, 3, 3, 1, 1, 0, 1, 0, 3, 3, 2, 1, 2, 1, 1, 2, 1, 0, 1, 0, 3, 0, 1, 3, 2, 2, 0, 1, 3, 1, 2, 1, 3, 3, 3, 0, 3, 3, 1, 1, 3, 0, 3, 3, 2, 1, 0, 0, 0, 0, 0, 0, 0, 3, 3, 1, 2, 2, 3, 0, 2, 0, 3, 2, 3, 3, 0, 2, 3]","['0', '1', '4', '6', '14', '2', '5', '11', '10', '13', '28', '9', '18', '17', '26', '8', '24', '27', '21', '22', '35', '46', '20', '25', '33', '37', '34', '3', '32', '15', '12', '23', '49', '44', '19', '29', '45', '82', '54', '55', '36', '43', '53', '38', '42', '70', '7', '30', '16', '41', '48', '47', '87', '52', '31', '39', '77', '40', '50', '56', '68', '51', '72', '60', '67', '58', '59', '73', '62', '57', '80', '79', '85', '74', '61', '63', '64', '81', '65', '66', '69', '71', '75', '76', '78', '83', '84', '86', '88', '89']"
360,1238,1.5125229077580942,31556,1374,947,619.756261453879,"[0, 0, 2, 2, 0, 0, 2, 3, 0, 3, 3, 0, 0, 2, 1, 2, 0, 0, 3, 1, 2, 0, 0, 1, 0, 0, 1, 1, 3, 2, 2, 3, 1, 2, 0, 0, 0, 0, 0, 3, 1, 3, 2, 3, 2, 0, 0, 3, 1, 2, 3, 2, 2, 0, 2, 0, 3, 1, 3, 1, 2, 1, 0, 1, 1, 2, 0, 3, 3, 3, 1, 2, 2, 2, 2, 1, 3, 0, 0, 0, 2, 1, 1, 3, 3, 2, 1, 3, 3, 3]","['0', '2', '17', '1', '8', '4', '5', '10', '3', '12', '7', '16', '6', '11', '9', '13', '23', '18', '25', '27', '21', '35', '20', '32', '26', '33', '22', '15', '14', '46', '19', '30', '45', '87', '55', '29', '28', '43', '34', '36', '24', '38', '37', '49', '31', '41', '40', '82', '53', '42', '48', '50', '51', '56', '67', '60', '68', '47', '72', '54', '57', '59', '58', '74', '39', '44', '62', '77', '70', '52', '73', '61', '79', '80', '85', '63', '64', '65', '66', '81', '69', '71', '75', '76', '78', '83', '84', '86', '88', '89']"
361,1665,2.0187935738102456,29019,1398,1016,833.5093967869051,"[0, 0, 3, 1, 0, 3, 0, 3, 2, 3, 0, 1, 3, 0, 0, 0, 3, 2, 1, 3, 0, 2, 1, 0, 3, 3, 2, 1, 0, 3, 0, 0, 0, 3, 2, 2, 1, 0, 1, 1, 2, 3, 3, 1, 0, 3, 2, 1, 0, 0, 3, 1, 0, 0, 3, 2, 1, 0, 2, 2, 3, 2, 2, 2, 1, 1, 0, 2, 0, 0, 3, 2, 3, 0, 3, 2, 2, 0, 2, 1, 0, 0, 0, 2, 0, 2, 2, 2, 0, 3]","['0', '1', '5', '12', '8', '3', '7', '10', '2', '16', '17', '4', '87', '6', '15', '11', '19', '9', '18', '20', '21', '14', '36', '26', '30', '27', '33', '13', '35', '45', '42', '53', '43', '28', '23', '29', '31', '40', '44', '34', '32', '82', '37', '24', '49', '54', '55', '41', '51', '22', '59', '60', '25', '50', '47', '38', '57', '58', '61', '46', '62', '52', '39', '70', '48', '56', '77', '67', '68', '63', '64', '72', '65', '66', '69', '71', '74', '75', '73', '80', '85', '79', '81', '76', '78', '83', '84', '86', '88', '89']"
362,1497,1.792814371257485,30763,1543,1094,749.3964071856287,"[3, 0, 3, 3, 0, 2, 0, 1, 1, 2, 0, 3, 3, 2, 3, 3, 0, 1, 1, 2, 1, 3, 0, 3, 2, 2, 1, 0, 3, 0, 2, 2, 3, 3, 1, 2, 2, 2, 1, 0, 0, 0, 2, 3, 0, 1, 2, 1, 0, 3, 3, 3, 0, 1, 1, 2, 3, 2, 3, 2, 0, 1, 3, 3, 3, 2, 3, 3, 1, 3, 0, 3, 0, 3, 0, 3, 1, 2, 1, 2, 1, 0, 2, 3, 2, 0, 3, 1, 2, 1]","['0', '2', '17', '1', '8', '5', '4', '7', '3', '16', '87', '11', '6', '15', '9', '22', '18', '21', '20', '26', '32', '34', '33', '24', '12', '14', '36', '10', '27', '42', '41', '25', '13', '28', '19', '30', '35', '43', '46', '23', '31', '40', '37', '44', '48', '49', '70', '45', '54', '29', '51', '38', '58', '47', '82', '50', '55', '59', '53', '52', '56', '57', '62', '68', '60', '61', '63', '67', '39', '77', '64', '72', '73', '65', '80', '81', '79', '85', '74', '66', '69', '71', '75', '76', '78', '83', '84', '86', '88', '89']"
363,1407,1.742954475069681,29172,1296,934,704.3714772375348,"[0, 3, 0, 0, 3, 2, 2, 2, 1, 2, 3, 3, 1, 2, 3, 2, 0, 1, 2, 2, 3, 2, 0, 2, 3, 0, 1, 2, 0, 1, 2, 0, 3, 1, 2, 3, 3, 1, 1, 1, 1, 3, 2, 1, 2, 0, 3, 1, 1, 1, 0, 3, 2, 1, 1, 0, 2, 1, 0, 3, 2, 1, 3, 0, 1, 0, 1, 2, 1, 2, 0, 3, 0, 1, 3, 2, 2, 3, 0, 2, 1, 2, 3, 1, 1, 2, 1, 0, 2, 2]","['0', '2', '17', '1', '3', '7', '5', '10', '12', '11', '4', '6', '14', '9', '27', '23', '8', '21', '13', '25', '36', '26', '28', '16', '24', '87', '22', '18', '15', '37', '35', '34', '19', '29', '38', '46', '45', '53', '82', '43', '55', '54', '30', '20', '33', '42', '44', '41', '47', '32', '31', '51', '52', '39', '77', '59', '40', '60', '58', '50', '48', '62', '56', '68', '49', '72', '74', '70', '57', '61', '73', '67', '63', '80', '81', '85', '79', '64', '65', '66', '69', '71', '75', '76', '78', '83', '84', '86', '88', '89']"
364,1399,1.6595492289442468,32090,1469,1029,700.3297746144722,"[2, 3, 0, 3, 0, 2, 3, 1, 1, 3, 0, 0, 1, 2, 2, 3, 1, 0, 1, 3, 1, 3, 0, 1, 3, 0, 2, 0, 0, 0, 0, 2, 1, 2, 2, 0, 0, 1, 1, 3, 0, 3, 1, 1, 2, 2, 2, 3, 1, 1, 1, 3, 1, 2, 2, 2, 3, 0, 1, 0, 2, 3, 3, 0, 1, 3, 2, 0, 3, 2, 1, 0, 0, 1, 1, 2, 2, 2, 0, 2, 1, 0, 2, 0, 3, 1, 0, 3, 2, 0]","['0', '2', '1', '3', '8', '7', '17', '4', '5', '6', '10', '9', '26', '13', '18', '14', '23', '12', '20', '15', '33', '11', '32', '22', '21', '37', '34', '28', '24', '49', '70', '27', '19', '16', '36', '35', '42', '30', '38', '41', '25', '87', '44', '31', '46', '45', '43', '29', '55', '54', '51', '60', '48', '47', '53', '39', '52', '82', '77', '58', '59', '40', '62', '50', '57', '56', '68', '61', '72', '74', '67', '73', '63', '79', '80', '64', '85', '81', '65', '66', '69', '71', '75', '76', '78', '83', '84', '86', '88', '89']"
365,1435,1.7367624810892588,32226,1518,1059,718.3683812405446,"[1, 3, 1, 2, 0, 2, 1, 2, 0, 1, 0, 2, 2, 1, 3, 3, 2, 1, 0, 0, 3, 2, 1, 1, 0, 1, 0, 2, 3, 3, 2, 1, 0, 3, 1, 3, 3, 3, 0, 3, 3, 3, 3, 2, 3, 3, 0, 1, 3, 0, 0, 1, 3, 2, 2, 2, 0, 1, 0, 1, 1, 3, 1, 0, 3, 3, 0, 2, 1, 3, 0, 3, 1, 0, 0, 1, 1, 3, 3, 2, 1, 1, 3, 1, 2, 3, 1, 3, 0, 2]","['0', '1', '5', '3', '7', '2', '10', '17', '11', '8', '4', '6', '15', '12', '9', '13', '24', '28', '23', '18', '16', '21', '27', '36', '87', '22', '34', '20', '14', '35', '44', '37', '19', '25', '41', '47', '48', '38', '29', '82', '52', '26', '43', '46', '51', '60', '59', '30', '32', '58', '45', '55', '33', '42', '31', '53', '39', '40', '77', '49', '50', '54', '56', '68', '70', '57', '61', '67', '62', '72', '74', '63', '64', '65', '73', '66', '69', '79', '80', '85', '71', '75', '76', '81', '78', '83', '84', '86', '88', '89']"
366,1479,1.768609865470852,30913,1413,1005,740.3843049327354,"[1, 3, 3, 0, 3, 3, 0, 0, 3, 3, 2, 2, 2, 0, 3, 3, 2, 0, 2, 0, 0, 1, 1, 0, 2, 2, 1, 2, 3, 1, 0, 2, 1, 0, 0, 0, 2, 2, 0, 2, 1, 0, 2, 2, 2, 3, 3, 0, 1, 0, 3, 3, 0, 1, 2, 2, 1, 0, 2, 2, 0, 0, 0, 3, 3, 1, 2, 3, 0, 1, 0, 2, 0, 3, 3, 2, 1, 3, 2, 3, 0, 2, 1, 3, 2, 3, 2, 3, 2, 0]","['0', '1', '4', '3', '6', '5', '7', '10', '2', '11', '15', '8', '16', '17', '12', '13', '9', '21', '35', '26', '19', '43', '28', '24', '14', '25', '18', '87', '22', '46', '20', '30', '44', '36', '32', '33', '42', '34', '23', '29', '27', '31', '38', '39', '82', '37', '49', '77', '40', '70', '41', '45', '51', '50', '53', '57', '60', '55', '54', '47', '52', '59', '48', '61', '56', '58', '62', '67', '63', '64', '65', '66', '69', '68', '72', '73', '71', '75', '79', '80', '74', '81', '85', '76', '78', '83', '84', '86', '88', '89']"
367,1296,1.5373665480427046,33894,1467,1035,648.7686832740213,"[3, 2, 2, 2, 0, 1, 3, 2, 0, 2, 0, 3, 2, 2, 1, 0, 1, 2, 1, 0, 2, 1, 0, 1, 3, 1, 0, 3, 3, 0, 0, 1, 3, 1, 2, 2, 2, 2, 3, 0, 3, 1, 3, 2, 3, 3, 3, 3, 1, 1, 3, 2, 2, 0, 3, 2, 0, 3, 0, 1, 3, 0, 0, 1, 1, 0, 1, 3, 0, 1, 0, 2, 2, 2, 2, 1, 0, 3, 3, 2, 2, 1, 1, 0, 3, 3, 1, 3, 2, 2]","['0', '2', '17', '1', '8', '5', '7', '12', '3', '10', '11', '4', '6', '16', '15', '9', '22', '21', '26', '18', '87', '36', '27', '23', '25', '35', '43', '46', '34', '45', '37', '13', '19', '44', '53', '38', '30', '14', '31', '20', '33', '55', '32', '41', '51', '28', '49', '42', '40', '48', '50', '47', '52', '54', '59', '29', '24', '70', '56', '67', '82', '39', '68', '60', '58', '72', '73', '62', '80', '81', '57', '79', '61', '85', '77', '74', '63', '64', '65', '66', '69', '71', '75', '76', '78', '83', '84', '86', '88', '89']"
368,1390,1.6238317757009346,32332,1447,981,695.8119158878504,"[0, 0, 3, 0, 3, 2, 2, 2, 2, 1, 3, 1, 0, 1, 0, 0, 1, 3, 0, 1, 1, 1, 3, 2, 1, 2, 2, 1, 2, 3, 2, 2, 3, 0, 1, 0, 1, 0, 0, 3, 0, 0, 3, 0, 1, 2, 0, 0, 3, 3, 2, 2, 0, 2, 1, 1, 1, 1, 2, 0, 0, 1, 2, 2, 1, 3, 2, 3, 3, 0, 3, 2, 0, 1, 0, 3, 0, 3, 2, 0, 0, 2, 2, 0, 3, 2, 3, 3, 1, 2]","['0', '2', '1', '17', '8', '3', '5', '10', '7', '11', '12', '4', '6', '13', '14', '28', '16', '9', '18', '21', '26', '24', '22', '36', '25', '20', '15', '33', '87', '42', '23', '32', '34', '41', '19', '37', '27', '38', '49', '30', '31', '40', '50', '48', '39', '29', '70', '57', '47', '35', '46', '56', '67', '82', '45', '68', '54', '77', '43', '55', '53', '44', '72', '52', '51', '58', '62', '73', '79', '59', '60', '80', '74', '85', '81', '61', '63', '64', '65', '66', '69', '71', '75', '76', '78', '83', '84', '86', '88', '89']"
369,1578,1.8396968813756922,33680,1464,1026,789.9198484406878,"[0, 2, 3, 0, 3, 3, 1, 0, 3, 2, 1, 0, 3, 2, 0, 0, 3, 2, 2, 2, 0, 0, 2, 2, 0, 3, 0, 2, 2, 3, 2, 0, 0, 1, 0, 1, 2, 2, 1, 1, 0, 3, 2, 0, 2, 2, 1, 1, 0, 0, 3, 1, 3, 1, 3, 1, 1, 1, 0, 0, 0, 1, 2, 3, 0, 0, 1, 3, 1, 1, 2, 3, 3, 0, 2, 1, 0, 1, 2, 1, 0, 1, 3, 1, 1, 0, 0, 2, 0, 2]","['0', '1', '5', '3', '12', '4', '2', '17', '7', '10', '6', '11', '9', '27', '8', '25', '16', '14', '18', '13', '28', '26', '87', '22', '24', '21', '23', '37', '38', '35', '20', '32', '49', '70', '15', '46', '36', '34', '33', '42', '43', '44', '45', '19', '54', '30', '29', '31', '53', '40', '39', '41', '47', '82', '51', '48', '77', '50', '60', '52', '59', '57', '58', '62', '56', '67', '68', '72', '55', '61', '73', '80', '79', '63', '81', '64', '85', '65', '74', '66', '69', '71', '75', '76', '78', '83', '84', '86', '88', '89']"
370,1493,1.7837514934289127,30169,1344,880,747.3918757467145,"[3, 2, 2, 1, 1, 1, 3, 2, 3, 1, 1, 1, 0, 1, 0, 2, 1, 0, 2, 2, 1, 1, 1, 3, 0, 3, 0, 2, 3, 1, 2, 3, 1, 3, 0, 2, 1, 2, 2, 2, 3, 3, 3, 0, 0, 3, 3, 0, 3, 2, 1, 3, 2, 3, 2, 3, 0, 1, 3, 0, 2, 0, 1, 0, 3, 3, 3, 3, 1, 0, 1, 1, 1, 2, 3, 1, 1, 3, 2, 2, 3, 1, 0, 0, 0, 0, 3, 3, 2, 0]","['0', '2', '1', '5', '17', '10', '7', '4', '6', '9', '24', '22', '23', '18', '8', '38', '12', '13', '27', '15', '14', '28', '21', '16', '87', '36', '37', '3', '34', '35', '19', '44', '25', '30', '20', '46', '33', '41', '45', '43', '55', '47', '48', '26', '42', '53', '32', '51', '11', '60', '54', '31', '39', '58', '40', '77', '52', '29', '59', '62', '50', '57', '82', '61', '63', '64', '65', '66', '56', '49', '68', '70', '67', '69', '72', '73', '74', '79', '80', '85', '71', '81', '75', '76', '78', '83', '84', '86', '88', '89']"
371,1561,1.8938428874734607,31250,1384,910,781.4469214437368,"[0, 2, 3, 3, 0, 2, 1, 3, 3, 2, 2, 3, 3, 1, 3, 1, 2, 2, 0, 2, 2, 2, 2, 2, 3, 3, 0, 1, 1, 1, 3, 1, 2, 3, 0, 1, 0, 0, 1, 0, 3, 1, 3, 3, 0, 0, 3, 3, 2, 2, 0, 3, 3, 3, 2, 2, 3, 0, 2, 2, 1, 3, 1, 3, 0, 0, 0, 1, 0, 3, 2, 3, 1, 2, 1, 2, 3, 3, 3, 2, 2, 2, 2, 1, 2, 0, 1, 2, 2, 1]","['0', '2', '17', '1', '7', '4', '8', '6', '16', '14', '5', '13', '12', '9', '25', '26', '10', '3', '87', '15', '23', '24', '28', '27', '18', '22', '20', '11', '33', '19', '32', '21', '30', '29', '36', '42', '31', '40', '34', '41', '82', '35', '43', '44', '37', '46', '48', '45', '54', '55', '47', '38', '49', '53', '51', '59', '50', '52', '58', '60', '70', '62', '56', '68', '67', '57', '72', '74', '61', '39', '73', '80', '81', '63', '85', '64', '77', '79', '65', '66', '69', '71', '75', '76', '78', '83', '84', '86', '88', '89']"
372,1564,1.841624963202826,30003,1254,849,782.9208124816014,"[3, 2, 3, 1, 0, 2, 2, 3, 3, 3, 1, 2, 1, 0, 3, 3, 1, 1, 1, 1, 1, 3, 1, 1, 0, 1, 1, 0, 1, 1, 1, 0, 0, 3, 1, 1, 0, 0, 3, 2, 2, 2, 1, 0, 3, 1, 0, 0, 0, 2, 0, 1, 2, 2, 0, 1, 1, 1, 1, 3, 0, 2, 2, 1, 1, 3, 0, 2, 0, 2, 2, 3, 1, 0, 1, 2, 0, 0, 3, 3, 3, 2, 2, 3, 0, 0, 2, 1, 1, 0]","['0', '1', '8', '5', '4', '2', '7', '3', '10', '11', '12', '16', '87', '6', '14', '15', '13', '28', '17', '9', '27', '25', '21', '35', '44', '22', '36', '34', '19', '29', '18', '43', '20', '23', '33', '41', '26', '32', '42', '82', '38', '37', '46', '24', '30', '31', '40', '45', '55', '39', '50', '47', '77', '57', '53', '51', '48', '59', '54', '49', '56', '68', '60', '52', '58', '62', '72', '74', '73', '80', '79', '70', '61', '85', '63', '67', '64', '81', '65', '66', '69', '71', '75', '76', '78', '83', '84', '86', '88', '89']"
373,1652,1.9879663056558363,34241,1435,1069,826.9939831528279,"[2, 1, 3, 1, 2, 2, 0, 0, 0, 2, 3, 0, 0, 1, 0, 0, 3, 3, 1, 2, 2, 0, 0, 1, 3, 0, 3, 0, 1, 0, 3, 2, 0, 2, 2, 0, 1, 3, 0, 0, 0, 1, 1, 3, 3, 0, 1, 3, 3, 1, 1, 2, 2, 2, 1, 2, 0, 3, 2, 1, 1, 0, 3, 2, 3, 0, 3, 2, 0, 0, 0, 0, 3, 3, 2, 1, 1, 1, 3, 3, 2, 0, 1, 0, 1, 0, 2, 0, 0, 2]","['0', '1', '8', '5', '4', '11', '10', '3', '2', '6', '12', '14', '7', '15', '17', '19', '16', '13', '9', '25', '27', '28', '87', '22', '23', '21', '24', '34', '38', '29', '26', '82', '30', '35', '44', '46', '43', '36', '45', '54', '18', '31', '37', '40', '39', '20', '77', '32', '41', '55', '51', '33', '60', '58', '42', '50', '49', '47', '52', '53', '59', '57', '61', '70', '48', '56', '68', '63', '62', '72', '64', '67', '65', '66', '73', '69', '71', '80', '79', '85', '81', '75', '74', '76', '78', '83', '84', '86', '88', '89']"
374,1623,1.982895540623091,31360,1392,1065,812.4914477703115,"[3, 2, 3, 0, 0, 1, 1, 0, 1, 1, 1, 3, 0, 3, 3, 2, 2, 0, 0, 2, 0, 0, 3, 3, 1, 3, 0, 0, 3, 0, 3, 3, 0, 1, 3, 1, 2, 2, 1, 3, 0, 1, 0, 3, 3, 3, 1, 2, 3, 1, 2, 2, 1, 3, 0, 1, 1, 0, 3, 1, 1, 3, 0, 3, 2, 0, 1, 0, 0, 1, 2, 1, 1, 3, 2, 2, 1, 0, 3, 1, 1, 0, 2, 1, 3, 1, 2, 1, 0, 2]","['0', '1', '8', '3', '2', '5', '7', '4', '10', '11', '6', '16', '87', '14', '13', '17', '28', '12', '9', '26', '24', '21', '35', '45', '55', '43', '23', '25', '15', '54', '19', '18', '20', '32', '36', '29', '82', '27', '37', '46', '49', '70', '34', '33', '22', '30', '31', '38', '53', '41', '44', '51', '58', '40', '59', '39', '47', '77', '62', '52', '50', '57', '60', '61', '42', '48', '56', '63', '68', '64', '72', '67', '73', '74', '80', '79', '85', '65', '81', '66', '69', '71', '75', '76', '78', '83', '84', '86', '88', '89']"
375,1466,1.7488815985684463,32943,1440,1081,733.8744407992842,"[0, 1, 1, 0, 0, 0, 0, 2, 1, 0, 2, 1, 2, 0, 0, 0, 3, 0, 3, 2, 2, 3, 2, 3, 2, 1, 1, 3, 2, 3, 1, 0, 0, 1, 1, 2, 2, 3, 2, 3, 0, 3, 3, 0, 3, 2, 3, 1, 1, 0, 1, 2, 0, 0, 1, 3, 1, 1, 2, 1, 0, 0, 3, 0, 0, 2, 0, 0, 0, 0, 1, 2, 3, 3, 2, 1, 3, 3, 3, 0, 0, 1, 2, 0, 2, 3, 1, 0, 1, 2]","['0', '1', '3', '8', '7', '4', '5', '11', '10', '6', '15', '14', '2', '9', '23', '26', '18', '12', '20', '32', '16', '25', '21', '37', '24', '13', '36', '34', '49', '17', '33', '35', '46', '28', '45', '42', '41', '70', '27', '87', '53', '44', '19', '55', '22', '30', '48', '38', '43', '31', '39', '29', '47', '52', '82', '77', '51', '58', '59', '40', '62', '50', '57', '54', '60', '56', '67', '61', '68', '63', '72', '74', '73', '80', '79', '81', '64', '85', '65', '66', '69', '71', '75', '76', '78', '83', '84', '86', '88', '89']"
376,1400,1.6928657799274487,31895,1464,1126,700.8464328899637,"[2, 3, 1, 0, 0, 2, 0, 1, 2, 3, 3, 0, 2, 3, 0, 1, 1, 2, 1, 0, 0, 0, 2, 1, 1, 1, 1, 0, 3, 1, 0, 1, 1, 1, 1, 3, 2, 1, 0, 1, 1, 2, 0, 2, 3, 3, 1, 3, 3, 1, 3, 0, 3, 1, 0, 2, 3, 3, 3, 3, 3, 2, 3, 0, 1, 2, 0, 3, 3, 0, 2, 2, 0, 1, 1, 0, 0, 3, 2, 0, 0, 3, 3, 0, 2, 3, 2, 3, 1, 3]","['0', '1', '5', '8', '7', '4', '10', '3', '11', '12', '6', '2', '16', '87', '14', '15', '9', '21', '23', '22', '27', '36', '24', '18', '17', '26', '19', '34', '35', '25', '29', '38', '37', '82', '13', '20', '32', '45', '28', '33', '41', '54', '44', '48', '42', '46', '43', '49', '47', '51', '70', '53', '30', '31', '59', '60', '52', '40', '58', '39', '50', '77', '55', '62', '56', '68', '57', '61', '67', '72', '74', '73', '80', '85', '81', '63', '64', '79', '65', '66', '69', '71', '75', '76', '78', '83', '84', '86', '88', '89']"
377,1449,1.7463091292558,28869,1428,936,725.373154564628,"[0, 0, 3, 2, 2, 0, 1, 3, 3, 0, 3, 3, 0, 3, 0, 1, 0, 0, 0, 3, 0, 3, 3, 1, 3, 1, 1, 0, 3, 1, 1, 3, 1, 3, 2, 0, 2, 2, 1, 0, 2, 3, 0, 2, 1, 2, 0, 1, 0, 0, 3, 0, 3, 3, 3, 2, 0, 3, 3, 3, 0, 1, 3, 1, 0, 0, 1, 0, 2, 3, 0, 0, 3, 1, 3, 1, 1, 3, 0, 2, 2, 2, 1, 1, 1, 2, 1, 0, 0, 1]","['0', '1', '5', '11', '7', '12', '2', '4', '6', '14', '17', '15', '13', '19', '29', '3', '9', '30', '18', '27', '22', '82', '21', '8', '23', '16', '26', '38', '37', '31', '36', '25', '10', '28', '34', '35', '44', '87', '46', '45', '40', '20', '41', '33', '24', '54', '43', '48', '53', '51', '50', '42', '58', '47', '32', '56', '60', '57', '49', '70', '68', '59', '55', '39', '67', '72', '52', '74', '61', '62', '63', '64', '73', '80', '77', '85', '65', '81', '66', '79', '69', '71', '75', '76', '78', '83', '84', '86', '88', '89']"
378,1458,1.7249334516415262,32921,1367,936,729.8624667258208,"[2, 3, 3, 2, 0, 0, 2, 3, 2, 1, 1, 3, 2, 2, 3, 3, 1, 1, 3, 2, 2, 0, 2, 3, 2, 2, 3, 1, 0, 0, 0, 3, 0, 1, 3, 0, 1, 3, 0, 0, 1, 0, 0, 2, 0, 3, 1, 1, 3, 2, 2, 0, 0, 2, 2, 1, 2, 2, 2, 0, 1, 2, 3, 3, 0, 2, 0, 0, 2, 1, 3, 2, 3, 0, 2, 2, 1, 3, 3, 3, 1, 3, 2, 2, 0, 2, 3, 2, 2, 3]","['0', '1', '8', '4', '7', '3', '6', '5', '10', '11', '15', '12', '9', '21', '35', '46', '22', '14', '44', '25', '23', '43', '13', '38', '18', '45', '55', '28', '26', '36', '20', '24', '53', '27', '54', '2', '34', '32', '17', '37', '41', '33', '51', '47', '16', '48', '42', '87', '59', '52', '60', '19', '49', '58', '30', '70', '29', '31', '40', '50', '82', '62', '39', '56', '77', '68', '72', '73', '79', '67', '74', '80', '81', '85', '57', '61', '63', '64', '65', '66', '69', '71', '75', '76', '78', '83', '84', '86', '88', '89']"
379,1659,2.0127388535031847,32044,1406,1015,830.5063694267516,"[1, 2, 1, 2, 1, 0, 0, 2, 2, 0, 2, 3, 3, 2, 1, 1, 3, 2, 3, 2, 1, 0, 0, 1, 2, 2, 1, 3, 1, 1, 2, 2, 1, 0, 0, 3, 1, 2, 0, 0, 2, 0, 1, 1, 1, 0, 3, 0, 2, 0, 3, 2, 0, 1, 0, 3, 2, 2, 1, 2, 0, 3, 3, 2, 0, 1, 2, 0, 0, 1, 3, 2, 2, 2, 3, 3, 2, 1, 3, 2, 3, 2, 2, 1, 1, 3, 3, 2, 2, 2]","['0', '1', '8', '4', '7', '5', '3', '10', '11', '6', '12', '14', '15', '13', '9', '28', '18', '27', '23', '25', '20', '2', '33', '26', '22', '24', '21', '35', '43', '32', '16', '87', '46', '34', '37', '36', '38', '45', '17', '41', '53', '51', '47', '44', '58', '48', '52', '54', '55', '62', '42', '60', '19', '59', '49', '30', '29', '70', '31', '82', '39', '40', '50', '57', '56', '77', '67', '61', '68', '63', '64', '65', '66', '69', '72', '71', '73', '80', '74', '85', '79', '75', '76', '78', '83', '84', '81', '86', '88', '89']"
380,1507,1.8261132990003028,33346,1605,1091,754.4130566495002,"[2, 0, 2, 0, 2, 3, 0, 1, 3, 2, 3, 1, 2, 0, 1, 0, 3, 2, 2, 2, 0, 2, 3, 0, 2, 1, 3, 3, 3, 3, 1, 1, 3, 1, 2, 2, 0, 2, 3, 2, 0, 2, 1, 3, 1, 3, 0, 1, 1, 1, 3, 2, 3, 1, 1, 0, 2, 3, 0, 1, 2, 3, 0, 0, 2, 3, 1, 1, 0, 2, 2, 2, 2, 2, 3, 3, 0, 1, 0, 3, 3, 1, 3, 2, 1, 3, 1, 2, 0, 3]","['0', '1', '4', '5', '6', '7', '14', '2', '11', '10', '17', '3', '8', '15', '9', '12', '26', '16', '13', '19', '30', '25', '18', '24', '29', '22', '82', '27', '21', '37', '87', '34', '36', '23', '28', '35', '46', '31', '39', '43', '44', '45', '55', '20', '40', '33', '50', '32', '49', '41', '53', '57', '38', '48', '56', '51', '59', '68', '77', '72', '58', '54', '73', '62', '79', '47', '74', '80', '52', '67', '70', '81', '60', '42', '85', '61', '63', '64', '65', '66', '69', '71', '75', '76', '78', '83', '84', '86', '88', '89']"
381,1334,1.5629759812536614,34989,1500,1081,667.7814879906268,"[3, 1, 3, 3, 2, 2, 2, 1, 2, 0, 1, 1, 0, 0, 2, 0, 0, 1, 0, 3, 1, 3, 3, 0, 3, 0, 1, 3, 3, 1, 1, 2, 2, 2, 2, 2, 2, 0, 0, 0, 1, 2, 2, 2, 1, 1, 1, 3, 3, 2, 3, 1, 0, 1, 3, 3, 0, 0, 3, 1, 0, 1, 2, 2, 2, 0, 0, 3, 1, 0, 3, 0, 1, 0, 1, 1, 3, 3, 0, 3, 2, 1, 3, 3, 3, 0, 3, 2, 2, 2]","['0', '1', '8', '3', '5', '12', '4', '11', '2', '17', '10', '6', '9', '21', '26', '23', '14', '18', '20', '35', '13', '27', '15', '19', '25', '46', '43', '37', '28', '45', '36', '55', '53', '22', '44', '32', '38', '49', '7', '24', '70', '54', '16', '29', '30', '34', '33', '42', '31', '40', '82', '39', '50', '57', '41', '51', '58', '77', '87', '60', '59', '47', '48', '56', '62', '67', '61', '68', '63', '52', '72', '74', '73', '64', '79', '65', '66', '80', '69', '81', '71', '75', '85', '76', '78', '83', '84', '86', '88', '89']"
382,1612,1.924776119402985,29750,1344,926,806.9623880597015,"[1, 1, 2, 1, 1, 0, 2, 1, 2, 1, 1, 2, 0, 1, 2, 0, 2, 0, 2, 2, 2, 3, 2, 1, 3, 1, 2, 0, 0, 3, 2, 0, 1, 1, 0, 0, 2, 3, 3, 2, 1, 1, 1, 3, 1, 3, 2, 2, 1, 1, 2, 2, 2, 1, 2, 1, 2, 1, 0, 3, 2, 2, 1, 0, 2, 0, 3, 0, 2, 0, 0, 3, 1, 2, 3, 2, 3, 3, 1, 1, 3, 1, 2, 3, 3, 3, 1, 0, 2, 0]","['0', '1', '8', '2', '17', '4', '7', '5', '6', '10', '13', '16', '3', '87', '12', '11', '9', '14', '15', '24', '18', '22', '27', '26', '23', '25', '21', '36', '28', '38', '37', '35', '34', '19', '46', '20', '30', '33', '45', '29', '55', '44', '82', '32', '53', '43', '54', '41', '42', '51', '58', '49', '31', '39', '77', '40', '48', '47', '70', '50', '59', '56', '67', '62', '60', '52', '57', '68', '61', '63', '72', '64', '73', '74', '79', '65', '66', '80', '85', '69', '81', '71', '75', '76', '78', '83', '84', '86', '88', '89']"
383,1598,1.901814936030943,30857,1378,886,799.9509074680154,"[2, 0, 0, 0, 0, 0, 1, 3, 2, 3, 0, 2, 3, 0, 1, 1, 3, 0, 3, 2, 3, 0, 3, 2, 0, 3, 0, 3, 0, 1, 3, 1, 0, 0, 0, 2, 1, 0, 2, 3, 3, 0, 3, 3, 0, 0, 0, 3, 3, 3, 2, 0, 0, 1, 3, 2, 3, 1, 3, 1, 1, 3, 0, 3, 1, 1, 2, 1, 0, 0, 2, 0, 1, 0, 1, 2, 1, 1, 3, 1, 0, 0, 0, 1, 0, 3, 0, 0, 1, 1]","['0', '1', '8', '4', '7', '3', '5', '6', '11', '12', '9', '13', '15', '23', '18', '2', '21', '36', '37', '27', '26', '14', '35', '17', '24', '43', '46', '45', '16', '34', '44', '19', '10', '20', '25', '29', '33', '55', '41', '87', '32', '48', '42', '53', '47', '49', '30', '31', '40', '50', '52', '51', '70', '59', '39', '58', '54', '77', '82', '28', '62', '56', '22', '57', '38', '67', '68', '60', '72', '73', '74', '80', '61', '81', '79', '63', '85', '64', '65', '66', '69', '71', '75', '76', '78', '83', '84', '86', '88', '89']"
384,1508,1.8384638829625115,29487,1524,1079,754.9192319414813,"[3, 3, 0, 0, 3, 2, 1, 2, 0, 1, 1, 3, 3, 1, 1, 1, 1, 0, 2, 3, 0, 0, 1, 2, 3, 2, 1, 2, 2, 0, 0, 2, 0, 3, 0, 1, 3, 3, 0, 3, 3, 3, 0, 3, 2, 1, 2, 3, 3, 2, 3, 0, 3, 0, 3, 0, 2, 3, 0, 1, 2, 0, 3, 0, 0, 2, 2, 2, 3, 0, 2, 0, 2, 3, 0, 1, 3, 1, 1, 3, 2, 3, 1, 2, 3, 2, 0, 2, 3, 0]","['0', '1', '5', '7', '11', '10', '12', '3', '4', '8', '2', '17', '6', '15', '14', '16', '9', '26', '22', '24', '25', '87', '21', '18', '37', '20', '35', '33', '34', '23', '36', '42', '38', '19', '44', '13', '45', '29', '28', '27', '43', '82', '55', '53', '32', '49', '30', '46', '70', '41', '31', '48', '54', '40', '50', '39', '77', '57', '47', '51', '58', '56', '62', '67', '52', '59', '68', '72', '73', '79', '80', '60', '61', '81', '74', '63', '64', '65', '66', '85', '69', '71', '75', '76', '78', '83', '84', '86', '88', '89']"
385,1419,1.737905695039804,30538,1286,924,710.36895284752,"[3, 0, 0, 2, 1, 3, 0, 2, 0, 0, 1, 2, 0, 2, 0, 3, 3, 2, 2, 2, 0, 2, 0, 1, 2, 3, 3, 0, 3, 0, 2, 0, 3, 3, 1, 1, 2, 1, 2, 0, 3, 1, 0, 1, 1, 3, 1, 3, 0, 2, 1, 1, 2, 3, 2, 0, 0, 2, 3, 2, 1, 2, 2, 1, 1, 2, 1, 3, 1, 3, 2, 3, 2, 1, 3, 0, 3, 2, 2, 1, 1, 2, 2, 2, 3, 3, 1, 0, 0, 0]","['0', '1', '2', '17', '7', '4', '3', '8', '6', '5', '10', '9', '16', '21', '23', '27', '87', '18', '34', '22', '35', '15', '45', '55', '24', '38', '36', '43', '11', '13', '14', '28', '26', '25', '12', '20', '54', '32', '53', '37', '33', '49', '70', '41', '19', '51', '44', '29', '58', '30', '60', '62', '47', '59', '48', '82', '46', '31', '52', '39', '42', '40', '77', '50', '57', '61', '56', '63', '68', '67', '72', '74', '64', '65', '66', '73', '79', '69', '80', '71', '75', '85', '76', '81', '78', '83', '84', '86', '88', '89']"
386,1275,1.5283188492658075,32145,1481,1046,638.2641594246329,"[3, 2, 2, 1, 3, 0, 0, 3, 2, 0, 3, 0, 0, 1, 0, 1, 0, 1, 2, 3, 3, 1, 0, 0, 1, 2, 3, 3, 0, 2, 1, 2, 1, 1, 2, 0, 0, 1, 0, 2, 2, 3, 2, 3, 0, 0, 1, 3, 1, 0, 3, 0, 1, 3, 1, 1, 3, 2, 2, 0, 1, 1, 2, 0, 2, 1, 1, 2, 2, 3, 0, 3, 2, 0, 3, 0, 2, 1, 2, 2, 3, 1, 0, 3, 2, 2, 0, 3, 2, 0]","['0', '2', '17', '1', '5', '8', '7', '11', '3', '16', '87', '12', '10', '4', '6', '14', '9', '21', '36', '15', '26', '19', '27', '23', '24', '18', '25', '30', '20', '37', '22', '34', '31', '41', '40', '47', '32', '29', '33', '42', '50', '48', '82', '35', '39', '46', '49', '44', '77', '70', '45', '57', '54', '55', '56', '43', '67', '53', '52', '38', '68', '13', '72', '74', '51', '28', '58', '73', '79', '59', '62', '80', '60', '85', '81', '61', '63', '64', '65', '66', '69', '71', '75', '76', '78', '83', '84', '86', '88', '89']"
387,1572,1.8587052911616908,32270,1281,903,786.9293526455808,"[3, 1, 2, 3, 0, 2, 3, 1, 0, 1, 1, 2, 2, 0, 3, 1, 1, 1, 0, 0, 2, 1, 2, 3, 3, 0, 2, 3, 0, 2, 2, 0, 3, 1, 1, 0, 3, 1, 1, 2, 1, 3, 1, 0, 1, 3, 0, 3, 3, 0, 0, 2, 1, 0, 0, 3, 0, 1, 1, 0, 2, 1, 3, 0, 0, 1, 0, 3, 3, 0, 1, 1, 3, 3, 0, 3, 0, 0, 3, 3, 1, 0, 3, 0, 2, 1, 1, 3, 0, 2]","['0', '1', '4', '6', '3', '8', '7', '14', '2', '15', '5', '11', '17', '10', '13', '16', '12', '9', '22', '23', '38', '21', '35', '28', '34', '87', '45', '25', '36', '46', '44', '55', '18', '37', '54', '53', '20', '43', '19', '30', '27', '33', '24', '26', '29', '31', '42', '40', '82', '39', '41', '77', '48', '51', '50', '58', '62', '57', '47', '56', '32', '67', '52', '59', '49', '70', '68', '60', '61', '63', '64', '72', '73', '80', '85', '74', '65', '66', '69', '79', '71', '75', '81', '76', '78', '83', '84', '86', '88', '89']"
388,1339,1.6084084084084085,33568,1414,1007,670.3042042042042,"[3, 2, 2, 3, 0, 0, 1, 1, 1, 3, 2, 3, 3, 0, 2, 2, 1, 0, 3, 1, 3, 1, 0, 1, 0, 2, 0, 3, 1, 1, 3, 3, 2, 2, 2, 3, 2, 1, 3, 1, 2, 3, 0, 2, 2, 2, 1, 2, 0, 0, 0, 2, 3, 3, 3, 1, 0, 2, 2, 2, 3, 3, 2, 2, 1, 1, 1, 3, 2, 0, 3, 3, 2, 0, 2, 0, 3, 1, 0, 1, 1, 1, 3, 1, 3, 0, 3, 1, 0, 3]","['0', '1', '5', '10', '11', '7', '12', '3', '8', '4', '6', '14', '15', '9', '21', '18', '27', '24', '26', '22', '23', '36', '37', '2', '13', '20', '28', '38', '34', '33', '17', '35', '43', '25', '32', '42', '41', '44', '48', '19', '49', '46', '47', '51', '52', '70', '45', '54', '59', '30', '29', '58', '53', '62', '55', '31', '60', '16', '40', '39', '87', '77', '50', '57', '56', '67', '61', '82', '63', '64', '68', '72', '65', '74', '73', '80', '81', '66', '69', '71', '75', '76', '78', '79', '83', '85', '84', '86', '88', '89']"
389,1444,1.763125763125763,29636,1402,1024,722.8815628815629,"[2, 2, 0, 1, 1, 1, 3, 0, 2, 1, 3, 2, 0, 3, 1, 3, 0, 0, 1, 2, 0, 1, 3, 3, 3, 1, 2, 2, 3, 3, 2, 0, 1, 0, 1, 2, 0, 2, 3, 1, 0, 3, 0, 0, 0, 0, 0, 3, 3, 3, 1, 0, 1, 0, 3, 2, 3, 2, 2, 1, 3, 2, 1, 0, 2, 3, 2, 3, 2, 3, 3, 3, 0, 1, 1, 3, 1, 3, 3, 2, 2, 2, 0, 0, 0, 2, 2, 1, 3, 2]","['0', '1', '4', '3', '6', '8', '13', '5', '11', '9', '27', '24', '10', '2', '12', '22', '26', '28', '14', '23', '38', '25', '17', '7', '15', '19', '30', '29', '31', '18', '40', '20', '82', '16', '32', '39', '21', '33', '35', '50', '87', '46', '44', '36', '57', '42', '43', '77', '34', '37', '45', '49', '41', '47', '53', '54', '48', '70', '52', '56', '55', '68', '51', '59', '72', '67', '74', '58', '62', '73', '80', '60', '79', '85', '81', '61', '63', '64', '65', '66', '69', '71', '75', '76', '78', '83', '84', '86', '88', '89']"
390,1391,1.6738868832731648,33398,1524,1075,696.3369434416365,"[1, 3, 0, 0, 1, 2, 0, 3, 1, 0, 3, 0, 0, 2, 1, 3, 2, 0, 3, 0, 1, 3, 3, 2, 0, 0, 2, 3, 3, 3, 1, 2, 2, 3, 1, 1, 0, 2, 3, 3, 3, 1, 1, 1, 2, 2, 0, 2, 2, 3, 3, 1, 1, 3, 3, 3, 0, 3, 1, 2, 0, 0, 0, 1, 2, 2, 1, 2, 1, 1, 0, 1, 3, 1, 2, 2, 3, 1, 0, 0, 2, 0, 2, 2, 1, 1, 3, 1, 3, 2]","['0', '1', '7', '3', '4', '6', '13', '15', '14', '2', '17', '8', '16', '87', '5', '9', '23', '10', '18', '12', '19', '25', '24', '30', '26', '20', '21', '27', '33', '31', '11', '35', '22', '32', '38', '45', '40', '43', '54', '55', '39', '36', '77', '46', '28', '34', '44', '29', '53', '42', '50', '82', '37', '41', '47', '49', '52', '48', '57', '56', '67', '70', '51', '58', '68', '59', '72', '73', '62', '74', '80', '60', '81', '79', '61', '63', '85', '64', '65', '66', '69', '71', '75', '76', '78', '83', '84', '86', '88', '89']"
391,1381,1.6764795144157816,30874,1367,910,691.3382397572079,"[3, 1, 0, 1, 0, 0, 3, 3, 0, 2, 0, 0, 0, 2, 3, 1, 0, 3, 0, 2, 2, 0, 3, 1, 1, 3, 1, 3, 3, 1, 2, 3, 0, 1, 1, 3, 0, 0, 2, 3, 2, 1, 1, 1, 3, 0, 2, 3, 0, 3, 0, 0, 1, 2, 2, 1, 1, 3, 0, 3, 1, 2, 0, 1, 1, 2, 1, 3, 1, 1, 2, 1, 1, 1, 0, 3, 1, 0, 0, 0, 3, 3, 3, 1, 3, 2, 3, 2, 0, 2]","['0', '2', '1', '17', '7', '8', '5', '11', '12', '10', '3', '4', '6', '16', '15', '14', '13', '28', '9', '22', '25', '19', '24', '23', '29', '18', '82', '21', '37', '38', '30', '27', '35', '20', '43', '33', '46', '87', '26', '36', '32', '31', '45', '49', '70', '39', '40', '50', '54', '53', '77', '57', '42', '55', '44', '34', '41', '47', '52', '51', '59', '60', '61', '58', '62', '63', '48', '56', '68', '72', '64', '65', '73', '79', '67', '80', '85', '81', '74', '66', '69', '71', '75', '76', '78', '83', '84', '86', '88', '89']"
392,1903,2.220536756126021,33010,1417,955,952.610268378063,"[3, 0, 2, 3, 2, 0, 0, 1, 3, 0, 1, 2, 1, 1, 0, 3, 2, 0, 1, 1, 2, 0, 3, 0, 2, 1, 3, 1, 1, 1, 1, 0, 3, 1, 0, 1, 2, 1, 3, 2, 2, 2, 0, 0, 1, 3, 0, 3, 0, 1, 0, 0, 0, 1, 2, 0, 3, 0, 0, 0, 2, 2, 0, 1, 0, 1, 1, 0, 1, 3, 3, 0, 2, 1, 0, 3, 0, 0, 0, 1, 0, 0, 0, 0, 0, 3, 0, 2, 3, 3]","['0', '2', '1', '5', '17', '7', '4', '6', '11', '14', '13', '8', '10', '3', '12', '28', '9', '23', '27', '21', '26', '34', '25', '18', '35', '37', '22', '20', '38', '41', '15', '45', '46', '36', '32', '54', '49', '44', '19', '24', '43', '33', '70', '48', '30', '51', '58', '60', '42', '59', '29', '53', '55', '82', '16', '62', '47', '87', '31', '52', '39', '77', '40', '50', '56', '57', '68', '72', '74', '61', '67', '63', '73', '79', '80', '85', '64', '65', '66', '69', '81', '71', '75', '76', '78', '83', '84', '86', '88', '89']"
393,1388,1.6533650982727814,32372,1500,1026,694.8266825491364,"[0, 3, 3, 1, 3, 1, 3, 0, 3, 0, 3, 1, 0, 0, 1, 2, 1, 2, 0, 1, 0, 1, 2, 2, 0, 1, 3, 0, 3, 3, 1, 2, 1, 1, 0, 3, 1, 0, 0, 0, 1, 1, 1, 0, 2, 2, 1, 0, 2, 2, 3, 3, 1, 2, 3, 0, 0, 3, 2, 2, 1, 0, 3, 1, 3, 2, 2, 0, 2, 1, 0, 3, 2, 3, 1, 2, 2, 3, 3, 2, 1, 3, 3, 2, 1, 2, 0, 3, 2, 3]","['0', '2', '17', '1', '5', '10', '12', '4', '6', '14', '9', '8', '7', '25', '3', '21', '35', '43', '26', '23', '15', '37', '46', '18', '20', '27', '36', '13', '32', '44', '16', '11', '19', '28', '49', '22', '29', '82', '70', '38', '87', '34', '33', '24', '30', '42', '31', '45', '39', '54', '53', '41', '77', '48', '55', '51', '59', '58', '62', '40', '50', '47', '56', '68', '72', '73', '80', '52', '79', '57', '85', '67', '81', '60', '74', '61', '63', '64', '65', '66', '69', '71', '75', '76', '78', '83', '84', '86', '88', '89']"
394,1489,1.7012282205084261,32829,1305,906,745.3506141102542,"[3, 2, 1, 3, 3, 2, 3, 2, 1, 1, 2, 1, 3, 3, 0, 0, 2, 2, 3, 1, 3, 2, 2, 0, 1, 0, 1, 0, 2, 2, 3, 2, 2, 2, 1, 0, 0, 3, 3, 2, 1, 3, 0, 2, 2, 3, 0, 2, 2, 0, 1, 2, 0, 2, 2, 0, 0, 2, 0, 2, 2, 1, 2, 3, 1, 2, 0, 1, 0, 1, 1, 3, 0, 2, 3, 2, 0, 2, 2, 0, 0, 0, 0, 0, 2, 0, 1, 1, 3, 0]","['0', '2', '1', '7', '3', '5', '10', '17', '11', '12', '8', '4', '6', '15', '13', '28', '9', '19', '23', '21', '37', '24', '36', '26', '18', '30', '27', '34', '20', '16', '41', '33', '32', '87', '47', '35', '46', '22', '31', '48', '38', '42', '40', '44', '50', '14', '25', '43', '57', '29', '39', '77', '52', '51', '59', '49', '60', '45', '58', '55', '61', '54', '63', '70', '53', '56', '67', '64', '82', '68', '72', '62', '73', '65', '66', '79', '80', '74', '69', '85', '81', '71', '75', '76', '78', '83', '84', '86', '88', '89']"
395,1598,1.8861020950132783,33075,1506,995,799.9430510475066,"[1, 2, 0, 3, 0, 1, 0, 0, 3, 1, 0, 0, 1, 2, 3, 3, 0, 1, 1, 0, 0, 3, 1, 0, 1, 3, 1, 3, 0, 2, 2, 3, 1, 3, 0, 0, 0, 1, 2, 1, 1, 3, 2, 1, 2, 2, 1, 2, 1, 0, 0, 3, 1, 0, 0, 2, 1, 2, 1, 3, 0, 1, 3, 0, 0, 2, 1, 2, 3, 3, 1, 1, 3, 2, 1, 0, 1, 2, 3, 3, 3, 0, 1, 1, 0, 1, 2, 0, 1, 2]","['0', '1', '4', '7', '8', '2', '16', '3', '6', '5', '11', '9', '26', '27', '23', '21', '14', '25', '15', '87', '37', '22', '12', '17', '34', '18', '13', '38', '36', '10', '20', '24', '33', '28', '42', '19', '41', '30', '48', '47', '35', '44', '46', '43', '45', '54', '29', '32', '55', '51', '58', '31', '53', '52', '40', '60', '50', '57', '49', '61', '82', '56', '67', '70', '68', '62', '72', '39', '59', '73', '63', '64', '80', '77', '74', '81', '65', '85', '66', '79', '69', '71', '75', '76', '78', '83', '84', '86', '88', '89']"
396,1488,1.7672209026128265,33262,1500,1051,744.8836104513064,"[3, 1, 1, 2, 0, 2, 0, 2, 2, 3, 2, 0, 0, 2, 0, 0, 3, 0, 0, 1, 0, 1, 3, 3, 0, 2, 2, 3, 3, 2, 1, 2, 2, 0, 0, 0, 2, 1, 3, 3, 3, 1, 3, 2, 0, 0, 3, 2, 2, 0, 3, 0, 1, 1, 0, 0, 1, 0, 1, 3, 1, 0, 3, 0, 1, 3, 2, 1, 1, 2, 2, 3, 3, 1, 0, 2, 1, 3, 2, 3, 0, 3, 1, 3, 0, 1, 0, 0, 2, 2]","['0', '2', '17', '1', '5', '10', '8', '4', '12', '11', '6', '14', '7', '3', '9', '22', '15', '23', '19', '24', '29', '82', '30', '18', '16', '25', '38', '26', '27', '20', '33', '31', '32', '39', '40', '50', '13', '77', '87', '28', '21', '37', '35', '44', '49', '46', '36', '43', '70', '57', '45', '54', '34', '55', '42', '41', '53', '48', '56', '67', '68', '72', '47', '52', '74', '51', '58', '73', '62', '79', '60', '61', '59', '80', '85', '81', '63', '64', '65', '66', '69', '71', '75', '76', '78', '83', '84', '86', '88', '89']"
397,1349,1.5523590333716917,33654,1373,1030,675.2761795166858,"[1, 3, 0, 0, 2, 3, 2, 1, 2, 0, 3, 1, 3, 2, 0, 1, 1, 0, 2, 1, 2, 0, 3, 3, 1, 2, 1, 2, 3, 1, 1, 3, 1, 1, 3, 1, 2, 3, 3, 1, 0, 2, 2, 3, 0, 2, 1, 2, 3, 3, 3, 1, 0, 0, 3, 3, 3, 1, 2, 3, 1, 1, 0, 0, 3, 0, 2, 1, 0, 0, 1, 2, 0, 2, 0, 0, 1, 0, 3, 0, 3, 0, 1, 0, 0, 2, 2, 1, 1, 0]","['0', '1', '7', '3', '5', '8', '11', '4', '2', '17', '6', '12', '10', '15', '16', '13', '14', '19', '30', '87', '9', '28', '23', '24', '18', '25', '29', '21', '35', '36', '45', '22', '26', '82', '37', '55', '20', '46', '33', '54', '38', '27', '31', '32', '34', '41', '48', '43', '53', '40', '39', '47', '51', '44', '49', '59', '58', '60', '77', '42', '62', '52', '50', '70', '56', '67', '68', '72', '57', '74', '61', '73', '80', '81', '85', '63', '64', '65', '66', '69', '71', '79', '75', '76', '78', '83', '84', '86', '88', '89']"
398,1395,1.6378045201056648,31975,1256,825,698.3189022600528,"[2, 1, 1, 1, 0, 0, 0, 1, 1, 0, 0, 0, 3, 2, 3, 1, 2, 3, 3, 1, 1, 2, 0, 3, 2, 1, 2, 1, 2, 1, 0, 2, 0, 3, 3, 2, 1, 0, 0, 3, 3, 3, 1, 3, 1, 3, 1, 0, 2, 3, 2, 3, 2, 3, 2, 3, 1, 1, 1, 0, 0, 3, 2, 1, 1, 3, 1, 3, 2, 0, 0, 3, 1, 3, 2, 1, 3, 0, 2, 3, 3, 2, 2, 2, 1, 2, 0, 0, 1, 1]","['0', '1', '2', '4', '8', '3', '6', '7', '14', '17', '5', '12', '9', '25', '15', '19', '22', '30', '23', '11', '16', '10', '13', '24', '38', '27', '18', '26', '21', '20', '29', '82', '34', '35', '43', '41', '33', '36', '37', '87', '46', '28', '31', '40', '45', '39', '48', '77', '50', '57', '56', '51', '55', '44', '67', '58', '53', '42', '62', '60', '47', '52', '32', '54', '49', '61', '68', '72', '59', '70', '74', '73', '80', '63', '79', '85', '64', '81', '65', '66', '69', '71', '75', '76', '78', '83', '84', '86', '88', '89']"
399,1481,1.787567893783947,32089,1622,1100,741.393783946892,"[1, 0, 2, 2, 1, 0, 1, 2, 3, 0, 0, 0, 0, 0, 2, 0, 1, 2, 0, 2, 3, 2, 0, 1, 2, 3, 2, 3, 1, 1, 0, 3, 3, 0, 1, 1, 1, 2, 2, 0, 1, 0, 1, 0, 0, 2, 2, 2, 3, 3, 2, 2, 2, 1, 3, 3, 2, 0, 2, 1, 3, 0, 0, 0, 0, 3, 1, 0, 3, 2, 0, 2, 2, 2, 0, 1, 1, 2, 3, 3, 2, 3, 1, 2, 2, 3, 0, 2, 3, 0]","['0', '2', '17', '1', '7', '3', '5', '12', '11', '8', '4', '6', '13', '14', '16', '10', '15', '87', '19', '29', '30', '28', '9', '21', '23', '26', '22', '37', '38', '82', '25', '35', '45', '55', '44', '27', '24', '34', '31', '46', '53', '18', '36', '43', '54', '39', '40', '50', '20', '32', '33', '57', '49', '41', '47', '77', '48', '52', '56', '67', '42', '70', '68', '51', '60', '61', '58', '62', '72', '59', '73', '79', '80', '85', '81', '74', '63', '64', '65', '66', '69', '71', '75', '76', '78', '83', '84', '86', '88', '89']"
400,1449,1.7638466220328668,31866,1321,964,725.3819233110164,"[2, 3, 0, 3, 3, 2, 1, 0, 1, 0, 3, 1, 3, 0, 0, 3, 0, 0, 3, 3, 2, 3, 2, 3, 0, 3, 1, 3, 3, 1, 2, 2, 1, 2, 2, 2, 2, 0, 0, 1, 2, 2, 3, 2, 3, 0, 1, 1, 2, 3, 2, 0, 0, 2, 3, 0, 0, 3, 2, 3, 1, 3, 2, 2, 3, 2, 2, 2, 1, 0, 2, 3, 3, 3, 2, 0, 1, 1, 1, 3, 0, 2, 3, 3, 2, 0, 2, 0, 0, 0]","['0', '1', '3', '7', '4', '2', '17', '6', '13', '8', '15', '5', '10', '11', '14', '16', '12', '9', '21', '87', '19', '22', '29', '23', '35', '25', '44', '45', '36', '30', '27', '18', '34', '37', '54', '28', '82', '53', '20', '41', '43', '46', '38', '24', '47', '33', '42', '52', '48', '51', '58', '26', '62', '32', '59', '55', '31', '49', '70', '60', '40', '50', '56', '39', '57', '67', '77', '61', '63', '64', '65', '66', '68', '72', '74', '69', '73', '71', '79', '75', '80', '76', '78', '85', '83', '81', '84', '86', '88', '89']"
401,1486,1.7643217571979817,32122,1555,1091,743.8821608785989,"[2, 3, 0, 1, 0, 1, 3, 2, 3, 0, 1, 0, 0, 2, 2, 2, 2, 0, 1, 0, 3, 3, 3, 2, 2, 3, 2, 1, 3, 3, 0, 3, 3, 0, 3, 1, 3, 2, 3, 1, 1, 1, 3, 0, 2, 0, 1, 1, 0, 2, 3, 2, 3, 1, 3, 1, 2, 0, 3, 1, 2, 2, 3, 3, 1, 2, 2, 2, 1, 0, 0, 3, 1, 0, 3, 1, 0, 1, 2, 1, 2, 0, 2, 2, 2, 3, 1, 0, 2, 0]","['0', '2', '1', '8', '4', '7', '6', '17', '16', '14', '13', '5', '11', '9', '15', '25', '10', '24', '27', '21', '36', '35', '28', '43', '37', '44', '12', '3', '18', '87', '22', '46', '19', '29', '82', '34', '20', '23', '38', '41', '47', '51', '26', '58', '30', '52', '45', '32', '60', '48', '53', '62', '54', '31', '49', '59', '70', '55', '40', '33', '50', '56', '67', '68', '72', '74', '57', '42', '61', '63', '39', '64', '65', '77', '66', '73', '69', '71', '80', '85', '79', '75', '76', '81', '78', '83', '84', '86', '88', '89']"
402,1359,1.6135351736420303,31674,1451,1014,680.306767586821,"[0, 1, 2, 2, 3, 1, 1, 2, 0, 0, 1, 1, 1, 3, 0, 2, 1, 2, 3, 1, 3, 1, 3, 2, 2, 2, 1, 3, 3, 3, 0, 2, 2, 1, 3, 2, 0, 2, 1, 2, 2, 1, 2, 3, 1, 0, 3, 1, 3, 0, 0, 0, 0, 1, 2, 2, 1, 0, 1, 2, 2, 3, 2, 0, 3, 0, 0, 3, 3, 3, 1, 3, 0, 0, 3, 0, 0, 3, 1, 3, 2, 2, 0, 1, 1, 3, 1, 3, 1, 1]","['0', '2', '1', '17', '7', '8', '16', '3', '4', '6', '14', '15', '87', '5', '9', '23', '21', '13', '36', '37', '25', '27', '24', '12', '22', '38', '18', '35', '43', '19', '45', '54', '34', '20', '11', '10', '55', '44', '32', '28', '53', '46', '49', '29', '82', '70', '41', '51', '33', '26', '60', '59', '30', '47', '42', '58', '62', '52', '48', '31', '39', '40', '77', '50', '56', '67', '57', '61', '63', '68', '72', '64', '65', '73', '74', '79', '66', '69', '80', '71', '81', '75', '76', '85', '78', '83', '84', '86', '88', '89']"
403,1430,1.6652110625909753,30286,1330,934,715.8326055312955,"[3, 3, 1, 2, 3, 1, 0, 3, 3, 0, 2, 1, 1, 0, 1, 1, 3, 0, 0, 0, 0, 1, 1, 0, 1, 0, 3, 3, 0, 3, 1, 3, 3, 3, 3, 2, 3, 3, 0, 3, 3, 0, 1, 1, 0, 1, 1, 3, 1, 0, 0, 3, 3, 3, 2, 1, 0, 2, 0, 3, 1, 0, 0, 2, 0, 2, 3, 1, 1, 2, 2, 2, 0, 2, 2, 1, 2, 3, 1, 0, 3, 2, 0, 1, 1, 1, 0, 0, 3, 1]","['0', '1', '5', '4', '6', '8', '9', '7', '26', '25', '24', '10', '27', '18', '15', '20', '32', '22', '3', '14', '23', '13', '38', '28', '2', '12', '21', '34', '11', '41', '35', '33', '16', '47', '46', '43', '48', '51', '44', '17', '52', '59', '87', '37', '19', '58', '49', '45', '29', '30', '31', '54', '40', '70', '55', '53', '60', '50', '39', '57', '61', '56', '36', '63', '67', '68', '42', '82', '64', '72', '77', '73', '80', '85', '62', '74', '65', '81', '79', '66', '69', '71', '75', '76', '78', '83', '84', '86', '88', '89']"
404,1629,1.9209905660377358,31277,1524,1087,815.4604952830189,"[2, 3, 1, 3, 0, 3, 3, 2, 0, 0, 3, 2, 2, 2, 2, 1, 3, 0, 2, 0, 2, 3, 1, 3, 0, 1, 3, 3, 0, 3, 2, 1, 3, 0, 1, 3, 0, 0, 0, 0, 2, 3, 1, 2, 1, 1, 2, 3, 3, 0, 0, 3, 1, 1, 0, 3, 3, 1, 2, 1, 0, 1, 1, 2, 3, 1, 3, 1, 0, 2, 2, 3, 3, 1, 3, 1, 0, 3, 2, 0, 3, 3, 1, 2, 1, 2, 3, 0, 1, 0]","['0', '1', '5', '10', '7', '12', '11', '8', '4', '6', '13', '28', '15', '9', '18', '2', '3', '26', '23', '21', '16', '35', '17', '46', '27', '36', '22', '37', '25', '34', '43', '20', '41', '33', '48', '42', '47', '24', '14', '19', '32', '29', '45', '53', '54', '44', '52', '38', '55', '30', '31', '39', '51', '59', '82', '60', '58', '49', '77', '70', '62', '87', '40', '50', '57', '56', '68', '61', '72', '73', '74', '67', '79', '63', '80', '81', '64', '65', '66', '85', '69', '71', '75', '76', '78', '83', '84', '86', '88', '89']"
405,1758,2.142595978062157,30804,1450,1043,880.0712979890311,"[3, 3, 0, 1, 3, 2, 1, 1, 3, 1, 2, 2, 1, 0, 2, 0, 3, 2, 0, 0, 2, 1, 0, 0, 1, 2, 2, 1, 1, 0, 2, 0, 1, 1, 3, 0, 1, 1, 2, 1, 1, 3, 1, 0, 2, 0, 2, 3, 1, 3, 0, 2, 3, 3, 2, 1, 0, 2, 1, 0, 1, 2, 1, 1, 3, 2, 2, 2, 0, 1, 1, 2, 1, 1, 0, 1, 3, 1, 2, 1, 3, 1, 2, 2, 3, 3, 1, 1, 0, 1]","['0', '1', '5', '4', '8', '12', '3', '11', '10', '7', '6', '2', '14', '15', '16', '17', '9', '25', '24', '26', '22', '23', '18', '13', '27', '87', '19', '21', '34', '37', '38', '36', '30', '35', '45', '43', '28', '53', '44', '29', '82', '55', '20', '31', '41', '48', '39', '77', '46', '33', '32', '47', '49', '70', '51', '40', '60', '59', '58', '54', '42', '62', '52', '50', '56', '67', '57', '61', '68', '63', '64', '65', '66', '69', '72', '71', '75', '74', '76', '78', '73', '80', '85', '81', '79', '83', '84', '86', '88', '89']"
406,1502,1.7429648970118945,30753,1298,953,751.871482448506,"[2, 1, 3, 1, 1, 2, 2, 3, 0, 3, 1, 3, 1, 3, 2, 1, 2, 1, 1, 0, 1, 1, 0, 2, 0, 1, 0, 2, 3, 0, 0, 3, 0, 1, 3, 3, 1, 1, 1, 3, 3, 0, 0, 2, 1, 0, 2, 2, 1, 3, 0, 1, 1, 0, 1, 3, 0, 1, 0, 2, 3, 3, 3, 0, 1, 3, 0, 3, 1, 3, 2, 1, 1, 1, 2, 1, 0, 2, 3, 1, 3, 2, 2, 1, 0, 0, 1, 3, 2, 1]","['0', '2', '1', '5', '3', '17', '7', '8', '10', '12', '11', '4', '16', '6', '87', '9', '14', '23', '26', '15', '18', '25', '13', '21', '24', '36', '27', '37', '34', '20', '35', '19', '43', '33', '32', '49', '30', '29', '42', '31', '41', '39', '51', '48', '82', '59', '46', '22', '70', '45', '40', '60', '47', '38', '53', '58', '54', '62', '44', '77', '50', '57', '52', '55', '61', '56', '68', '72', '67', '73', '79', '28', '80', '81', '63', '85', '64', '65', '66', '74', '69', '71', '75', '76', '78', '83', '84', '86', '88', '89']"
407,1532,1.825439380399166,32806,1297,894,766.9127196901995,"[3, 1, 1, 1, 2, 3, 3, 0, 0, 2, 3, 0, 0, 0, 3, 0, 3, 2, 3, 1, 3, 1, 3, 3, 1, 0, 0, 0, 3, 3, 1, 3, 1, 2, 0, 2, 2, 1, 2, 1, 2, 2, 3, 2, 2, 2, 2, 3, 0, 3, 0, 1, 2, 0, 2, 1, 1, 2, 2, 0, 3, 1, 2, 2, 3, 2, 1, 1, 2, 3, 0, 0, 2, 1, 0, 2, 1, 0, 2, 2, 2, 2, 1, 2, 3, 0, 0, 2, 3, 1]","['0', '1', '7', '8', '4', '3', '6', '2', '5', '17', '12', '14', '15', '16', '9', '27', '10', '19', '18', '22', '87', '23', '21', '36', '11', '24', '26', '34', '35', '37', '38', '44', '20', '29', '13', '43', '30', '32', '41', '46', '25', '33', '51', '45', '42', '53', '47', '28', '58', '49', '60', '59', '82', '48', '55', '31', '52', '40', '54', '50', '62', '39', '56', '70', '77', '57', '61', '67', '68', '63', '64', '65', '66', '69', '72', '71', '73', '80', '81', '79', '85', '75', '74', '76', '78', '83', '84', '86', '88', '89']"
408,1466,1.7206572769953052,31833,1458,1064,733.8603286384977,"[2, 3, 0, 3, 0, 3, 2, 3, 2, 3, 3, 0, 1, 0, 3, 1, 1, 1, 2, 2, 1, 0, 2, 3, 3, 2, 3, 2, 1, 3, 0, 3, 1, 1, 2, 2, 0, 1, 2, 2, 2, 3, 3, 0, 1, 2, 2, 1, 3, 2, 1, 3, 0, 0, 2, 0, 0, 3, 2, 1, 0, 1, 2, 3, 0, 1, 2, 0, 1, 1, 0, 3, 3, 0, 3, 2, 3, 0, 3, 3, 1, 1, 1, 0, 1, 1, 3, 1, 3, 1]","['0', '2', '1', '8', '5', '10', '17', '12', '3', '11', '7', '16', '4', '6', '9', '27', '23', '25', '26', '15', '24', '18', '13', '28', '21', '22', '87', '34', '36', '37', '14', '38', '35', '20', '43', '46', '45', '41', '53', '48', '19', '44', '51', '32', '33', '60', '30', '47', '52', '59', '58', '49', '55', '70', '54', '29', '31', '42', '82', '40', '39', '77', '50', '56', '67', '57', '62', '61', '63', '68', '64', '65', '72', '73', '66', '74', '79', '69', '80', '81', '71', '75', '76', '78', '85', '83', '84', '86', '88', '89']"
409,1547,1.8449612403100775,32905,1532,1049,774.422480620155,"[0, 2, 1, 1, 1, 1, 1, 0, 2, 1, 3, 2, 3, 3, 0, 0, 3, 1, 0, 2, 1, 2, 1, 3, 3, 0, 1, 2, 3, 2, 0, 0, 1, 3, 1, 0, 0, 3, 0, 1, 0, 1, 1, 0, 3, 1, 3, 1, 2, 2, 1, 3, 0, 0, 1, 3, 2, 3, 1, 2, 1, 1, 1, 2, 1, 2, 3, 1, 2, 2, 3, 1, 3, 1, 3, 1, 0, 2, 2, 1, 2, 1, 3, 2, 3, 3, 0, 3, 2, 0]","['0', '1', '7', '3', '2', '8', '4', '16', '87', '6', '17', '14', '13', '15', '5', '11', '9', '27', '10', '23', '28', '25', '12', '22', '38', '19', '21', '34', '37', '29', '24', '30', '82', '18', '36', '26', '35', '20', '43', '31', '40', '45', '39', '50', '41', '33', '53', '54', '42', '47', '55', '32', '51', '46', '59', '60', '58', '44', '57', '77', '48', '52', '56', '62', '67', '61', '68', '49', '63', '72', '73', '64', '74', '80', '81', '65', '79', '85', '70', '66', '69', '71', '75', '76', '78', '83', '84', '86', '88', '89']"
410,1328,1.5568581477139507,33535,1394,969,664.778429073857,"[3, 2, 3, 3, 0, 0, 3, 1, 1, 2, 1, 1, 3, 2, 2, 1, 2, 0, 0, 0, 1, 3, 3, 0, 2, 3, 3, 3, 1, 1, 2, 3, 2, 1, 0, 3, 2, 1, 0, 0, 3, 0, 0, 2, 3, 1, 2, 1, 0, 3, 2, 3, 0, 2, 2, 2, 0, 3, 0, 1, 2, 1, 2, 1, 3, 2, 3, 2, 3, 3, 3, 2, 2, 0, 1, 2, 1, 2, 0, 3, 0, 2, 2, 2, 0, 0, 3, 2, 1, 2]","['0', '1', '7', '3', '4', '5', '8', '12', '6', '9', '23', '13', '27', '21', '15', '35', '22', '24', '2', '18', '26', '43', '20', '38', '45', '32', '10', '46', '28', '44', '37', '54', '16', '17', '14', '87', '33', '55', '53', '49', '25', '19', '70', '30', '31', '40', '39', '77', '36', '50', '57', '34', '41', '47', '42', '52', '48', '56', '67', '51', '60', '68', '72', '11', '74', '29', '82', '73', '59', '58', '62', '79', '61', '63', '64', '80', '65', '66', '85', '69', '81', '71', '75', '76', '78', '83', '84', '86', '88', '89']"
411,1460,1.7654171704957677,32891,1474,1075,730.8827085852479,"[3, 1, 1, 0, 1, 2, 2, 3, 1, 2, 0, 3, 2, 1, 1, 0, 3, 3, 2, 2, 0, 3, 0, 2, 2, 0, 3, 3, 1, 0, 0, 0, 2, 1, 0, 0, 3, 3, 2, 1, 2, 2, 3, 0, 0, 3, 3, 1, 1, 2, 2, 1, 1, 0, 0, 2, 3, 1, 0, 0, 3, 3, 2, 1, 3, 1, 0, 1, 0, 1, 1, 0, 1, 3, 0, 0, 3, 3, 0, 0, 1, 2, 3, 2, 0, 1, 3, 2, 2, 2]","['0', '1', '2', '17', '5', '8', '12', '10', '3', '7', '4', '11', '16', '6', '9', '13', '15', '18', '19', '23', '30', '87', '21', '22', '28', '14', '35', '45', '38', '36', '44', '29', '25', '43', '54', '26', '55', '27', '82', '46', '37', '34', '20', '41', '51', '60', '31', '59', '24', '40', '39', '53', '58', '77', '32', '62', '33', '42', '49', '50', '47', '70', '48', '56', '52', '68', '72', '57', '61', '73', '79', '67', '80', '63', '85', '64', '81', '74', '65', '66', '69', '71', '75', '76', '78', '83', '84', '86', '88', '89']"
412,1473,1.752528256989887,33599,1408,1013,737.376264128495,"[3, 3, 2, 1, 0, 0, 1, 3, 1, 2, 0, 0, 2, 1, 3, 1, 3, 0, 1, 2, 2, 2, 0, 0, 3, 3, 2, 2, 0, 0, 1, 2, 1, 0, 2, 3, 0, 3, 3, 3, 0, 1, 2, 3, 0, 3, 0, 1, 1, 2, 0, 2, 2, 3, 1, 3, 0, 1, 0, 2, 0, 3, 3, 2, 0, 1, 3, 1, 1, 0, 1, 1, 2, 0, 3, 0, 0, 2, 1, 1, 0, 0, 2, 1, 2, 2, 0, 0, 2, 3]","['0', '2', '17', '1', '7', '8', '4', '3', '6', '14', '16', '13', '5', '12', '10', '11', '9', '24', '26', '25', '23', '21', '22', '35', '37', '15', '45', '55', '46', '53', '34', '87', '27', '28', '43', '19', '38', '29', '36', '44', '30', '82', '54', '18', '20', '31', '32', '49', '41', '48', '47', '39', '70', '77', '51', '58', '33', '60', '52', '40', '62', '42', '59', '50', '56', '68', '67', '57', '72', '73', '74', '61', '80', '81', '85', '79', '63', '64', '65', '66', '69', '71', '75', '76', '78', '83', '84', '86', '88', '89']"
413,1655,1.9166184134337,29673,1510,1045,828.4583092067169,"[0, 0, 3, 1, 3, 2, 3, 0, 1, 2, 3, 1, 2, 2, 0, 2, 0, 2, 3, 2, 3, 3, 3, 0, 3, 1, 1, 2, 0, 3, 2, 3, 2, 2, 2, 2, 1, 2, 0, 1, 3, 2, 1, 0, 3, 1, 2, 1, 2, 3, 2, 1, 1, 3, 3, 2, 0, 3, 2, 2, 3, 2, 2, 3, 1, 0, 2, 0, 2, 2, 3, 3, 2, 1, 2, 1, 0, 3, 2, 1, 1, 0, 0, 2, 0, 1, 3, 0, 0, 1]","['0', '1', '8', '2', '7', '17', '3', '4', '5', '10', '11', '16', '6', '9', '15', '22', '18', '21', '26', '23', '35', '36', '25', '12', '44', '34', '45', '54', '55', '43', '14', '38', '46', '27', '20', '87', '37', '41', '13', '24', '53', '47', '48', '32', '28', '51', '52', '58', '62', '60', '49', '19', '29', '30', '59', '82', '70', '31', '40', '33', '50', '57', '39', '42', '56', '77', '61', '63', '67', '68', '64', '72', '65', '66', '74', '69', '73', '80', '81', '71', '85', '79', '75', '76', '78', '83', '84', '86', '88', '89']"
414,1489,1.7993957703927492,29728,1331,877,745.3996978851964,"[1, 1, 0, 2, 2, 0, 0, 0, 0, 1, 0, 1, 1, 0, 0, 3, 1, 0, 3, 2, 1, 0, 3, 0, 0, 1, 1, 1, 2, 1, 3, 1, 1, 3, 1, 3, 3, 1, 2, 1, 2, 0, 1, 1, 0, 1, 2, 3, 2, 2, 3, 1, 0, 3, 0, 3, 2, 1, 3, 0, 2, 2, 0, 1, 1, 1, 3, 2, 1, 3, 2, 3, 0, 0, 1, 0, 0, 2, 3, 0, 1, 1, 1, 3, 1, 3, 3, 0, 0, 0]","['0', '1', '2', '4', '6', '8', '5', '17', '14', '11', '9', '7', '22', '13', '23', '18', '12', '10', '3', '16', '24', '25', '87', '20', '28', '21', '33', '15', '38', '36', '34', '35', '41', '45', '54', '37', '42', '19', '47', '30', '53', '32', '49', '70', '44', '43', '29', '46', '52', '26', '51', '59', '82', '27', '60', '58', '31', '48', '55', '62', '39', '40', '77', '50', '57', '61', '63', '56', '67', '64', '68', '65', '66', '69', '72', '73', '74', '71', '80', '85', '81', '79', '75', '76', '78', '83', '84', '86', '88', '89']"
415,1801,2.1744642318140657,28291,1317,848,901.587232115907,"[2, 2, 2, 3, 2, 3, 2, 0, 3, 1, 1, 3, 3, 3, 1, 0, 0, 1, 3, 1, 3, 3, 3, 2, 3, 0, 3, 3, 1, 2, 3, 1, 2, 3, 0, 3, 3, 1, 1, 1, 3, 3, 2, 2, 0, 1, 0, 1, 3, 2, 3, 3, 1, 1, 3, 3, 3, 1, 0, 3, 1, 2, 1, 3, 2, 2, 1, 3, 3, 1, 1, 3, 3, 1, 3, 1, 2, 3, 3, 3, 3, 0, 1, 3, 1, 0, 1, 3, 3, 3]","['0', '2', '1', '4', '8', '5', '12', '17', '6', '10', '11', '15', '14', '7', '9', '21', '24', '36', '19', '26', '34', '30', '16', '87', '3', '29', '13', '18', '20', '22', '27', '28', '25', '82', '31', '37', '40', '35', '33', '23', '38', '46', '43', '32', '50', '45', '57', '44', '55', '54', '42', '39', '53', '77', '49', '70', '41', '51', '60', '47', '61', '48', '58', '62', '52', '59', '56', '68', '72', '73', '63', '80', '64', '65', '81', '74', '67', '85', '66', '79', '69', '71', '75', '76', '78', '83', '84', '86', '88', '89']"
416,1466,1.730814639905549,32607,1498,1106,733.8654073199527,"[0, 3, 3, 3, 0, 3, 0, 3, 1, 1, 1, 3, 2, 3, 0, 3, 3, 2, 1, 1, 3, 1, 2, 0, 0, 2, 2, 0, 2, 3, 2, 1, 2, 1, 3, 1, 1, 0, 0, 2, 1, 1, 1, 0, 1, 3, 2, 1, 0, 0, 0, 1, 2, 1, 0, 0, 3, 2, 3, 3, 0, 3, 2, 1, 0, 0, 0, 1, 3, 3, 1, 3, 0, 3, 1, 2, 2, 1, 2, 0, 3, 3, 2, 3, 0, 1, 2, 3, 1, 3]","['0', '2', '1', '8', '4', '17', '7', '6', '13', '16', '14', '87', '15', '3', '5', '12', '10', '19', '9', '28', '11', '21', '36', '24', '26', '37', '25', '18', '20', '33', '34', '29', '35', '43', '82', '30', '32', '45', '27', '44', '53', '54', '31', '46', '39', '42', '40', '22', '50', '23', '77', '55', '49', '57', '38', '41', '51', '48', '47', '59', '56', '60', '61', '52', '67', '63', '70', '58', '62', '68', '72', '74', '73', '80', '81', '64', '65', '66', '85', '79', '69', '71', '75', '76', '78', '83', '84', '86', '88', '89']"
417,1434,1.7366030881017258,30023,1493,1009,717.8683015440508,"[1, 0, 3, 1, 1, 0, 3, 3, 2, 0, 3, 1, 1, 0, 0, 1, 2, 2, 1, 1, 1, 3, 0, 2, 2, 1, 3, 0, 1, 1, 3, 0, 3, 1, 1, 1, 3, 0, 2, 3, 2, 0, 0, 1, 2, 1, 0, 3, 2, 3, 0, 3, 3, 3, 3, 2, 3, 1, 1, 0, 2, 2, 1, 2, 1, 2, 0, 3, 1, 3, 1, 2, 0, 1, 1, 0, 1, 0, 3, 0, 0, 2, 3, 0, 0, 3, 2, 0, 0, 2]","['0', '2', '17', '1', '7', '4', '6', '14', '5', '12', '11', '9', '25', '21', '8', '15', '35', '26', '45', '19', '13', '43', '30', '46', '27', '29', '3', '36', '55', '18', '20', '10', '44', '31', '54', '82', '28', '16', '34', '24', '22', '53', '33', '40', '41', '39', '23', '87', '32', '51', '58', '50', '42', '38', '47', '52', '62', '57', '37', '60', '49', '59', '48', '70', '61', '77', '56', '63', '68', '67', '72', '74', '73', '64', '79', '65', '66', '80', '69', '71', '81', '85', '75', '76', '78', '83', '84', '86', '88', '89']"
418,1447,1.7241584748287162,33592,1514,1112,724.3620792374144,"[3, 2, 1, 2, 2, 2, 0, 0, 1, 3, 2, 2, 0, 1, 1, 2, 0, 2, 1, 3, 3, 0, 1, 0, 3, 3, 2, 1, 3, 1, 1, 3, 0, 2, 2, 2, 1, 0, 1, 3, 0, 0, 3, 0, 1, 3, 2, 3, 0, 2, 0, 1, 2, 0, 3, 1, 3, 0, 0, 2, 3, 1, 0, 2, 2, 0, 0, 1, 3, 0, 2, 1, 3, 0, 3, 1, 3, 3, 2, 3, 2, 1, 2, 0, 1, 1, 2, 2, 2, 2]","['0', '2', '1', '3', '8', '17', '4', '7', '5', '12', '6', '16', '87', '15', '13', '10', '14', '28', '9', '25', '27', '22', '19', '23', '11', '29', '18', '82', '21', '37', '36', '26', '34', '35', '44', '30', '24', '43', '20', '45', '46', '54', '38', '53', '41', '32', '51', '49', '70', '48', '33', '55', '31', '39', '40', '59', '58', '42', '50', '77', '57', '62', '60', '61', '56', '68', '63', '64', '47', '65', '72', '52', '66', '73', '80', '81', '85', '74', '67', '79', '69', '71', '75', '76', '78', '83', '84', '86', '88', '89']"
419,1470,1.7401598105948506,31726,1348,911,735.8700799052974,"[0, 3, 1, 0, 2, 1, 2, 0, 3, 2, 2, 1, 0, 0, 3, 0, 0, 2, 3, 0, 2, 1, 1, 0, 2, 0, 3, 1, 0, 1, 1, 0, 3, 0, 1, 2, 3, 3, 1, 2, 0, 2, 0, 2, 1, 2, 0, 0, 1, 0, 3, 3, 3, 2, 0, 1, 1, 3, 1, 2, 2, 1, 0, 3, 1, 3, 3, 1, 0, 3, 1, 1, 3, 1, 1, 0, 0, 0, 3, 3, 3, 3, 3, 1, 2, 1, 3, 0, 3, 0]","['0', '1', '2', '5', '8', '12', '11', '7', '3', '16', '17', '87', '10', '4', '6', '9', '24', '18', '27', '21', '15', '22', '13', '26', '28', '19', '20', '34', '23', '14', '25', '29', '32', '82', '36', '30', '31', '35', '39', '77', '33', '40', '50', '57', '43', '46', '44', '37', '41', '45', '47', '55', '38', '52', '42', '49', '53', '51', '48', '59', '54', '58', '60', '70', '61', '63', '62', '56', '64', '65', '68', '67', '66', '72', '74', '73', '80', '79', '85', '81', '69', '71', '75', '76', '78', '83', '84', '86', '88', '89']"
420,1750,2.130249543517955,31338,1496,1061,876.065124771759,"[1, 0, 0, 3, 0, 3, 2, 1, 1, 1, 2, 1, 1, 3, 0, 0, 2, 0, 0, 2, 1, 0, 0, 2, 2, 1, 0, 3, 1, 3, 2, 3, 3, 0, 0, 3, 1, 3, 0, 3, 3, 0, 1, 3, 0, 0, 3, 3, 2, 2, 2, 0, 1, 0, 1, 0, 2, 0, 2, 0, 1, 3, 1, 0, 0, 2, 2, 2, 0, 0, 1, 0, 3, 1, 0, 0, 0, 1, 2, 3, 2, 2, 0, 1, 1, 0, 0, 3, 1, 0]","['0', '1', '8', '5', '2', '17', '3', '4', '11', '10', '12', '6', '13', '9', '23', '22', '7', '21', '38', '26', '35', '34', '25', '43', '27', '46', '14', '45', '44', '15', '18', '37', '54', '28', '53', '36', '55', '19', '16', '29', '30', '24', '82', '20', '87', '31', '40', '41', '39', '51', '32', '33', '59', '58', '48', '42', '50', '60', '62', '77', '57', '47', '52', '49', '56', '68', '67', '70', '61', '72', '63', '73', '64', '65', '66', '69', '79', '74', '71', '75', '76', '80', '78', '83', '85', '84', '81', '86', '88', '89']"
421,1369,1.6283080582812965,32461,1473,1006,685.3141540291407,"[3, 0, 2, 1, 2, 2, 1, 2, 1, 0, 0, 2, 2, 1, 2, 3, 3, 3, 1, 3, 1, 3, 1, 3, 2, 2, 0, 3, 0, 1, 3, 2, 3, 2, 0, 2, 3, 1, 1, 1, 3, 2, 0, 2, 1, 3, 2, 2, 1, 0, 3, 3, 3, 2, 0, 0, 2, 3, 0, 1, 1, 1, 0, 0, 3, 2, 1, 0, 3, 1, 3, 3, 3, 2, 0, 1, 3, 3, 0, 2, 3, 1, 3, 0, 0, 2, 3, 2, 1, 3]","['0', '1', '2', '17', '4', '5', '8', '6', '15', '14', '7', '11', '3', '10', '12', '9', '18', '26', '16', '23', '24', '20', '19', '21', '27', '32', '87', '35', '13', '22', '30', '46', '28', '25', '31', '44', '45', '37', '36', '49', '55', '53', '40', '33', '34', '41', '29', '50', '43', '57', '48', '42', '38', '70', '82', '39', '47', '56', '51', '67', '52', '77', '58', '59', '68', '72', '60', '54', '61', '63', '74', '64', '73', '62', '80', '79', '85', '65', '66', '81', '69', '71', '75', '76', '78', '83', '84', '86', '88', '89']"
422,1341,1.6244700181708056,31923,1319,917,671.3122350090854,"[1, 2, 2, 3, 1, 0, 0, 2, 1, 3, 1, 1, 3, 0, 3, 3, 1, 1, 2, 1, 3, 0, 1, 1, 2, 0, 0, 1, 0, 1, 0, 1, 3, 3, 3, 3, 0, 0, 3, 0, 2, 2, 0, 0, 0, 3, 2, 0, 3, 2, 3, 3, 2, 1, 2, 3, 3, 0, 2, 1, 0, 2, 3, 1, 1, 3, 0, 3, 1, 1, 1, 1, 1, 2, 1, 3, 1, 3, 3, 2, 0, 1, 1, 3, 1, 1, 0, 0, 2, 3]","['0', '1', '7', '4', '6', '5', '9', '8', '26', '23', '22', '12', '3', '2', '27', '15', '18', '10', '25', '21', '11', '37', '38', '34', '17', '36', '19', '24', '35', '44', '46', '13', '30', '20', '43', '14', '28', '33', '16', '45', '87', '41', '53', '42', '51', '48', '29', '60', '32', '58', '82', '62', '47', '55', '54', '59', '31', '39', '77', '40', '49', '52', '70', '50', '57', '56', '68', '67', '61', '72', '73', '74', '63', '80', '79', '81', '85', '64', '65', '66', '69', '71', '75', '76', '78', '83', '84', '86', '88', '89']"
423,1380,1.688073394495413,33157,1484,1091,690.8440366972477,"[2, 1, 3, 3, 2, 0, 3, 0, 3, 2, 1, 2, 0, 2, 1, 2, 1, 2, 0, 2, 3, 1, 1, 2, 1, 2, 3, 1, 3, 1, 3, 2, 1, 1, 3, 3, 2, 2, 1, 1, 3, 3, 2, 0, 2, 3, 2, 1, 2, 3, 2, 2, 2, 1, 0, 2, 3, 0, 2, 3, 1, 3, 1, 0, 0, 2, 3, 2, 2, 2, 1, 2, 2, 0, 2, 3, 1, 1, 1, 0, 0, 0, 1, 3, 1, 1, 1, 3, 3, 2]","['0', '1', '4', '8', '7', '3', '2', '5', '12', '11', '17', '10', '16', '87', '6', '14', '13', '28', '9', '22', '15', '24', '26', '27', '25', '18', '21', '35', '44', '34', '46', '23', '36', '19', '30', '20', '38', '33', '32', '37', '31', '43', '41', '49', '70', '51', '58', '29', '40', '50', '42', '48', '45', '55', '56', '47', '59', '57', '60', '53', '39', '54', '77', '52', '61', '82', '63', '62', '68', '67', '64', '65', '72', '66', '69', '71', '73', '75', '74', '80', '81', '76', '79', '78', '85', '83', '84', '86', '88', '89']"
424,1527,1.8092417061611374,32825,1313,970,764.4046208530806,"[3, 1, 0, 1, 2, 1, 0, 2, 3, 2, 1, 1, 2, 2, 2, 2, 0, 3, 2, 1, 1, 1, 1, 1, 2, 2, 2, 1, 0, 3, 3, 0, 2, 0, 1, 3, 2, 1, 1, 1, 3, 1, 3, 2, 3, 1, 3, 2, 0, 3, 2, 1, 2, 0, 1, 1, 1, 2, 3, 1, 1, 0, 2, 2, 0, 2, 0, 2, 1, 1, 3, 2, 3, 2, 1, 2, 0, 1, 0, 3, 3, 0, 0, 0, 3, 3, 3, 3, 3, 0]","['0', '2', '17', '1', '5', '10', '12', '3', '4', '7', '6', '14', '9', '11', '15', '27', '22', '21', '36', '37', '26', '19', '30', '25', '8', '34', '29', '16', '18', '13', '82', '35', '45', '46', '44', '54', '23', '38', '24', '31', '87', '40', '50', '28', '43', '53', '20', '33', '57', '42', '39', '32', '49', '70', '55', '77', '41', '51', '48', '58', '62', '47', '60', '61', '56', '67', '68', '59', '72', '74', '52', '73', '79', '80', '85', '63', '64', '65', '66', '81', '69', '71', '75', '76', '78', '83', '84', '86', '88', '89']"
425,1589,1.882701421800948,32987,1545,1099,795.4413507109005,"[0, 2, 0, 0, 1, 1, 2, 3, 1, 1, 0, 2, 2, 1, 3, 3, 2, 1, 0, 0, 1, 0, 3, 1, 1, 2, 2, 1, 2, 1, 0, 2, 3, 0, 1, 1, 2, 3, 0, 3, 3, 2, 0, 3, 3, 0, 1, 1, 0, 1, 1, 3, 2, 0, 1, 2, 2, 0, 2, 0, 2, 1, 1, 1, 2, 3, 0, 0, 1, 3, 3, 3, 1, 0, 2, 3, 0, 1, 2, 2, 1, 2, 3, 2, 1, 0, 3, 1, 3, 1]","['0', '1', '8', '7', '5', '3', '4', '12', '2', '10', '6', '11', '17', '13', '28', '9', '23', '21', '27', '34', '26', '37', '24', '22', '38', '14', '16', '25', '18', '15', '20', '87', '41', '47', '35', '33', '46', '19', '36', '45', '48', '54', '30', '31', '32', '53', '29', '40', '42', '44', '55', '50', '52', '49', '39', '82', '43', '77', '51', '60', '57', '56', '68', '59', '58', '72', '73', '80', '74', '70', '81', '79', '61', '62', '63', '85', '64', '67', '65', '66', '69', '71', '75', '76', '78', '83', '84', '86', '88', '89']"
426,1306,1.5265926358854471,30706,1362,928,653.7632963179427,"[1, 1, 1, 2, 1, 3, 1, 1, 0, 3, 0, 0, 0, 0, 3, 3, 3, 3, 2, 3, 2, 2, 3, 0, 3, 1, 3, 2, 3, 2, 1, 1, 3, 0, 3, 2, 1, 3, 1, 1, 0, 2, 1, 0, 2, 0, 2, 0, 3, 2, 1, 0, 1, 3, 2, 3, 2, 0, 2, 3, 1, 2, 0, 2, 3, 3, 1, 2, 0, 0, 0, 2, 0, 0, 0, 1, 0, 0, 0, 1, 2, 3, 0, 3, 1, 1, 2, 1, 2, 1]","['0', '1', '2', '8', '5', '3', '12', '10', '11', '4', '17', '6', '7', '16', '9', '21', '35', '37', '24', '22', '46', '34', '44', '14', '36', '27', '23', '43', '25', '26', '87', '15', '13', '45', '28', '55', '38', '54', '18', '53', '20', '41', '19', '30', '48', '29', '47', '51', '52', '33', '32', '42', '31', '58', '60', '59', '62', '40', '82', '39', '49', '50', '56', '77', '70', '68', '67', '72', '73', '80', '81', '57', '79', '74', '85', '61', '63', '64', '65', '66', '69', '71', '75', '76', '78', '83', '84', '86', '88', '89']"
427,1684,2.0047619047619047,31024,1354,923,843.0023809523809,"[3, 0, 0, 1, 2, 2, 1, 1, 3, 2, 2, 1, 0, 2, 2, 2, 0, 3, 1, 0, 0, 3, 3, 1, 1, 1, 1, 1, 2, 1, 1, 3, 3, 1, 0, 1, 1, 2, 1, 3, 3, 1, 3, 3, 0, 1, 3, 2, 3, 0, 3, 2, 1, 2, 1, 1, 3, 3, 0, 3, 0, 0, 1, 3, 3, 2, 1, 3, 0, 0, 3, 2, 1, 2, 0, 0, 2, 3, 0, 1, 2, 1, 1, 1, 2, 1, 1, 1, 0, 2]","['0', '2', '1', '7', '17', '8', '3', '5', '11', '4', '12', '6', '15', '19', '13', '16', '87', '30', '10', '9', '18', '22', '23', '27', '20', '38', '14', '28', '24', '32', '26', '29', '82', '25', '21', '36', '34', '41', '33', '31', '48', '37', '40', '35', '47', '45', '44', '39', '54', '77', '55', '46', '43', '51', '53', '52', '58', '50', '57', '49', '60', '42', '70', '62', '56', '68', '59', '72', '67', '73', '74', '61', '80', '79', '81', '85', '63', '64', '65', '66', '69', '71', '75', '76', '78', '83', '84', '86', '88', '89']"
428,1386,1.6923076923076923,33252,1544,1079,693.8461538461538,"[0, 2, 0, 0, 1, 0, 3, 0, 2, 0, 2, 2, 3, 2, 2, 0, 2, 1, 0, 2, 0, 0, 1, 3, 1, 3, 1, 0, 3, 0, 1, 3, 3, 1, 2, 3, 2, 3, 0, 1, 1, 2, 1, 3, 2, 1, 0, 1, 2, 3, 3, 3, 0, 2, 1, 1, 1, 2, 3, 3, 2, 0, 3, 2, 0, 1, 2, 2, 2, 1, 3, 2, 1, 1, 0, 3, 0, 0, 0, 0, 1, 2, 1, 1, 3, 1, 2, 2, 3, 3]","['0', '1', '7', '3', '4', '8', '6', '5', '2', '11', '12', '14', '15', '16', '9', '18', '26', '23', '24', '13', '21', '34', '87', '36', '37', '25', '10', '17', '20', '28', '35', '44', '22', '33', '42', '19', '38', '43', '41', '29', '51', '48', '60', '45', '30', '27', '58', '32', '47', '52', '53', '62', '31', '40', '46', '82', '50', '55', '39', '57', '77', '59', '61', '54', '63', '49', '64', '70', '56', '65', '67', '66', '69', '71', '68', '75', '72', '73', '80', '85', '74', '76', '81', '79', '78', '83', '84', '86', '88', '89']"
429,1568,1.8672223876153617,32319,1420,951,784.9336111938077,"[3, 2, 0, 0, 2, 2, 0, 1, 1, 0, 3, 3, 1, 1, 3, 3, 0, 0, 1, 0, 3, 2, 2, 0, 1, 2, 1, 0, 3, 0, 3, 3, 0, 2, 0, 0, 0, 1, 2, 0, 0, 0, 0, 3, 0, 3, 3, 0, 0, 2, 2, 2, 1, 3, 0, 2, 1, 3, 2, 2, 2, 0, 1, 3, 0, 2, 0, 2, 3, 3, 1, 3, 1, 1, 2, 0, 0, 2, 3, 1, 3, 3, 3, 2, 3, 0, 2, 0, 1, 2]","['0', '1', '8', '2', '5', '4', '7', '10', '3', '16', '11', '12', '87', '17', '6', '9', '23', '22', '25', '38', '21', '35', '27', '43', '15', '24', '18', '34', '44', '20', '37', '36', '19', '41', '26', '47', '32', '45', '53', '54', '49', '70', '51', '59', '46', '33', '30', '60', '55', '42', '58', '48', '31', '13', '62', '28', '14', '52', '29', '82', '39', '40', '77', '50', '57', '61', '63', '64', '56', '65', '67', '68', '72', '74', '66', '73', '69', '79', '80', '85', '71', '75', '81', '76', '78', '83', '84', '86', '88', '89']"
430,1377,1.6550480769230769,31707,1484,1040,689.3275240384615,"[0, 2, 3, 1, 0, 1, 0, 1, 3, 0, 0, 2, 3, 1, 3, 3, 2, 0, 3, 2, 1, 2, 0, 3, 2, 1, 0, 2, 0, 0, 2, 3, 3, 3, 1, 1, 2, 3, 1, 2, 3, 0, 0, 2, 2, 1, 2, 1, 3, 3, 1, 2, 2, 3, 2, 2, 0, 0, 0, 0, 3, 2, 1, 0, 3, 0, 3, 0, 2, 2, 3, 2, 1, 0, 1, 3, 1, 2, 0, 1, 1, 3, 1, 2, 3, 3, 0, 0, 1, 2]","['0', '2', '1', '17', '3', '5', '10', '4', '11', '6', '13', '9', '25', '8', '28', '24', '26', '27', '18', '23', '22', '14', '15', '20', '21', '33', '34', '7', '38', '32', '36', '42', '12', '41', '35', '43', '46', '47', '45', '51', '59', '53', '58', '62', '19', '54', '55', '48', '16', '87', '37', '60', '30', '31', '29', '39', '49', '82', '44', '40', '70', '52', '50', '56', '77', '68', '57', '72', '74', '73', '67', '61', '80', '63', '79', '81', '85', '64', '65', '66', '69', '71', '75', '76', '78', '83', '84', '86', '88', '89']"
431,1307,1.5694986490543381,33123,1356,916,654.2847493245272,"[3, 1, 2, 1, 3, 1, 3, 0, 2, 1, 3, 3, 1, 3, 2, 2, 3, 3, 0, 0, 2, 3, 1, 0, 2, 2, 2, 2, 0, 3, 1, 0, 0, 0, 3, 2, 1, 1, 3, 2, 3, 3, 1, 3, 3, 1, 2, 1, 0, 3, 3, 1, 3, 2, 1, 1, 3, 0, 2, 3, 3, 3, 0, 0, 1, 3, 1, 3, 3, 1, 1, 2, 0, 0, 0, 0, 1, 1, 2, 3, 3, 0, 0, 2, 0, 0, 2, 1, 3, 0]","['0', '1', '5', '8', '10', '7', '12', '3', '11', '4', '2', '17', '16', '87', '6', '15', '19', '9', '26', '25', '30', '24', '18', '21', '20', '34', '35', '45', '33', '43', '32', '55', '37', '44', '36', '41', '47', '54', '27', '48', '42', '23', '53', '22', '14', '46', '51', '49', '59', '13', '70', '38', '29', '28', '52', '82', '31', '60', '58', '40', '62', '39', '50', '77', '57', '61', '63', '64', '65', '56', '67', '66', '69', '68', '72', '71', '75', '73', '74', '76', '79', '80', '78', '83', '85', '81', '84', '86', '88', '89']"
432,1402,1.6790419161676646,30671,1373,1001,701.8395209580839,"[0, 0, 3, 0, 2, 1, 1, 3, 3, 3, 3, 3, 3, 1, 2, 1, 3, 2, 1, 0, 2, 1, 3, 0, 2, 2, 2, 3, 1, 0, 2, 0, 3, 2, 3, 3, 0, 2, 2, 0, 3, 3, 0, 3, 2, 0, 2, 0, 2, 2, 2, 0, 2, 0, 1, 3, 3, 3, 1, 1, 1, 1, 0, 0, 0, 2, 3, 3, 0, 1, 0, 0, 3, 3, 1, 0, 0, 3, 2, 0, 0, 2, 3, 0, 3, 1, 2, 0, 1, 1]","['0', '2', '17', '1', '8', '3', '4', '5', '7', '12', '11', '10', '16', '87', '6', '15', '14', '9', '13', '28', '21', '23', '22', '37', '24', '38', '26', '18', '35', '27', '20', '45', '32', '54', '36', '46', '34', '33', '19', '25', '30', '44', '29', '31', '42', '39', '40', '43', '53', '82', '55', '49', '70', '41', '77', '47', '50', '52', '48', '57', '51', '56', '58', '59', '62', '60', '67', '68', '61', '63', '72', '74', '73', '80', '79', '81', '85', '64', '65', '66', '69', '71', '75', '76', '78', '83', '84', '86', '88', '89']"
433,1261,1.517905507071923,32661,1453,983,631.2589527535359,"[1, 3, 2, 3, 0, 0, 3, 2, 1, 2, 0, 1, 1, 0, 2, 0, 0, 3, 1, 0, 3, 2, 1, 3, 3, 0, 2, 3, 1, 1, 1, 2, 0, 3, 1, 2, 0, 1, 2, 2, 3, 1, 2, 1, 2, 1, 2, 0, 0, 1, 1, 0, 3, 3, 3, 2, 3, 2, 3, 0, 2, 1, 1, 0, 3, 0, 3, 2, 2, 1, 3, 0, 1, 2, 3, 2, 3, 3, 0, 2, 2, 3, 2, 3, 1, 1, 3, 0, 1, 0]","['0', '1', '4', '6', '14', '2', '8', '3', '17', '13', '5', '12', '7', '11', '15', '10', '19', '29', '16', '82', '28', '9', '21', '35', '24', '37', '87', '46', '43', '34', '23', '44', '26', '25', '30', '45', '36', '55', '27', '53', '18', '54', '22', '20', '38', '32', '41', '51', '60', '49', '70', '33', '48', '59', '58', '62', '47', '31', '52', '42', '40', '50', '39', '56', '68', '57', '72', '67', '74', '77', '73', '61', '80', '81', '79', '85', '63', '64', '65', '66', '69', '71', '75', '76', '78', '83', '84', '86', '88', '89']"
434,1567,1.83007299270073,33695,1541,1046,784.4150364963504,"[2, 0, 3, 1, 3, 3, 0, 2, 0, 3, 3, 0, 2, 1, 2, 2, 3, 3, 0, 1, 1, 3, 1, 1, 3, 2, 2, 3, 2, 2, 1, 1, 2, 0, 0, 1, 3, 2, 2, 2, 0, 0, 2, 3, 3, 0, 2, 3, 1, 3, 2, 0, 2, 1, 3, 1, 2, 3, 0, 0, 0, 1, 2, 0, 1, 2, 2, 1, 2, 0, 1, 3, 2, 2, 3, 0, 2, 2, 1, 0, 0, 2, 3, 3, 3, 0, 0, 1, 2, 2]","['0', '2', '17', '1', '3', '8', '4', '5', '10', '6', '12', '15', '19', '30', '9', '13', '28', '24', '25', '26', '14', '18', '20', '32', '33', '23', '27', '11', '22', '7', '16', '87', '21', '35', '34', '46', '37', '44', '45', '54', '38', '41', '47', '49', '31', '52', '43', '48', '40', '70', '29', '55', '82', '53', '50', '36', '51', '39', '42', '77', '58', '59', '62', '57', '60', '56', '67', '61', '63', '64', '68', '65', '66', '72', '74', '69', '73', '79', '71', '80', '81', '75', '76', '78', '83', '84', '85', '86', '88', '89']"
435,1356,1.5622119815668203,31260,1353,957,678.7811059907834,"[1, 2, 1, 3, 3, 2, 3, 2, 0, 2, 1, 0, 1, 0, 1, 3, 1, 0, 1, 1, 1, 3, 0, 0, 0, 2, 2, 3, 2, 0, 0, 2, 3, 2, 3, 3, 0, 0, 1, 0, 0, 2, 1, 2, 3, 3, 0, 2, 2, 3, 0, 0, 1, 3, 1, 0, 2, 1, 3, 3, 0, 0, 1, 0, 3, 3, 1, 1, 0, 2, 0, 3, 2, 3, 0, 2, 1, 3, 2, 3, 3, 3, 1, 1, 1, 0, 1, 3, 1, 3]","['0', '2', '1', '8', '17', '4', '3', '7', '16', '6', '14', '13', '87', '5', '12', '11', '9', '25', '10', '23', '22', '26', '21', '15', '36', '19', '18', '29', '82', '27', '34', '24', '35', '45', '30', '44', '46', '38', '20', '28', '37', '54', '32', '33', '55', '31', '39', '40', '50', '57', '53', '77', '42', '49', '41', '70', '48', '47', '56', '68', '43', '51', '72', '73', '74', '60', '58', '67', '62', '52', '59', '61', '63', '64', '80', '81', '79', '85', '65', '66', '69', '71', '75', '76', '78', '83', '84', '86', '88', '89']"
436,1547,1.7791834387579069,33409,1474,1001,774.3895917193789,"[0, 2, 3, 2, 1, 3, 3, 1, 2, 3, 0, 2, 0, 0, 3, 2, 2, 2, 0, 1, 2, 3, 0, 2, 2, 3, 2, 0, 0, 0, 0, 0, 1, 3, 0, 1, 0, 1, 1, 1, 1, 3, 3, 2, 1, 3, 3, 0, 0, 1, 2, 1, 1, 3, 3, 1, 0, 3, 1, 2, 3, 2, 0, 1, 1, 2, 3, 2, 3, 0, 1, 0, 2, 0, 3, 0, 1, 2, 0, 0, 3, 1, 2, 0, 1, 1, 2, 0, 2, 1]","['0', '2', '1', '17', '4', '7', '5', '11', '3', '12', '8', '16', '6', '14', '13', '15', '9', '21', '18', '20', '35', '23', '26', '36', '22', '46', '38', '43', '34', '27', '10', '28', '41', '45', '44', '24', '32', '25', '47', '51', '59', '87', '55', '48', '58', '33', '19', '37', '42', '29', '53', '30', '62', '54', '60', '49', '52', '31', '40', '50', '82', '57', '56', '67', '68', '61', '72', '74', '39', '77', '70', '73', '80', '63', '85', '64', '79', '65', '66', '81', '69', '71', '75', '76', '78', '83', '84', '86', '88', '89']"
437,1476,1.7519287833827892,32371,1420,972,738.8759643916914,"[2, 2, 0, 3, 0, 3, 1, 2, 1, 0, 0, 2, 1, 1, 0, 1, 2, 0, 1, 1, 2, 2, 3, 0, 0, 3, 2, 3, 1, 3, 0, 1, 0, 2, 2, 2, 1, 3, 1, 1, 1, 1, 3, 3, 0, 0, 1, 2, 0, 0, 3, 0, 1, 0, 0, 2, 2, 3, 0, 3, 0, 0, 3, 0, 1, 2, 2, 2, 2, 0, 1, 0, 0, 0, 1, 0, 2, 1, 1, 1, 3, 2, 0, 2, 3, 1, 3, 2, 0, 0]","['0', '2', '1', '5', '10', '7', '8', '12', '16', '17', '3', '4', '11', '87', '6', '13', '15', '9', '21', '27', '23', '37', '35', '18', '43', '44', '14', '19', '36', '28', '46', '25', '26', '20', '45', '54', '34', '32', '55', '29', '24', '82', '41', '48', '53', '51', '58', '22', '62', '59', '47', '60', '38', '33', '30', '49', '42', '52', '70', '31', '39', '40', '77', '50', '56', '67', '68', '57', '72', '61', '74', '63', '73', '64', '65', '80', '79', '66', '85', '69', '81', '71', '75', '76', '78', '83', '84', '86', '88', '89']"
438,1464,1.7665158371040723,32096,1477,967,732.8832579185521,"[2, 1, 0, 3, 1, 1, 3, 0, 0, 3, 2, 0, 2, 1, 3, 3, 2, 0, 3, 3, 1, 1, 2, 0, 1, 0, 2, 0, 1, 3, 2, 1, 3, 2, 3, 3, 1, 3, 0, 0, 3, 2, 3, 3, 1, 2, 1, 2, 1, 0, 1, 2, 0, 1, 2, 3, 0, 3, 1, 2, 2, 2, 3, 1, 0, 2, 3, 1, 3, 1, 1, 2, 1, 1, 2, 3, 1, 3, 2, 3, 3, 3, 3, 0, 3, 2, 0, 0, 2, 3]","['0', '2', '1', '4', '17', '3', '8', '7', '6', '13', '5', '16', '11', '15', '14', '10', '12', '9', '22', '26', '27', '23', '21', '87', '18', '20', '34', '36', '37', '19', '25', '35', '46', '32', '45', '44', '55', '41', '49', '29', '70', '38', '24', '54', '53', '33', '82', '43', '51', '60', '42', '30', '47', '59', '28', '48', '58', '62', '31', '52', '40', '50', '57', '56', '61', '63', '67', '64', '65', '66', '39', '77', '68', '69', '71', '75', '72', '73', '74', '79', '76', '80', '81', '85', '78', '83', '84', '86', '88', '89']"
439,1377,1.597911227154047,33041,1449,1014,689.298955613577,"[0, 3, 2, 2, 3, 2, 1, 1, 3, 0, 3, 0, 0, 0, 3, 3, 1, 2, 0, 3, 0, 2, 0, 1, 0, 3, 3, 2, 0, 2, 3, 3, 2, 2, 0, 3, 3, 0, 1, 2, 3, 3, 3, 3, 0, 1, 3, 3, 3, 2, 2, 3, 2, 1, 2, 1, 2, 1, 3, 2, 0, 1, 2, 2, 3, 1, 0, 3, 1, 3, 0, 2, 0, 1, 3, 0, 2, 1, 0, 2, 1, 0, 0, 0, 1, 1, 0, 2, 3, 3]","['0', '2', '1', '5', '10', '3', '4', '6', '17', '14', '7', '11', '9', '12', '23', '21', '26', '37', '36', '25', '13', '22', '27', '18', '38', '34', '15', '20', '35', '44', '28', '45', '8', '24', '16', '19', '55', '30', '87', '29', '32', '33', '82', '42', '31', '54', '46', '49', '43', '40', '50', '70', '53', '57', '41', '51', '59', '60', '48', '39', '56', '68', '72', '73', '74', '79', '77', '61', '47', '80', '63', '58', '85', '62', '52', '67', '64', '65', '66', '69', '81', '71', '75', '76', '78', '83', '84', '86', '88', '89']"
440,1506,1.7870068229012162,32715,1440,991,753.8935034114506,"[3, 3, 1, 2, 0, 0, 3, 3, 0, 0, 3, 1, 0, 2, 1, 1, 2, 3, 0, 0, 1, 1, 0, 2, 2, 2, 3, 2, 1, 1, 1, 3, 3, 3, 3, 3, 0, 2, 0, 3, 3, 2, 2, 2, 2, 2, 2, 0, 1, 3, 1, 1, 1, 1, 0, 1, 0, 2, 0, 2, 2, 2, 2, 0, 1, 2, 1, 0, 2, 3, 3, 2, 1, 3, 0, 0, 3, 0, 2, 2, 2, 2, 1, 1, 2, 0, 1, 0, 2, 3]","['0', '2', '1', '4', '8', '3', '17', '5', '6', '14', '7', '9', '22', '23', '15', '26', '10', '11', '27', '12', '25', '19', '30', '38', '21', '37', '36', '35', '16', '29', '45', '87', '53', '82', '13', '28', '18', '20', '44', '55', '32', '49', '43', '33', '31', '46', '40', '70', '34', '54', '41', '47', '52', '50', '42', '24', '48', '51', '57', '56', '67', '59', '39', '68', '77', '60', '61', '58', '62', '72', '63', '74', '64', '73', '80', '65', '66', '85', '69', '81', '79', '71', '75', '76', '78', '83', '84', '86', '88', '89']"
441,1431,1.690989660265879,33035,1444,1052,716.3454948301329,"[0, 1, 1, 0, 0, 2, 3, 3, 0, 2, 0, 1, 1, 1, 3, 3, 0, 0, 1, 1, 2, 1, 1, 3, 0, 2, 1, 3, 2, 1, 1, 3, 2, 3, 1, 2, 1, 3, 3, 0, 3, 1, 0, 1, 2, 1, 0, 2, 0, 1, 2, 2, 1, 0, 0, 0, 3, 1, 1, 0, 3, 2, 0, 2, 0, 1, 1, 2, 0, 0, 3, 2, 1, 3, 0, 3, 0, 0, 0, 2, 3, 2, 0, 1, 3, 3, 0, 3, 1, 2]","['0', '2', '1', '5', '11', '7', '8', '3', '10', '4', '16', '17', '12', '87', '6', '14', '13', '9', '15', '27', '18', '19', '30', '26', '20', '32', '31', '24', '21', '28', '35', '25', '43', '44', '36', '22', '33', '42', '34', '23', '45', '38', '40', '39', '54', '41', '55', '51', '60', '47', '59', '48', '77', '46', '53', '29', '58', '82', '52', '62', '37', '50', '56', '49', '67', '57', '61', '63', '64', '70', '65', '68', '72', '73', '74', '66', '80', '79', '81', '85', '69', '71', '75', '76', '78', '83', '84', '86', '88', '89']"
442,1332,1.5519953393533352,33261,1361,921,666.7759976696767,"[0, 3, 1, 2, 2, 1, 1, 1, 2, 1, 1, 1, 1, 0, 3, 2, 0, 3, 2, 0, 0, 2, 2, 0, 2, 0, 1, 2, 0, 1, 2, 1, 3, 0, 3, 2, 3, 3, 3, 3, 0, 1, 1, 0, 0, 1, 0, 3, 3, 2, 2, 1, 2, 3, 0, 3, 3, 2, 1, 0, 2, 1, 3, 0, 0, 3, 2, 3, 1, 1, 1, 3, 3, 0, 3, 3, 2, 0, 3, 0, 2, 1, 1, 1, 1, 0, 0, 3, 0, 0]","['0', '1', '7', '8', '2', '4', '6', '17', '15', '3', '13', '16', '87', '5', '9', '10', '26', '22', '11', '28', '14', '18', '21', '34', '25', '24', '37', '36', '35', '12', '27', '44', '23', '43', '45', '20', '41', '48', '54', '38', '32', '47', '33', '19', '51', '53', '58', '59', '29', '46', '62', '55', '42', '30', '60', '82', '52', '31', '49', '40', '39', '70', '50', '77', '57', '56', '67', '68', '61', '72', '73', '74', '79', '80', '85', '81', '63', '64', '65', '66', '69', '71', '75', '76', '78', '83', '84', '86', '88', '89']"
443,1282,1.5759065765212046,32568,1458,996,641.7879532882606,"[1, 3, 3, 3, 3, 0, 3, 0, 3, 3, 0, 2, 2, 1, 2, 3, 2, 2, 0, 2, 2, 1, 2, 2, 0, 2, 1, 1, 0, 3, 3, 0, 0, 3, 2, 3, 1, 3, 2, 3, 2, 0, 1, 2, 1, 0, 1, 2, 3, 3, 2, 1, 2, 1, 2, 1, 1, 3, 0, 2, 0, 3, 0, 3, 0, 0, 0, 3, 1, 2, 3, 3, 1, 0, 0, 2, 0, 0, 0, 1, 0, 1, 3, 2, 3, 3, 2, 0, 1, 1]","['0', '1', '2', '3', '8', '7', '5', '4', '11', '12', '17', '10', '16', '87', '6', '15', '9', '23', '19', '30', '22', '26', '24', '18', '38', '27', '21', '14', '20', '33', '37', '29', '31', '40', '34', '82', '50', '13', '35', '44', '25', '39', '46', '28', '77', '32', '49', '36', '42', '70', '45', '55', '43', '53', '41', '51', '60', '59', '54', '58', '48', '57', '61', '63', '64', '62', '65', '47', '66', '56', '52', '67', '68', '72', '74', '69', '71', '75', '73', '79', '80', '81', '76', '85', '78', '83', '84', '86', '88', '89']"
444,1419,1.6669603524229075,33109,1478,1010,710.3334801762114,"[3, 3, 1, 0, 2, 0, 3, 3, 3, 2, 2, 1, 1, 0, 3, 2, 2, 0, 3, 2, 0, 1, 0, 0, 0, 0, 2, 3, 1, 0, 0, 2, 1, 2, 3, 1, 2, 1, 2, 2, 3, 3, 3, 3, 0, 2, 1, 2, 0, 0, 2, 0, 3, 2, 3, 1, 3, 3, 0, 1, 2, 3, 0, 3, 3, 2, 3, 3, 2, 0, 3, 0, 2, 0, 0, 1, 3, 3, 0, 2, 1, 3, 0, 0, 3, 3, 0, 0, 2, 1]","['0', '2', '17', '1', '4', '8', '6', '14', '3', '15', '5', '10', '7', '13', '9', '27', '18', '23', '21', '26', '25', '35', '24', '11', '22', '46', '45', '16', '34', '12', '19', '37', '44', '53', '87', '38', '55', '30', '29', '31', '54', '28', '82', '39', '36', '40', '50', '77', '57', '43', '20', '41', '32', '47', '52', '49', '48', '51', '59', '56', '33', '58', '42', '60', '68', '72', '70', '73', '62', '74', '67', '61', '63', '80', '81', '64', '85', '65', '79', '66', '69', '71', '75', '76', '78', '83', '84', '86', '88', '89']"
445,1783,2.0672463768115943,33735,1474,1030,892.5336231884058,"[3, 2, 3, 2, 0, 3, 1, 3, 0, 2, 0, 3, 1, 1, 2, 1, 1, 1, 3, 1, 0, 2, 3, 2, 1, 0, 0, 0, 2, 2, 3, 0, 1, 1, 3, 1, 1, 1, 1, 3, 0, 1, 1, 1, 3, 0, 2, 1, 1, 3, 3, 0, 2, 0, 2, 1, 0, 3, 2, 1, 0, 1, 3, 0, 0, 0, 1, 1, 1, 3, 2, 0, 0, 0, 3, 2, 1, 2, 1, 1, 3, 2, 2, 0, 1, 0, 0, 1, 3, 3]","['0', '1', '7', '4', '3', '2', '5', '6', '12', '17', '14', '9', '18', '25', '15', '11', '21', '23', '26', '19', '27', '35', '24', '10', '8', '22', '29', '44', '38', '30', '82', '36', '45', '20', '55', '53', '33', '43', '37', '32', '42', '13', '46', '34', '54', '41', '49', '31', '28', '70', '40', '48', '16', '50', '57', '47', '39', '51', '52', '56', '60', '59', '87', '68', '77', '61', '63', '72', '58', '73', '67', '79', '62', '64', '80', '85', '74', '65', '81', '66', '69', '71', '75', '76', '78', '83', '84', '86', '88', '89']"
446,1346,1.6394640682095005,31879,1371,908,673.8197320341047,"[2, 0, 0, 0, 2, 0, 2, 3, 1, 3, 3, 0, 0, 0, 3, 2, 3, 2, 1, 3, 1, 1, 3, 1, 2, 3, 0, 3, 2, 2, 1, 0, 3, 3, 2, 2, 2, 3, 1, 3, 2, 2, 1, 0, 1, 0, 2, 1, 2, 1, 1, 0, 3, 0, 2, 1, 3, 2, 1, 2, 1, 3, 0, 0, 3, 2, 2, 0, 0, 3, 3, 3, 3, 1, 0, 3, 3, 0, 0, 0, 1, 3, 3, 2, 0, 1, 1, 1, 1, 2]","['0', '2', '1', '7', '17', '3', '4', '6', '15', '5', '13', '8', '11', '10', '14', '12', '9', '28', '26', '24', '22', '23', '19', '21', '38', '18', '30', '20', '35', '33', '44', '45', '54', '53', '29', '82', '46', '37', '36', '16', '42', '87', '34', '55', '27', '43', '32', '25', '41', '51', '60', '49', '70', '48', '31', '39', '47', '40', '58', '50', '56', '57', '77', '68', '67', '52', '72', '62', '61', '73', '74', '59', '63', '80', '79', '81', '85', '64', '65', '66', '69', '71', '75', '76', '78', '83', '84', '86', '88', '89']"
447,1390,1.6601970737533591,32412,1435,1050,695.8300985368767,"[1, 2, 0, 0, 2, 0, 0, 3, 1, 2, 0, 1, 0, 1, 1, 1, 2, 0, 2, 3, 2, 2, 0, 3, 2, 0, 3, 1, 2, 2, 2, 3, 0, 2, 1, 2, 0, 3, 2, 3, 1, 0, 3, 1, 0, 2, 1, 2, 1, 0, 0, 0, 2, 1, 2, 0, 2, 1, 0, 1, 3, 0, 3, 1, 1, 1, 2, 0, 0, 3, 1, 3, 2, 0, 3, 2, 1, 2, 1, 2, 3, 1, 0, 2, 2, 1, 3, 0, 3, 3]","['0', '1', '3', '4', '6', '13', '2', '15', '7', '14', '5', '9', '25', '12', '11', '24', '10', '23', '27', '28', '21', '34', '17', '22', '18', '20', '26', '35', '38', '36', '46', '19', '37', '44', '32', '49', '45', '70', '33', '8', '54', '41', '16', '53', '29', '42', '48', '87', '82', '30', '55', '31', '43', '39', '77', '47', '52', '40', '50', '57', '51', '56', '59', '68', '72', '60', '58', '62', '61', '63', '67', '74', '64', '65', '66', '69', '73', '71', '80', '75', '85', '76', '79', '78', '81', '83', '84', '86', '88', '89']"
448,1472,1.8011624349954114,31843,1492,999,736.9005812174977,"[3, 0, 2, 2, 0, 1, 2, 1, 3, 0, 2, 2, 0, 3, 1, 1, 1, 0, 0, 3, 2, 0, 2, 2, 3, 3, 3, 0, 2, 1, 2, 3, 2, 1, 1, 2, 0, 3, 1, 1, 1, 2, 2, 2, 2, 3, 3, 2, 1, 0, 3, 1, 3, 2, 1, 3, 2, 2, 1, 3, 1, 1, 1, 0, 0, 1, 2, 2, 3, 0, 3, 0, 3, 1, 1, 1, 3, 2, 3, 3, 1, 1, 1, 2, 3, 0, 2, 3, 0, 0]","['0', '1', '2', '4', '3', '7', '5', '12', '17', '10', '8', '11', '6', '16', '14', '15', '87', '13', '9', '27', '24', '22', '28', '26', '21', '34', '36', '25', '18', '35', '37', '43', '44', '20', '23', '38', '32', '46', '45', '49', '54', '55', '19', '41', '70', '29', '47', '33', '42', '53', '30', '52', '82', '48', '31', '40', '51', '58', '50', '60', '57', '39', '56', '61', '62', '59', '68', '72', '67', '73', '80', '81', '74', '79', '77', '85', '63', '64', '65', '66', '69', '71', '75', '76', '78', '83', '84', '86', '88', '89']"
449,1457,1.7298901751261502,32738,1582,1077,729.3649450875631,"[3, 1, 2, 3, 1, 3, 3, 2, 1, 0, 3, 3, 1, 1, 3, 2, 1, 3, 2, 2, 0, 2, 1, 0, 2, 3, 2, 0, 0, 3, 0, 1, 1, 2, 3, 0, 1, 1, 3, 0, 2, 0, 3, 3, 2, 2, 3, 0, 0, 3, 2, 0, 2, 0, 0, 2, 0, 1, 1, 1, 3, 2, 0, 0, 2, 0, 1, 2, 1, 3, 2, 2, 3, 3, 2, 1, 3, 3, 1, 2, 0, 3, 3, 1, 3, 0, 1, 0, 3, 3]","['0', '1', '5', '12', '8', '11', '7', '3', '2', '16', '17', '10', '87', '4', '6', '15', '14', '9', '24', '25', '21', '26', '22', '18', '13', '27', '37', '28', '35', '36', '19', '46', '23', '20', '43', '33', '42', '44', '34', '32', '29', '30', '49', '82', '41', '48', '51', '47', '60', '58', '59', '31', '40', '70', '50', '57', '38', '39', '56', '77', '68', '45', '54', '67', '53', '55', '61', '52', '63', '62', '64', '65', '66', '69', '71', '72', '74', '75', '73', '80', '76', '85', '81', '79', '78', '83', '84', '86', '88', '89']"
450,1556,1.839243498817967,32694,1491,1034,778.919621749409,"[0, 3, 2, 2, 0, 2, 1, 1, 0, 3, 1, 3, 3, 1, 0, 0, 3, 3, 1, 0, 1, 1, 1, 2, 3, 0, 0, 2, 0, 2, 0, 0, 0, 0, 2, 3, 3, 3, 0, 1, 2, 0, 1, 2, 3, 1, 1, 3, 2, 1, 3, 1, 1, 1, 2, 2, 3, 3, 1, 2, 1, 1, 0, 1, 3, 3, 3, 1, 2, 3, 3, 1, 1, 2, 3, 0, 1, 1, 1, 0, 1, 1, 1, 0, 1, 0, 3, 3, 2, 2]","['0', '2', '17', '1', '5', '10', '7', '3', '12', '4', '11', '6', '8', '14', '15', '16', '9', '22', '24', '25', '23', '18', '38', '21', '34', '19', '36', '26', '29', '20', '41', '35', '48', '13', '33', '43', '44', '45', '82', '53', '47', '54', '37', '27', '42', '51', '60', '87', '30', '31', '28', '52', '55', '32', '59', '39', '77', '46', '58', '62', '49', '40', '70', '50', '57', '61', '56', '63', '67', '64', '68', '65', '72', '66', '69', '73', '71', '80', '85', '75', '79', '74', '81', '76', '78', '83', '84', '86', '88', '89']"
451,1360,1.607565011820331,31992,1514,1017,680.8037825059101,"[2, 2, 3, 3, 1, 3, 1, 2, 1, 1, 3, 3, 0, 3, 1, 2, 3, 2, 3, 0, 3, 2, 2, 0, 3, 3, 0, 1, 0, 2, 1, 3, 3, 1, 2, 3, 0, 3, 1, 0, 1, 3, 0, 1, 3, 2, 1, 0, 3, 1, 0, 2, 1, 0, 0, 0, 1, 3, 3, 0, 0, 1, 1, 1, 2, 2, 2, 0, 1, 3, 1, 1, 0, 0, 2, 1, 2, 3, 3, 1, 3, 0, 1, 3, 0, 3, 2, 0, 1, 3]","['0', '2', '17', '1', '3', '4', '5', '11', '7', '6', '15', '10', '9', '8', '26', '21', '13', '18', '22', '34', '14', '37', '20', '25', '36', '28', '32', '24', '27', '41', '47', '35', '43', '16', '12', '44', '48', '87', '19', '52', '29', '46', '45', '55', '54', '33', '51', '60', '82', '23', '42', '59', '38', '30', '31', '49', '58', '70', '39', '53', '40', '62', '50', '77', '57', '61', '56', '63', '64', '65', '67', '68', '72', '74', '73', '66', '69', '71', '80', '81', '85', '79', '75', '76', '78', '83', '84', '86', '88', '89']"
452,1475,1.7765733212887684,32825,1519,1077,738.3882866606444,"[0, 3, 1, 0, 0, 3, 1, 2, 3, 3, 1, 1, 3, 3, 3, 3, 3, 0, 2, 2, 2, 3, 0, 0, 2, 2, 2, 2, 0, 0, 1, 3, 2, 0, 2, 0, 1, 3, 0, 3, 1, 0, 2, 3, 1, 0, 1, 1, 3, 3, 3, 2, 0, 0, 1, 1, 0, 2, 2, 2, 0, 2, 2, 0, 2, 0, 0, 2, 0, 1, 2, 1, 0, 3, 2, 2, 3, 0, 3, 2, 3, 0, 1, 3, 0, 2, 0, 1, 1, 1]","['0', '1', '5', '8', '12', '2', '17', '4', '6', '14', '7', '11', '10', '3', '16', '87', '13', '28', '15', '9', '19', '22', '27', '21', '26', '35', '29', '34', '30', '23', '82', '45', '55', '53', '46', '25', '31', '18', '24', '20', '32', '36', '37', '54', '44', '41', '38', '43', '48', '40', '51', '59', '49', '39', '77', '33', '60', '42', '70', '58', '50', '56', '57', '67', '61', '63', '64', '62', '65', '66', '47', '68', '72', '73', '80', '81', '79', '74', '52', '69', '71', '75', '76', '78', '85', '83', '84', '86', '88', '89']"
453,1536,1.7991215226939972,31107,1251,835,768.899560761347,"[0, 2, 0, 0, 3, 2, 2, 1, 3, 1, 2, 3, 1, 1, 2, 2, 2, 1, 3, 2, 3, 1, 0, 0, 3, 0, 1, 1, 1, 1, 0, 1, 3, 1, 2, 0, 2, 3, 0, 3, 2, 3, 0, 3, 1, 0, 1, 2, 1, 1, 1, 0, 0, 3, 3, 0, 2, 0, 0, 2, 3, 0, 0, 2, 2, 1, 0, 3, 3, 3, 3, 2, 3, 2, 1, 2, 1, 1, 2, 2, 2, 3, 1, 2, 1, 3, 1, 1, 1, 0]","['0', '1', '2', '17', '5', '12', '4', '3', '10', '7', '8', '16', '87', '11', '6', '9', '21', '37', '14', '15', '34', '23', '18', '27', '25', '36', '19', '13', '26', '28', '22', '30', '20', '33', '32', '38', '35', '43', '45', '29', '46', '82', '55', '49', '42', '53', '70', '44', '41', '48', '54', '51', '31', '47', '59', '24', '40', '60', '58', '52', '39', '50', '56', '77', '68', '72', '74', '67', '62', '57', '61', '63', '73', '79', '80', '85', '81', '64', '65', '66', '69', '71', '75', '76', '78', '83', '84', '86', '88', '89']"
454,1406,1.6546042953809945,33976,1473,1021,703.8273021476905,"[2, 1, 1, 0, 0, 1, 3, 0, 3, 0, 3, 3, 3, 0, 0, 2, 1, 1, 2, 1, 3, 2, 2, 0, 0, 1, 1, 3, 2, 2, 1, 2, 1, 0, 1, 2, 2, 3, 3, 1, 0, 2, 0, 3, 2, 3, 1, 0, 1, 2, 1, 1, 2, 3, 1, 0, 1, 2, 1, 3, 3, 0, 0, 0, 3, 0, 2, 0, 0, 1, 2, 3, 1, 2, 1, 2, 2, 0, 3, 3, 3, 0, 3, 1, 3, 0, 2, 1, 0, 3]","['0', '1', '4', '7', '8', '6', '15', '3', '13', '14', '2', '16', '17', '5', '12', '9', '22', '10', '23', '21', '26', '28', '24', '34', '27', '87', '35', '18', '46', '45', '20', '54', '32', '11', '44', '33', '25', '43', '37', '41', '48', '49', '36', '70', '53', '19', '38', '55', '51', '29', '47', '30', '42', '60', '82', '59', '58', '31', '52', '62', '39', '77', '40', '50', '57', '61', '63', '64', '65', '56', '66', '68', '72', '74', '73', '80', '67', '81', '79', '69', '71', '75', '85', '76', '78', '83', '84', '86', '88', '89']"
455,1423,1.6960667461263408,32961,1422,961,712.3480333730631,"[3, 0, 0, 2, 1, 1, 2, 0, 1, 2, 0, 1, 2, 0, 2, 1, 3, 1, 2, 1, 1, 0, 1, 1, 0, 3, 3, 1, 1, 3, 3, 0, 3, 0, 3, 0, 2, 1, 3, 0, 1, 2, 1, 3, 3, 2, 3, 3, 0, 2, 0, 3, 2, 3, 1, 3, 2, 1, 0, 3, 2, 3, 3, 2, 2, 2, 0, 1, 2, 2, 3, 2, 1, 1, 3, 1, 1, 3, 3, 2, 3, 2, 3, 1, 2, 2, 0, 0, 0, 3]","['0', '1', '8', '5', '10', '2', '3', '11', '12', '4', '6', '14', '15', '9', '17', '19', '21', '26', '30', '25', '37', '27', '22', '31', '13', '7', '16', '35', '87', '28', '45', '36', '24', '44', '53', '46', '23', '39', '55', '77', '34', '40', '38', '43', '54', '18', '29', '20', '50', '33', '32', '82', '49', '57', '70', '42', '41', '47', '52', '48', '51', '60', '58', '56', '68', '72', '59', '62', '67', '73', '74', '79', '61', '80', '63', '64', '85', '81', '65', '66', '69', '71', '75', '76', '78', '83', '84', '86', '88', '89']"
456,1502,1.7691401648998821,30650,1319,874,751.88457008245,"[0, 0, 2, 2, 1, 2, 0, 1, 1, 1, 1, 3, 0, 3, 3, 1, 1, 1, 1, 1, 2, 2, 0, 3, 1, 0, 1, 1, 2, 3, 1, 3, 1, 3, 2, 2, 0, 1, 3, 3, 1, 1, 3, 0, 0, 0, 3, 0, 0, 0, 3, 0, 0, 1, 1, 0, 2, 0, 2, 0, 2, 2, 1, 1, 3, 2, 2, 2, 1, 0, 1, 3, 3, 1, 1, 3, 2, 3, 0, 0, 0, 0, 2, 0, 1, 0, 2, 0, 0, 0]","['0', '1', '4', '6', '3', '7', '14', '8', '13', '5', '9', '21', '18', '34', '11', '36', '27', '24', '26', '20', '41', '2', '10', '28', '33', '35', '42', '15', '23', '37', '43', '46', '47', '32', '12', '25', '22', '44', '45', '16', '52', '17', '38', '53', '87', '51', '60', '48', '58', '19', '54', '62', '55', '59', '49', '30', '29', '70', '82', '31', '40', '50', '56', '57', '68', '39', '77', '61', '67', '63', '64', '65', '66', '72', '74', '73', '69', '79', '71', '80', '75', '81', '76', '78', '85', '83', '84', '86', '88', '89']"
457,1679,1.9817055178518737,31811,1454,992,840.4908527589259,"[1, 0, 2, 2, 1, 3, 3, 1, 0, 0, 2, 0, 0, 2, 1, 0, 1, 3, 0, 2, 3, 2, 0, 2, 0, 0, 3, 1, 3, 1, 1, 3, 2, 0, 0, 0, 0, 3, 3, 0, 0, 0, 0, 3, 2, 0, 1, 2, 3, 3, 3, 1, 1, 0, 2, 0, 2, 2, 0, 2, 3, 2, 1, 1, 0, 3, 0, 1, 1, 3, 2, 0, 1, 2, 0, 3, 2, 1, 1, 1, 3, 2, 0, 0, 0, 1, 3, 3, 1, 1]","['0', '1', '5', '12', '7', '3', '2', '17', '11', '8', '10', '16', '4', '6', '13', '28', '9', '14', '87', '26', '27', '23', '24', '21', '36', '18', '25', '34', '35', '44', '43', '15', '45', '19', '30', '54', '46', '22', '55', '31', '53', '20', '40', '41', '50', '48', '33', '38', '57', '39', '47', '32', '51', '58', '62', '42', '37', '49', '77', '60', '59', '56', '68', '67', '52', '70', '61', '72', '29', '74', '82', '63', '64', '65', '73', '79', '66', '80', '81', '69', '71', '85', '75', '76', '78', '83', '84', '86', '88', '89']"
458,1567,1.831677381648159,33464,1507,1067,784.4158386908241,"[1, 2, 3, 3, 0, 1, 2, 3, 1, 2, 0, 1, 3, 3, 1, 1, 3, 0, 2, 0, 1, 2, 2, 3, 2, 2, 1, 1, 1, 0, 1, 0, 1, 3, 1, 1, 2, 0, 2, 3, 3, 1, 1, 1, 0, 0, 0, 1, 0, 2, 3, 3, 1, 0, 2, 2, 2, 3, 0, 0, 2, 2, 0, 3, 1, 2, 1, 2, 3, 0, 1, 2, 0, 2, 3, 1, 2, 1, 2, 0, 0, 3, 2, 0, 0, 1, 3, 3, 1, 3]","['0', '1', '4', '2', '8', '7', '17', '5', '11', '12', '6', '10', '16', '9', '26', '24', '3', '14', '27', '18', '25', '87', '23', '13', '22', '20', '32', '33', '28', '38', '21', '36', '34', '42', '35', '41', '43', '51', '37', '47', '60', '45', '53', '55', '44', '48', '46', '58', '59', '49', '15', '52', '54', '19', '29', '82', '30', '31', '70', '62', '39', '40', '77', '50', '57', '56', '61', '63', '64', '65', '67', '68', '72', '73', '79', '74', '66', '69', '80', '85', '81', '71', '75', '76', '78', '83', '84', '86', '88', '89']"
459,1389,1.6882406563354604,28276,1306,882,695.3441203281677,"[3, 3, 3, 2, 0, 3, 2, 1, 3, 2, 3, 1, 1, 0, 3, 3, 1, 1, 1, 1, 2, 3, 2, 0, 2, 3, 0, 1, 3, 3, 1, 3, 3, 3, 0, 3, 0, 2, 0, 1, 0, 1, 1, 3, 2, 3, 3, 2, 3, 1, 1, 3, 0, 1, 1, 2, 2, 0, 0, 2, 3, 2, 2, 2, 1, 1, 1, 1, 3, 3, 2, 1, 0, 3, 0, 2, 0, 3, 1, 1, 0, 3, 1, 3, 3, 3, 0, 1, 1, 3]","['0', '2', '1', '17', '7', '3', '8', '4', '16', '87', '6', '13', '15', '5', '12', '19', '11', '9', '23', '25', '27', '14', '24', '29', '26', '22', '82', '21', '30', '35', '44', '10', '37', '46', '45', '38', '55', '28', '53', '34', '36', '43', '31', '39', '54', '18', '40', '77', '20', '33', '42', '50', '57', '41', '51', '58', '47', '59', '32', '49', '62', '48', '70', '52', '56', '68', '67', '60', '61', '72', '73', '79', '80', '85', '74', '63', '64', '81', '65', '66', '69', '71', '75', '76', '78', '83', '84', '86', '88', '89']"
460,1393,1.6412371134020618,34022,1413,969,697.320618556701,"[3, 1, 0, 3, 0, 3, 0, 1, 1, 2, 3, 3, 3, 0, 1, 1, 1, 2, 0, 1, 0, 3, 3, 0, 2, 0, 0, 3, 3, 1, 3, 3, 0, 0, 0, 2, 3, 1, 1, 2, 3, 1, 1, 1, 0, 2, 1, 3, 3, 1, 2, 1, 1, 1, 1, 1, 0, 1, 0, 0, 3, 3, 0, 3, 2, 3, 1, 0, 1, 3, 3, 0, 2, 0, 1, 1, 2, 2, 2, 0, 3, 1, 3, 2, 2, 0, 3, 2, 2, 1]","['0', '1', '5', '7', '11', '10', '8', '4', '12', '3', '6', '14', '2', '9', '26', '25', '24', '17', '23', '27', '16', '22', '15', '19', '29', '87', '82', '21', '13', '37', '38', '28', '34', '35', '36', '30', '31', '40', '18', '50', '43', '45', '46', '54', '44', '20', '39', '33', '77', '32', '57', '41', '53', '48', '49', '55', '51', '59', '42', '56', '47', '60', '61', '58', '68', '62', '52', '67', '63', '70', '72', '74', '73', '80', '85', '79', '64', '81', '65', '66', '69', '71', '75', '76', '78', '83', '84', '86', '88', '89']"
461,1419,1.6674500587544065,33568,1529,1058,710.3337250293772,"[2, 1, 1, 3, 2, 0, 2, 1, 3, 0, 0, 3, 0, 2, 2, 2, 2, 3, 2, 1, 0, 3, 2, 3, 0, 2, 1, 0, 3, 3, 3, 3, 2, 1, 1, 2, 3, 3, 0, 0, 1, 1, 0, 2, 0, 0, 3, 0, 2, 1, 2, 3, 1, 1, 2, 3, 0, 2, 1, 1, 1, 3, 2, 3, 1, 0, 3, 2, 2, 2, 3, 2, 0, 3, 1, 2, 3, 2, 1, 2, 0, 2, 3, 2, 1, 0, 1, 0, 2, 2]","['0', '2', '17', '1', '4', '5', '8', '3', '12', '11', '10', '6', '13', '7', '15', '14', '28', '9', '16', '87', '24', '25', '27', '19', '21', '22', '18', '36', '26', '23', '35', '37', '34', '43', '20', '44', '33', '45', '46', '42', '55', '29', '82', '38', '30', '32', '31', '40', '50', '49', '41', '53', '54', '57', '51', '47', '58', '60', '59', '39', '70', '48', '52', '61', '56', '62', '77', '63', '64', '65', '67', '66', '69', '68', '71', '75', '72', '74', '73', '80', '76', '78', '85', '81', '79', '83', '84', '86', '88', '89']"
462,1536,1.78397212543554,33323,1427,1077,768.8919860627178,"[0, 1, 1, 1, 2, 3, 2, 0, 0, 3, 0, 0, 2, 3, 1, 0, 3, 3, 3, 0, 1, 2, 3, 0, 2, 3, 1, 1, 1, 1, 2, 3, 0, 2, 2, 3, 2, 0, 3, 2, 3, 3, 3, 2, 2, 1, 0, 0, 2, 2, 2, 3, 2, 3, 0, 3, 1, 1, 1, 0, 2, 2, 2, 3, 2, 0, 3, 1, 3, 2, 0, 2, 3, 0, 3, 3, 2, 3, 3, 0, 2, 0, 3, 3, 1, 3, 3, 2, 3, 2]","['0', '1', '8', '2', '17', '3', '4', '5', '6', '7', '9', '21', '37', '34', '10', '36', '18', '25', '22', '27', '11', '13', '14', '15', '20', '32', '28', '16', '33', '87', '42', '26', '35', '12', '23', '43', '44', '19', '29', '24', '82', '41', '46', '30', '38', '45', '53', '47', '54', '48', '55', '51', '52', '59', '49', '70', '31', '40', '58', '39', '77', '60', '62', '50', '57', '61', '63', '56', '64', '68', '72', '65', '66', '74', '67', '69', '73', '80', '71', '81', '85', '75', '79', '76', '78', '83', '84', '86', '88', '89']"
463,1425,1.7101710171017102,29526,1374,965,713.3550855085508,"[3, 2, 1, 3, 1, 3, 3, 3, 3, 0, 2, 3, 2, 3, 2, 2, 1, 2, 0, 3, 3, 0, 2, 1, 1, 1, 1, 1, 2, 2, 0, 3, 1, 0, 1, 1, 3, 3, 2, 0, 0, 0, 0, 1, 0, 0, 2, 3, 3, 3, 3, 0, 1, 2, 2, 3, 3, 0, 2, 3, 1, 1, 1, 3, 0, 0, 2, 1, 2, 2, 1, 1, 2, 1, 3, 3, 2, 3, 1, 0, 1, 1, 1, 0, 1, 2, 2, 1, 0, 1]","['0', '2', '17', '1', '4', '8', '6', '14', '3', '7', '16', '5', '15', '87', '11', '12', '10', '19', '30', '9', '26', '13', '25', '24', '28', '23', '18', '20', '27', '31', '22', '39', '32', '40', '29', '77', '50', '21', '35', '33', '38', '36', '44', '34', '46', '42', '57', '41', '48', '43', '37', '49', '47', '52', '51', '82', '59', '45', '70', '58', '56', '60', '55', '61', '68', '67', '53', '72', '54', '63', '64', '62', '65', '74', '66', '73', '79', '69', '80', '85', '81', '71', '75', '76', '78', '83', '84', '86', '88', '89']"
464,1393,1.6465721040189125,32725,1581,1073,697.3232860520095,"[1, 2, 2, 0, 0, 2, 3, 1, 0, 0, 2, 3, 2, 0, 3, 2, 2, 3, 3, 0, 0, 0, 1, 3, 1, 3, 3, 2, 3, 1, 2, 0, 2, 0, 3, 3, 3, 0, 1, 3, 1, 2, 0, 3, 2, 0, 0, 1, 3, 0, 0, 3, 1, 2, 1, 2, 1, 2, 0, 0, 3, 3, 3, 1, 1, 3, 2, 3, 2, 2, 0, 0, 0, 1, 3, 2, 2, 1, 1, 2, 1, 1, 2, 1, 0, 0, 1, 3, 1, 2]","['0', '2', '17', '1', '7', '8', '3', '16', '87', '4', '5', '6', '15', '11', '10', '13', '14', '28', '12', '19', '9', '29', '23', '21', '25', '26', '24', '22', '35', '46', '34', '43', '27', '38', '30', '44', '18', '82', '20', '45', '41', '53', '51', '54', '55', '37', '47', '33', '58', '52', '32', '49', '60', '70', '31', '59', '48', '39', '36', '42', '77', '40', '62', '50', '57', '56', '67', '61', '68', '63', '72', '73', '74', '80', '79', '85', '81', '64', '65', '66', '69', '71', '75', '76', '78', '83', '84', '86', '88', '89']"
465,1787,2.0968025814021707,32435,1407,1033,894.5484012907011,"[3, 1, 1, 2, 0, 1, 3, 2, 1, 0, 2, 1, 1, 2, 0, 1, 1, 3, 0, 3, 3, 3, 0, 3, 3, 2, 3, 2, 0, 1, 0, 0, 0, 2, 3, 0, 2, 0, 3, 3, 2, 2, 1, 2, 2, 0, 2, 0, 3, 2, 0, 3, 0, 2, 0, 3, 3, 0, 0, 1, 3, 2, 0, 3, 0, 1, 3, 1, 0, 0, 0, 0, 0, 0, 2, 3, 0, 3, 2, 2, 0, 2, 3, 1, 3, 2, 1, 0, 1, 0]","['0', '1', '8', '7', '2', '17', '5', '10', '4', '16', '87', '3', '12', '6', '14', '15', '9', '27', '26', '22', '11', '23', '38', '19', '30', '24', '21', '18', '13', '20', '31', '29', '33', '32', '40', '34', '37', '28', '49', '41', '82', '70', '25', '50', '35', '46', '44', '36', '43', '45', '39', '77', '55', '48', '53', '42', '47', '54', '57', '56', '51', '59', '67', '52', '58', '62', '60', '68', '61', '63', '72', '64', '73', '74', '79', '65', '80', '81', '85', '66', '69', '71', '75', '76', '78', '83', '84', '86', '88', '89']"
466,1605,1.8971631205673758,30764,1547,1063,803.4485815602837,"[3, 3, 1, 2, 2, 3, 1, 1, 3, 1, 1, 3, 0, 3, 3, 1, 0, 3, 0, 2, 3, 0, 2, 2, 2, 3, 2, 3, 3, 0, 3, 1, 1, 1, 0, 3, 1, 1, 2, 3, 2, 1, 1, 0, 1, 3, 3, 2, 1, 2, 2, 3, 0, 0, 2, 0, 0, 0, 1, 2, 3, 2, 1, 2, 2, 2, 3, 3, 0, 3, 0, 2, 2, 2, 1, 1, 3, 0, 2, 2, 2, 3, 3, 2, 2, 3, 0, 2, 1, 0]","['0', '1', '8', '5', '7', '12', '10', '4', '3', '6', '11', '14', '15', '13', '28', '2', '16', '9', '21', '22', '24', '27', '23', '34', '18', '37', '35', '20', '26', '87', '45', '36', '54', '41', '46', '32', '43', '48', '53', '47', '17', '19', '33', '29', '44', '82', '55', '49', '38', '51', '30', '70', '58', '60', '52', '59', '31', '42', '62', '25', '40', '39', '50', '56', '67', '57', '77', '68', '72', '74', '61', '63', '64', '65', '66', '69', '71', '75', '73', '76', '78', '80', '85', '81', '79', '83', '84', '86', '88', '89']"
467,1286,1.5545482018736778,29461,1275,797,643.7772741009369,"[3, 3, 1, 1, 0, 2, 2, 3, 2, 0, 0, 1, 1, 3, 0, 0, 2, 3, 3, 3, 1, 1, 2, 2, 0, 1, 1, 0, 1, 1, 2, 0, 1, 3, 3, 0, 1, 0, 1, 3, 3, 2, 1, 1, 3, 2, 2, 0, 3, 3, 2, 3, 3, 0, 2, 3, 0, 0, 1, 1, 3, 0, 2, 2, 1, 2, 0, 2, 1, 1, 2, 1, 2, 2, 2, 0, 1, 1, 2, 3, 3, 0, 1, 1, 2, 0, 1, 0, 0, 0]","['0', '1', '3', '4', '6', '7', '5', '11', '10', '14', '12', '8', '9', '18', '22', '27', '15', '24', '25', '20', '26', '33', '2', '16', '13', '23', '32', '38', '17', '21', '34', '36', '35', '46', '28', '41', '44', '47', '42', '45', '43', '19', '37', '51', '48', '29', '60', '49', '53', '58', '82', '55', '54', '52', '70', '87', '62', '59', '30', '31', '40', '50', '57', '61', '63', '56', '67', '39', '77', '68', '72', '74', '64', '73', '80', '79', '85', '65', '81', '66', '69', '71', '75', '76', '78', '83', '84', '86', '88', '89']"
468,1348,1.5896226415094339,30632,1300,885,674.7948113207547,"[1, 3, 2, 0, 1, 2, 2, 1, 2, 1, 2, 1, 1, 2, 0, 1, 0, 0, 2, 1, 2, 2, 3, 1, 0, 0, 1, 0, 2, 3, 2, 3, 0, 2, 2, 1, 2, 0, 1, 2, 1, 2, 3, 1, 3, 2, 3, 3, 0, 2, 0, 2, 1, 1, 1, 3, 0, 3, 0, 2, 2, 3, 1, 0, 3, 2, 1, 3, 1, 2, 2, 2, 3, 3, 3, 0, 1, 3, 3, 3, 1, 2, 1, 3, 0, 1, 1, 0, 3, 1]","['0', '1', '3', '4', '2', '8', '5', '12', '7', '11', '17', '6', '9', '22', '21', '16', '27', '37', '10', '25', '87', '26', '13', '15', '24', '19', '23', '30', '35', '44', '14', '31', '45', '53', '43', '46', '40', '39', '54', '36', '55', '77', '18', '38', '28', '50', '29', '57', '20', '33', '34', '42', '41', '51', '47', '59', '58', '52', '32', '60', '49', '70', '61', '62', '82', '48', '63', '64', '56', '67', '65', '68', '72', '66', '73', '79', '69', '71', '75', '74', '80', '81', '85', '76', '78', '83', '84', '86', '88', '89']"
469,1392,1.6405421331761934,29847,1469,992,696.8202710665881,"[1, 3, 1, 1, 0, 1, 0, 0, 2, 2, 1, 1, 3, 3, 1, 0, 3, 3, 2, 3, 1, 1, 3, 0, 1, 1, 0, 1, 0, 0, 1, 3, 2, 2, 1, 3, 0, 0, 3, 2, 1, 2, 0, 0, 1, 0, 2, 1, 1, 2, 2, 3, 2, 2, 0, 0, 2, 0, 2, 0, 2, 0, 3, 3, 3, 3, 1, 3, 2, 1, 2, 3, 1, 2, 1, 0, 0, 3, 1, 2, 3, 3, 0, 1, 3, 1, 0, 3, 1, 1]","['0', '2', '17', '1', '7', '5', '10', '3', '12', '11', '4', '8', '6', '9', '24', '18', '27', '26', '16', '22', '13', '14', '87', '15', '25', '20', '23', '19', '21', '38', '32', '33', '28', '34', '30', '36', '35', '29', '31', '82', '43', '37', '44', '45', '54', '41', '40', '53', '42', '50', '39', '48', '57', '77', '55', '49', '46', '70', '51', '59', '58', '62', '47', '52', '56', '60', '67', '61', '63', '64', '65', '68', '72', '73', '66', '80', '85', '79', '81', '74', '69', '71', '75', '76', '78', '83', '84', '86', '88', '89']"
470,1360,1.6346153846153846,34460,1491,1077,680.8173076923077,"[3, 1, 0, 3, 0, 1, 3, 0, 1, 3, 1, 1, 2, 3, 3, 2, 2, 3, 1, 2, 1, 1, 3, 1, 1, 2, 2, 2, 2, 2, 2, 3, 0, 2, 0, 0, 2, 2, 1, 1, 1, 0, 3, 2, 3, 2, 2, 2, 3, 1, 3, 2, 3, 2, 0, 3, 2, 2, 1, 0, 1, 2, 0, 0, 2, 1, 3, 2, 3, 3, 3, 1, 2, 3, 0, 1, 3, 3, 3, 0, 2, 3, 1, 3, 0, 3, 3, 1, 0, 1]","['0', '1', '7', '2', '5', '8', '10', '4', '12', '11', '16', '87', '6', '13', '9', '26', '24', '25', '17', '23', '18', '21', '28', '36', '14', '34', '15', '20', '33', '35', '37', '19', '46', '29', '22', '3', '42', '44', '82', '32', '41', '30', '48', '27', '47', '43', '49', '31', '52', '70', '38', '39', '40', '50', '57', '56', '67', '77', '45', '54', '68', '72', '74', '51', '55', '59', '53', '58', '60', '62', '61', '73', '79', '80', '63', '64', '81', '85', '65', '66', '69', '71', '75', '76', '78', '83', '84', '86', '88', '89']"
471,1463,1.7282929710572947,32096,1426,977,732.3641464855286,"[2, 1, 0, 1, 3, 3, 1, 1, 1, 2, 2, 3, 1, 3, 2, 2, 2, 1, 0, 0, 3, 0, 1, 3, 2, 0, 2, 1, 1, 3, 0, 2, 0, 1, 0, 2, 3, 2, 3, 1, 3, 2, 2, 1, 2, 3, 2, 1, 2, 0, 1, 2, 2, 0, 2, 3, 3, 2, 1, 0, 1, 3, 2, 1, 1, 1, 2, 0, 2, 2, 2, 1, 0, 3, 2, 1, 3, 2, 0, 1, 3, 0, 1, 3, 3, 3, 0, 1, 2, 3]","['0', '1', '2', '3', '7', '17', '4', '5', '12', '8', '16', '10', '11', '87', '6', '9', '18', '20', '15', '22', '26', '24', '13', '33', '21', '37', '34', '35', '19', '30', '14', '32', '49', '41', '47', '36', '29', '48', '82', '43', '23', '28', '27', '42', '38', '70', '46', '51', '59', '44', '25', '60', '45', '52', '55', '31', '40', '39', '50', '58', '77', '57', '53', '62', '56', '54', '61', '68', '67', '63', '64', '65', '72', '74', '66', '69', '71', '75', '76', '78', '73', '79', '80', '85', '81', '83', '84', '86', '88', '89']"
472,1384,1.605568445475638,34665,1251,876,692.8027842227378,"[2, 1, 2, 0, 3, 1, 0, 1, 2, 1, 1, 0, 3, 2, 1, 2, 1, 3, 0, 0, 2, 3, 2, 2, 0, 0, 2, 2, 0, 0, 2, 3, 0, 0, 3, 3, 1, 0, 2, 3, 2, 0, 3, 1, 2, 2, 0, 1, 1, 1, 2, 1, 3, 1, 2, 0, 3, 3, 3, 1, 2, 3, 3, 3, 0, 3, 1, 1, 2, 0, 3, 0, 1, 3, 1, 2, 3, 3, 0, 3, 0, 2, 0, 2, 0, 0, 0, 2, 0, 0]","['0', '1', '2', '17', '4', '7', '5', '12', '10', '8', '6', '14', '15', '9', '13', '22', '3', '18', '19', '20', '32', '21', '28', '27', '35', '16', '11', '23', '33', '34', '37', '24', '87', '43', '26', '46', '25', '44', '45', '54', '38', '41', '48', '30', '51', '53', '36', '47', '59', '29', '58', '82', '52', '42', '55', '49', '31', '60', '39', '40', '62', '70', '77', '50', '57', '56', '68', '61', '72', '67', '73', '79', '80', '63', '64', '65', '81', '66', '85', '69', '74', '71', '75', '76', '78', '83', '84', '86', '88', '89']"
473,1426,1.6702781844802344,32946,1398,988,713.8351390922401,"[2, 0, 3, 3, 2, 1, 3, 1, 2, 1, 2, 2, 2, 2, 2, 3, 2, 1, 2, 3, 3, 1, 2, 3, 1, 3, 2, 0, 1, 2, 3, 0, 3, 3, 3, 2, 3, 1, 0, 1, 0, 0, 0, 1, 2, 0, 0, 1, 3, 2, 1, 1, 2, 3, 1, 1, 1, 2, 1, 1, 1, 1, 0, 1, 0, 0, 2, 0, 2, 2, 3, 0, 2, 1, 2, 1, 3, 1, 0, 0, 0, 3, 0, 2, 3, 2, 3, 1, 3, 2]","['0', '1', '8', '4', '7', '6', '14', '2', '16', '87', '5', '15', '11', '10', '17', '9', '27', '12', '18', '24', '20', '22', '33', '32', '25', '23', '38', '3', '19', '13', '30', '28', '29', '21', '82', '37', '49', '35', '70', '34', '46', '45', '55', '26', '43', '44', '36', '31', '40', '50', '54', '39', '53', '42', '77', '57', '41', '48', '56', '68', '51', '58', '62', '47', '60', '52', '59', '72', '67', '61', '73', '63', '80', '64', '79', '85', '74', '65', '81', '66', '69', '71', '75', '76', '78', '83', '84', '86', '88', '89']"
474,1316,1.633767846058349,29999,1318,967,658.8168839230292,"[1, 3, 0, 0, 1, 0, 0, 1, 2, 2, 3, 0, 0, 2, 0, 2, 2, 0, 0, 3, 3, 3, 3, 2, 3, 1, 0, 1, 3, 2, 0, 2, 0, 3, 1, 3, 0, 2, 2, 2, 2, 3, 3, 2, 0, 3, 1, 2, 0, 2, 0, 2, 3, 3, 3, 0, 0, 0, 0, 0, 1, 0, 3, 1, 1, 1, 3, 0, 0, 1, 3, 1, 0, 0, 1, 2, 2, 2, 3, 0, 1, 3, 1, 3, 1, 2, 0, 3, 3, 3]","['0', '2', '17', '1', '3', '4', '5', '12', '10', '7', '6', '8', '14', '11', '9', '16', '21', '87', '36', '34', '22', '24', '37', '18', '13', '26', '35', '46', '23', '28', '45', '53', '54', '25', '44', '20', '27', '43', '33', '42', '32', '41', '38', '51', '60', '48', '49', '70', '15', '55', '59', '47', '19', '52', '29', '30', '31', '39', '58', '82', '77', '40', '50', '62', '57', '61', '56', '68', '72', '74', '67', '63', '64', '73', '65', '79', '80', '66', '69', '71', '81', '85', '75', '76', '78', '83', '84', '86', '88', '89']"
475,1244,1.4983438723276121,31799,1400,948,622.7491719361639,"[0, 2, 2, 2, 1, 1, 1, 0, 0, 2, 3, 3, 2, 0, 0, 1, 0, 0, 0, 0, 0, 2, 1, 1, 1, 0, 3, 2, 2, 3, 3, 1, 1, 3, 2, 3, 3, 2, 0, 2, 0, 3, 2, 0, 3, 1, 0, 2, 2, 0, 2, 3, 3, 3, 2, 3, 0, 1, 2, 3, 0, 3, 3, 0, 2, 1, 3, 0, 2, 2, 1, 2, 1, 1, 3, 1, 3, 1, 1, 1, 3, 3, 0, 3, 2, 1, 0, 0, 1, 1]","['0', '2', '17', '1', '8', '7', '5', '10', '16', '3', '11', '12', '87', '4', '6', '14', '9', '13', '23', '21', '37', '22', '34', '28', '15', '19', '27', '35', '46', '25', '29', '36', '45', '38', '82', '44', '26', '30', '18', '31', '53', '43', '40', '24', '50', '39', '55', '20', '77', '57', '32', '33', '42', '49', '54', '41', '51', '48', '56', '47', '58', '52', '60', '62', '59', '68', '67', '72', '70', '74', '61', '73', '79', '80', '63', '81', '64', '65', '66', '85', '69', '71', '75', '76', '78', '83', '84', '86', '88', '89']"
476,1387,1.6822316555488175,32629,1429,1010,694.3411158277744,"[1, 0, 0, 1, 1, 0, 0, 3, 0, 1, 3, 0, 3, 1, 1, 3, 0, 2, 2, 2, 3, 1, 3, 1, 2, 0, 3, 3, 0, 1, 3, 2, 2, 1, 2, 1, 2, 2, 0, 2, 1, 0, 2, 1, 0, 1, 0, 1, 3, 1, 2, 3, 2, 0, 0, 3, 3, 2, 0, 2, 0, 0, 1, 1, 2, 2, 3, 2, 2, 1, 3, 0, 2, 1, 2, 0, 2, 1, 3, 0, 3, 2, 2, 1, 0, 2, 0, 3, 2, 0]","['0', '2', '1', '17', '7', '5', '3', '8', '12', '4', '10', '16', '87', '11', '6', '13', '28', '9', '21', '36', '24', '23', '18', '37', '34', '22', '27', '35', '25', '43', '14', '38', '15', '44', '46', '26', '20', '19', '41', '48', '45', '30', '33', '29', '51', '53', '59', '58', '82', '54', '55', '31', '32', '49', '47', '39', '62', '52', '77', '40', '42', '50', '57', '56', '60', '70', '61', '67', '63', '68', '64', '72', '73', '74', '80', '81', '79', '85', '65', '66', '69', '71', '75', '76', '78', '83', '84', '86', '88', '89']"
477,1466,1.6913758292471879,31097,1471,1001,733.8456879146236,"[1, 0, 2, 2, 2, 2, 1, 3, 1, 3, 2, 1, 2, 0, 2, 1, 1, 3, 2, 0, 1, 3, 2, 3, 1, 0, 3, 1, 0, 2, 2, 3, 3, 3, 1, 3, 1, 1, 3, 0, 0, 0, 0, 0, 0, 1, 2, 2, 1, 1, 1, 2, 1, 0, 2, 0, 1, 1, 2, 3, 2, 0, 2, 3, 3, 1, 1, 2, 2, 0, 1, 0, 1, 2, 0, 3, 2, 1, 2, 3, 2, 0, 0, 0, 0, 1, 0, 0, 1, 3]","['0', '2', '1', '17', '3', '8', '4', '5', '11', '7', '12', '16', '87', '6', '14', '10', '9', '26', '13', '15', '23', '24', '27', '25', '18', '21', '34', '28', '36', '20', '19', '33', '32', '42', '35', '29', '22', '45', '54', '38', '44', '53', '55', '46', '43', '41', '82', '48', '51', '60', '47', '30', '37', '58', '52', '62', '31', '59', '39', '77', '49', '70', '40', '50', '57', '61', '63', '64', '65', '66', '56', '68', '72', '67', '69', '71', '73', '80', '75', '85', '74', '81', '79', '76', '78', '83', '84', '86', '88', '89']"
478,1564,1.8758620689655172,32034,1385,940,782.9379310344827,"[3, 2, 2, 2, 3, 2, 2, 0, 3, 3, 1, 0, 3, 1, 1, 3, 2, 0, 0, 1, 2, 1, 2, 0, 0, 3, 3, 1, 3, 1, 0, 1, 1, 3, 0, 1, 2, 3, 3, 3, 2, 3, 0, 2, 0, 1, 1, 2, 3, 1, 3, 3, 2, 1, 3, 0, 1, 1, 2, 3, 2, 3, 1, 1, 1, 3, 2, 3, 3, 0, 3, 1, 1, 1, 2, 3, 2, 0, 2, 3, 3, 1, 2, 0, 2, 1, 2, 1, 1, 3]","['0', '2', '17', '1', '8', '7', '5', '4', '12', '11', '16', '3', '87', '10', '6', '14', '9', '26', '25', '13', '27', '21', '28', '37', '22', '34', '24', '36', '15', '23', '18', '35', '38', '45', '20', '53', '19', '55', '46', '43', '32', '41', '47', '30', '33', '44', '42', '29', '49', '48', '31', '70', '82', '51', '60', '54', '58', '40', '62', '50', '39', '59', '57', '56', '67', '77', '61', '63', '68', '72', '73', '64', '80', '81', '85', '65', '66', '52', '69', '74', '79', '71', '75', '76', '78', '83', '84', '86', '88', '89']"
479,1562,1.8757129990993695,29325,1557,1043,781.9378564995496,"[2, 3, 0, 2, 3, 3, 0, 0, 1, 1, 0, 3, 3, 3, 1, 0, 1, 2, 3, 1, 2, 2, 2, 2, 3, 0, 0, 1, 1, 3, 2, 3, 0, 1, 0, 1, 2, 3, 0, 0, 0, 0, 1, 2, 3, 3, 3, 2, 2, 0, 3, 1, 1, 3, 3, 0, 3, 3, 0, 2, 3, 0, 3, 2, 1, 2, 1, 0, 0, 3, 3, 3, 2, 3, 2, 2, 2, 1, 3, 2, 3, 0, 0, 0, 1, 0, 1, 0, 1, 0]","['0', '2', '17', '1', '5', '8', '4', '6', '7', '12', '16', '10', '15', '13', '11', '9', '18', '3', '19', '14', '22', '28', '26', '29', '20', '87', '32', '24', '23', '21', '37', '49', '82', '35', '43', '46', '38', '27', '34', '36', '70', '44', '45', '33', '30', '55', '53', '41', '48', '47', '25', '51', '52', '60', '42', '31', '40', '54', '58', '39', '77', '50', '56', '59', '57', '67', '62', '61', '68', '72', '73', '80', '79', '85', '81', '63', '64', '65', '74', '66', '69', '71', '75', '76', '78', '83', '84', '86', '88', '89']"
480,1256,1.4925727866904337,31369,1291,907,628.7462863933453,"[3, 0, 2, 0, 2, 3, 3, 1, 0, 2, 1, 2, 0, 2, 3, 3, 2, 1, 1, 0, 2, 0, 1, 0, 3, 1, 3, 0, 3, 2, 3, 3, 3, 3, 2, 0, 3, 1, 3, 0, 2, 1, 0, 0, 3, 2, 3, 1, 0, 0, 1, 1, 1, 1, 1, 1, 0, 1, 2, 2, 1, 2, 3, 2, 3, 3, 3, 3, 0, 1, 1, 1, 2, 0, 3, 2, 3, 2, 2, 2, 0, 2, 0, 3, 1, 1, 2, 3, 2, 3]","['0', '1', '2', '8', '7', '17', '4', '16', '87', '5', '3', '12', '11', '6', '9', '24', '22', '15', '21', '34', '10', '36', '25', '27', '13', '19', '14', '26', '29', '35', '23', '45', '37', '55', '28', '44', '18', '30', '54', '46', '38', '82', '31', '40', '53', '20', '50', '33', '57', '32', '39', '41', '47', '48', '43', '42', '51', '56', '68', '52', '67', '60', '59', '77', '49', '70', '61', '63', '58', '64', '62', '65', '66', '72', '74', '69', '71', '75', '73', '76', '78', '79', '83', '80', '84', '81', '85', '86', '88', '89']"
481,1397,1.6655737704918032,30798,1197,769,699.3327868852459,"[2, 2, 2, 1, 1, 2, 0, 3, 1, 3, 0, 0, 2, 3, 2, 0, 3, 2, 0, 3, 1, 2, 2, 1, 2, 1, 2, 3, 2, 2, 0, 3, 0, 3, 2, 0, 2, 0, 0, 0, 1, 0, 3, 2, 0, 2, 3, 3, 3, 2, 0, 1, 2, 0, 0, 2, 3, 0, 3, 1, 0, 1, 1, 1, 3, 0, 0, 1, 0, 3, 3, 0, 2, 3, 2, 3, 1, 1, 0, 2, 2, 0, 0, 0, 2, 0, 1, 0, 3, 0]","['0', '2', '17', '1', '7', '8', '5', '16', '87', '11', '12', '10', '4', '6', '9', '27', '26', '23', '3', '15', '19', '13', '25', '22', '28', '18', '14', '20', '38', '24', '33', '29', '30', '82', '21', '34', '35', '31', '43', '45', '46', '32', '37', '36', '41', '40', '39', '53', '47', '55', '44', '50', '49', '51', '77', '42', '70', '54', '57', '59', '48', '52', '56', '67', '68', '72', '73', '80', '85', '60', '74', '79', '58', '61', '62', '63', '81', '64', '65', '66', '69', '71', '75', '76', '78', '83', '84', '86', '88', '89']"
482,1506,1.8298906439854192,31516,1438,996,753.9149453219927,"[0, 2, 2, 3, 0, 2, 2, 1, 3, 3, 3, 3, 0, 3, 0, 1, 2, 0, 2, 3, 3, 0, 2, 1, 2, 3, 0, 0, 3, 1, 3, 1, 3, 3, 0, 0, 3, 1, 3, 1, 3, 2, 0, 0, 1, 3, 2, 2, 3, 3, 2, 0, 3, 3, 1, 2, 2, 2, 3, 1, 3, 0, 1, 0, 2, 2, 2, 3, 0, 0, 2, 1, 3, 3, 3, 1, 1, 2, 0, 0, 2, 1, 3, 2, 2, 2, 2, 3, 0, 1]","['0', '1', '4', '2', '8', '7', '16', '5', '6', '87', '3', '14', '15', '13', '12', '11', '9', '17', '23', '25', '19', '27', '10', '26', '22', '28', '18', '20', '30', '33', '21', '34', '38', '24', '29', '31', '36', '41', '82', '40', '35', '37', '44', '45', '39', '48', '47', '50', '55', '46', '53', '43', '54', '52', '32', '49', '56', '68', '42', '67', '70', '77', '72', '51', '60', '73', '57', '58', '79', '62', '80', '74', '61', '59', '85', '63', '81', '64', '65', '66', '69', '71', '75', '76', '78', '83', '84', '86', '88', '89']"
483,1486,1.786594529606252,31931,1537,1061,743.8932972648031,"[3, 2, 0, 0, 3, 3, 1, 0, 0, 2, 3, 3, 3, 3, 1, 2, 1, 0, 0, 2, 2, 1, 3, 2, 3, 1, 1, 1, 2, 3, 0, 3, 3, 1, 0, 3, 0, 3, 2, 3, 0, 2, 3, 1, 3, 0, 0, 0, 0, 3, 1, 2, 1, 3, 3, 1, 0, 1, 1, 2, 3, 0, 3, 0, 3, 3, 0, 0, 0, 1, 0, 2, 2, 3, 0, 0, 0, 2, 0, 0, 1, 3, 0, 3, 0, 1, 1, 1, 3, 2]","['0', '1', '3', '4', '7', '5', '10', '11', '8', '12', '6', '9', '14', '18', '26', '25', '27', '13', '23', '21', '37', '2', '20', '28', '22', '33', '15', '34', '41', '24', '47', '17', '35', '16', '48', '46', '32', '45', '87', '44', '49', '52', '53', '19', '30', '31', '38', '40', '43', '50', '55', '56', '70', '68', '57', '51', '60', '39', '29', '72', '58', '61', '77', '59', '54', '67', '82', '62', '36', '63', '64', '42', '74', '73', '79', '65', '66', '80', '85', '81', '69', '71', '75', '76', '78', '83', '84', '86', '88', '89']"
484,1332,1.5781990521327014,32458,1235,863,666.7890995260664,"[2, 3, 1, 3, 0, 2, 2, 2, 2, 1, 3, 3, 2, 3, 0, 0, 3, 0, 2, 1, 3, 1, 2, 0, 2, 2, 1, 0, 1, 3, 3, 2, 2, 3, 1, 0, 0, 0, 3, 0, 2, 2, 3, 3, 0, 0, 1, 2, 2, 2, 0, 3, 2, 0, 2, 1, 0, 2, 2, 1, 2, 0, 0, 0, 1, 1, 0, 0, 3, 0, 3, 1, 0, 0, 2, 2, 2, 1, 3, 0, 0, 2, 3, 1, 1, 1, 1, 3, 0, 3]","['0', '1', '4', '5', '2', '7', '12', '6', '10', '3', '17', '8', '13', '16', '9', '24', '14', '15', '28', '21', '22', '34', '25', '18', '20', '87', '35', '37', '27', '32', '19', '49', '43', '23', '36', '44', '46', '26', '70', '41', '51', '30', '60', '47', '48', '52', '38', '58', '45', '31', '33', '11', '40', '55', '59', '53', '42', '54', '62', '39', '29', '50', '56', '82', '77', '68', '57', '61', '72', '67', '74', '73', '80', '81', '79', '85', '63', '64', '65', '66', '69', '71', '75', '76', '78', '83', '84', '86', '88', '89']"
485,1452,1.7536231884057971,32285,1454,1009,726.8768115942029,"[0, 1, 1, 2, 0, 1, 3, 3, 0, 2, 0, 3, 2, 2, 0, 1, 3, 2, 0, 2, 3, 2, 3, 1, 1, 3, 0, 1, 1, 2, 0, 0, 1, 1, 2, 3, 1, 3, 2, 0, 3, 3, 2, 1, 1, 2, 3, 0, 3, 3, 3, 2, 0, 2, 0, 1, 3, 2, 2, 0, 0, 3, 2, 0, 3, 3, 2, 0, 3, 3, 3, 0, 3, 2, 3, 2, 1, 1, 0, 3, 2, 1, 2, 3, 0, 0, 1, 0, 1, 0]","['0', '2', '17', '1', '5', '11', '12', '10', '3', '8', '7', '16', '87', '4', '6', '14', '9', '24', '13', '21', '37', '26', '28', '22', '23', '27', '25', '34', '38', '18', '35', '44', '43', '15', '46', '45', '20', '33', '53', '41', '47', '19', '32', '52', '49', '51', '58', '60', '30', '29', '54', '70', '55', '36', '48', '42', '82', '62', '31', '59', '40', '39', '50', '77', '56', '57', '67', '68', '72', '74', '73', '79', '80', '85', '81', '61', '63', '64', '65', '66', '69', '71', '75', '76', '78', '83', '84', '86', '88', '89']"
486,1469,1.722661975960129,30516,1274,832,735.3613309879801,"[2, 1, 0, 2, 1, 0, 0, 3, 1, 2, 0, 2, 2, 3, 3, 0, 2, 3, 3, 0, 0, 1, 3, 2, 3, 0, 1, 2, 2, 1, 3, 1, 3, 1, 1, 2, 3, 3, 0, 0, 0, 0, 1, 3, 1, 0, 1, 0, 1, 0, 0, 1, 0, 2, 1, 1, 1, 0, 0, 1, 0, 1, 1, 2, 0, 3, 0, 2, 0, 2, 0, 2, 0, 1, 0, 2, 0, 1, 2, 0, 3, 3, 3, 2, 2, 2, 0, 1, 1, 3]","['0', '2', '1', '8', '17', '4', '7', '5', '3', '11', '6', '13', '12', '9', '22', '23', '16', '15', '87', '10', '19', '14', '21', '36', '25', '37', '35', '46', '26', '38', '34', '44', '29', '43', '30', '24', '28', '18', '82', '20', '32', '33', '45', '54', '27', '55', '42', '41', '31', '49', '40', '51', '70', '48', '59', '47', '53', '39', '52', '58', '60', '62', '77', '50', '56', '67', '57', '61', '68', '63', '72', '74', '64', '73', '79', '80', '65', '81', '85', '66', '69', '71', '75', '76', '78', '83', '84', '86', '88', '89']"
487,1600,1.828049128820337,34221,1405,1045,800.9140245644102,"[0, 3, 2, 2, 2, 0, 2, 3, 1, 3, 3, 3, 1, 1, 3, 1, 2, 3, 3, 3, 0, 2, 2, 0, 2, 2, 1, 3, 0, 0, 2, 1, 0, 0, 2, 3, 2, 2, 0, 1, 2, 1, 0, 3, 2, 2, 0, 3, 0, 2, 0, 2, 0, 0, 2, 2, 2, 2, 0, 3, 1, 3, 2, 0, 1, 0, 2, 3, 0, 1, 2, 2, 1, 1, 1, 3, 3, 2, 3, 3, 1, 3, 3, 0, 2, 1, 1, 1, 1, 1]","['0', '1', '5', '7', '8', '11', '4', '12', '6', '13', '10', '15', '3', '28', '9', '22', '2', '21', '17', '34', '24', '18', '23', '14', '16', '20', '41', '27', '36', '47', '32', '26', '87', '25', '37', '35', '38', '44', '19', '30', '29', '31', '39', '82', '77', '46', '40', '48', '50', '33', '42', '52', '45', '55', '43', '54', '57', '56', '68', '51', '67', '49', '72', '74', '53', '70', '58', '73', '80', '79', '59', '62', '85', '60', '61', '63', '81', '64', '65', '66', '69', '71', '75', '76', '78', '83', '84', '86', '88', '89']"
488,1764,2.121467227901383,29502,1487,1046,883.0607336139507,"[3, 3, 2, 0, 2, 2, 3, 0, 3, 1, 3, 3, 0, 3, 3, 1, 2, 2, 3, 3, 0, 3, 1, 3, 2, 3, 3, 3, 1, 3, 2, 3, 0, 3, 0, 3, 2, 0, 2, 0, 0, 3, 3, 1, 2, 0, 3, 3, 3, 3, 3, 2, 0, 2, 1, 2, 3, 1, 1, 0, 1, 1, 0, 2, 1, 3, 1, 2, 1, 3, 2, 1, 3, 1, 0, 0, 1, 0, 3, 3, 3, 2, 1, 0, 0, 1, 1, 2, 3, 3]","['0', '1', '4', '2', '7', '17', '6', '13', '5', '9', '15', '10', '3', '26', '27', '11', '14', '22', '28', '24', '18', '25', '8', '16', '87', '12', '23', '38', '20', '33', '21', '36', '34', '41', '35', '44', '37', '48', '19', '47', '45', '54', '43', '53', '51', '30', '32', '60', '58', '42', '46', '31', '49', '52', '29', '39', '82', '55', '77', '59', '40', '62', '70', '50', '56', '67', '57', '61', '63', '68', '72', '64', '73', '74', '65', '79', '66', '80', '69', '81', '71', '85', '75', '76', '78', '83', '84', '86', '88', '89']"
489,1251,1.5326186830015314,30798,1432,983,626.2663093415008,"[3, 0, 1, 1, 3, 1, 3, 0, 3, 0, 0, 1, 0, 1, 3, 1, 0, 2, 1, 0, 3, 3, 1, 3, 1, 0, 2, 3, 1, 1, 1, 3, 1, 0, 3, 1, 2, 3, 0, 2, 0, 2, 2, 0, 3, 1, 2, 2, 2, 0, 0, 3, 2, 1, 3, 1, 2, 2, 2, 2, 1, 0, 0, 2, 2, 0, 3, 1, 3, 0, 1, 0, 3, 0, 3, 2, 2, 2, 0, 1, 1, 2, 3, 2, 2, 2, 0, 0, 1, 2]","['0', '2', '1', '4', '5', '10', '11', '8', '17', '3', '6', '12', '13', '15', '28', '14', '7', '9', '18', '24', '21', '34', '37', '16', '19', '29', '26', '82', '87', '35', '30', '45', '20', '41', '33', '43', '53', '32', '55', '36', '54', '42', '49', '51', '60', '58', '47', '62', '46', '48', '59', '25', '22', '44', '52', '23', '27', '31', '39', '70', '40', '77', '38', '50', '57', '56', '68', '67', '61', '72', '63', '74', '73', '64', '80', '79', '85', '81', '65', '66', '69', '71', '75', '76', '78', '83', '84', '86', '88', '89']"
490,1432,1.6856974690994704,31281,1397,923,716.8428487345498,"[3, 0, 2, 3, 0, 0, 3, 0, 2, 2, 2, 1, 1, 3, 1, 3, 1, 1, 1, 0, 3, 3, 3, 3, 2, 1, 0, 2, 2, 0, 0, 1, 2, 1, 2, 1, 0, 1, 2, 1, 1, 3, 0, 1, 1, 2, 1, 1, 3, 3, 3, 3, 3, 3, 3, 0, 0, 3, 3, 2, 3, 0, 3, 1, 3, 2, 1, 3, 2, 1, 0, 3, 0, 2, 1, 2, 2, 0, 1, 1, 2, 3, 3, 2, 0, 2, 2, 2, 3, 3]","['0', '1', '4', '2', '5', '3', '7', '17', '11', '12', '6', '10', '13', '15', '14', '8', '16', '87', '19', '9', '29', '24', '25', '26', '22', '82', '28', '27', '18', '23', '21', '35', '38', '43', '37', '30', '34', '20', '32', '45', '49', '70', '44', '36', '33', '54', '31', '39', '41', '51', '48', '47', '59', '60', '46', '53', '55', '40', '58', '42', '52', '77', '50', '62', '57', '61', '63', '56', '64', '68', '67', '72', '65', '73', '79', '74', '66', '80', '69', '85', '81', '71', '75', '76', '78', '83', '84', '86', '88', '89']"
491,1708,2.036970781156828,32970,1438,969,855.0184853905785,"[1, 3, 0, 3, 2, 1, 2, 1, 3, 2, 0, 3, 1, 1, 1, 1, 3, 0, 1, 3, 1, 2, 1, 0, 1, 0, 1, 3, 3, 1, 1, 2, 1, 1, 0, 2, 3, 0, 1, 1, 3, 1, 1, 0, 2, 3, 3, 2, 1, 3, 0, 2, 0, 2, 0, 0, 1, 1, 1, 2, 0, 0, 3, 1, 1, 0, 3, 1, 3, 0, 1, 3, 3, 3, 2, 2, 0, 3, 2, 2, 1, 2, 0, 2, 0, 2, 2, 2, 2, 1]","['0', '2', '17', '1', '4', '3', '6', '8', '7', '5', '13', '11', '10', '16', '28', '14', '12', '9', '24', '15', '26', '19', '30', '87', '27', '21', '35', '43', '18', '44', '36', '45', '29', '82', '34', '31', '20', '40', '54', '37', '41', '53', '33', '48', '25', '51', '23', '22', '42', '32', '38', '50', '49', '70', '59', '55', '39', '47', '46', '56', '60', '58', '52', '77', '68', '62', '67', '57', '61', '72', '63', '74', '73', '79', '80', '85', '81', '64', '65', '66', '69', '71', '75', '76', '78', '83', '84', '86', '88', '89']"
492,1371,1.63750373245745,31629,1419,1028,686.3187518662287,"[0, 2, 2, 2, 0, 3, 1, 0, 1, 1, 1, 1, 3, 2, 3, 0, 2, 1, 0, 3, 1, 3, 1, 1, 1, 0, 2, 1, 2, 2, 2, 2, 0, 2, 3, 2, 2, 3, 1, 2, 2, 0, 0, 2, 0, 0, 3, 3, 3, 1, 2, 2, 3, 3, 1, 0, 0, 0, 0, 0, 1, 3, 0, 0, 1, 0, 2, 1, 0, 1, 1, 0, 2, 3, 2, 0, 3, 1, 0, 2, 2, 2, 3, 1, 3, 0, 1, 1, 3, 1]","['0', '2', '17', '1', '7', '5', '4', '8', '12', '16', '11', '10', '3', '87', '6', '14', '9', '25', '13', '28', '15', '26', '23', '19', '27', '24', '21', '37', '35', '44', '30', '22', '29', '34', '82', '43', '18', '20', '38', '32', '31', '45', '53', '54', '46', '33', '39', '36', '42', '40', '55', '41', '51', '47', '49', '58', '50', '48', '56', '60', '57', '70', '59', '68', '52', '61', '67', '72', '77', '63', '73', '64', '74', '62', '65', '79', '66', '69', '80', '71', '75', '85', '76', '78', '83', '81', '84', '86', '88', '89']"
493,1355,1.624213365298172,33048,1457,1034,678.3121066826491,"[3, 3, 0, 1, 0, 2, 3, 2, 0, 0, 0, 3, 2, 1, 1, 0, 0, 0, 3, 0, 2, 0, 0, 3, 3, 0, 1, 1, 2, 1, 3, 3, 3, 2, 1, 0, 2, 3, 0, 2, 2, 0, 1, 2, 2, 3, 0, 2, 3, 0, 3, 3, 0, 3, 0, 1, 0, 1, 2, 0, 2, 0, 1, 1, 3, 3, 3, 1, 1, 2, 2, 2, 2, 3, 2, 1, 3, 2, 0, 2, 2, 3, 3, 1, 1, 0, 3, 0, 0, 1]","['0', '2', '17', '1', '5', '7', '10', '8', '11', '3', '16', '12', '87', '4', '6', '13', '28', '14', '9', '27', '25', '22', '24', '15', '23', '19', '18', '26', '38', '21', '37', '34', '30', '29', '35', '36', '43', '44', '20', '41', '46', '31', '33', '51', '40', '32', '82', '42', '45', '48', '55', '58', '50', '56', '60', '68', '59', '57', '54', '67', '53', '47', '61', '62', '63', '64', '49', '65', '52', '66', '72', '39', '69', '70', '73', '77', '79', '80', '71', '75', '85', '81', '74', '76', '78', '83', '84', '86', '88', '89']"
494,1368,1.6531722054380664,31982,1480,1013,684.826586102719,"[0, 0, 3, 2, 0, 1, 0, 0, 1, 0, 3, 3, 2, 1, 2, 0, 0, 2, 2, 0, 1, 2, 2, 1, 3, 0, 0, 2, 3, 0, 2, 2, 1, 0, 0, 1, 0, 3, 3, 3, 2, 0, 3, 2, 0, 2, 0, 2, 2, 3, 2, 2, 0, 3, 3, 1, 2, 3, 0, 1, 1, 3, 2, 1, 0, 1, 2, 1, 0, 3, 2, 3, 3, 3, 1, 3, 1, 3, 3, 3, 3, 1, 1, 3, 3, 0, 2, 3, 1, 1]","['0', '2', '17', '1', '8', '5', '7', '12', '4', '6', '9', '10', '26', '27', '16', '18', '22', '24', '11', '14', '87', '21', '36', '15', '13', '20', '35', '46', '32', '23', '34', '28', '33', '37', '49', '43', '42', '45', '55', '25', '53', '41', '54', '70', '3', '38', '51', '47', '58', '48', '60', '44', '52', '19', '30', '31', '62', '59', '39', '77', '29', '82', '40', '50', '57', '56', '61', '68', '67', '72', '73', '80', '74', '79', '81', '85', '63', '64', '65', '66', '69', '71', '75', '76', '78', '83', '84', '86', '88', '89']"
495,1409,1.6793802145411203,27936,1311,912,705.3396901072706,"[3, 3, 3, 1, 0, 3, 3, 2, 2, 2, 0, 1, 0, 0, 2, 0, 0, 1, 1, 3, 0, 2, 2, 3, 2, 0, 1, 2, 2, 0, 3, 0, 0, 0, 1, 0, 2, 2, 2, 0, 3, 1, 2, 1, 1, 2, 2, 0, 3, 1, 3, 2, 1, 3, 0, 1, 3, 0, 3, 2, 0, 0, 1, 3, 1, 3, 0, 3, 3, 1, 3, 1, 1, 1, 1, 3, 3, 1, 2, 3, 0, 0, 2, 2, 2, 0, 1, 1, 0, 0]","['0', '1', '5', '2', '10', '17', '7', '8', '12', '16', '11', '4', '3', '6', '13', '15', '9', '14', '19', '29', '87', '23', '30', '25', '24', '82', '27', '18', '26', '28', '21', '36', '37', '35', '34', '43', '20', '45', '33', '53', '46', '41', '31', '40', '22', '38', '32', '44', '50', '55', '48', '56', '47', '39', '51', '58', '59', '60', '77', '54', '67', '68', '52', '57', '61', '63', '42', '62', '64', '65', '49', '70', '66', '69', '72', '74', '73', '79', '71', '80', '81', '75', '76', '85', '78', '83', '84', '86', '88', '89']"
496,1603,1.9796233405372028,28253,1352,951,802.4898116702686,"[3, 3, 3, 2, 0, 0, 0, 1, 0, 1, 2, 3, 3, 2, 2, 2, 0, 0, 0, 1, 1, 3, 2, 3, 2, 0, 2, 1, 3, 1, 2, 1, 0, 2, 1, 1, 1, 3, 1, 0, 0, 1, 0, 0, 2, 0, 3, 0, 0, 1, 1, 1, 2, 2, 3, 1, 1, 3, 2, 2, 0, 0, 1, 0, 0, 2, 0, 0, 2, 3, 2, 0, 3, 0, 2, 3, 1, 2, 0, 0, 3, 1, 3, 1, 2, 3, 0, 2, 0, 0]","['0', '2', '1', '17', '5', '7', '4', '6', '8', '10', '15', '9', '3', '24', '23', '18', '13', '11', '20', '33', '12', '19', '27', '16', '14', '87', '22', '26', '21', '35', '28', '46', '29', '25', '34', '82', '44', '30', '45', '55', '53', '32', '37', '49', '36', '31', '39', '43', '41', '42', '40', '50', '70', '77', '47', '57', '51', '48', '38', '59', '56', '68', '58', '67', '72', '73', '62', '54', '80', '74', '81', '52', '60', '61', '63', '64', '79', '85', '65', '66', '69', '71', '75', '76', '78', '83', '84', '86', '88', '89']"
497,1319,1.6203931203931203,33227,1477,1031,660.3101965601966,"[3, 0, 1, 1, 1, 1, 2, 3, 0, 3, 2, 0, 1, 2, 1, 2, 3, 0, 2, 2, 1, 1, 3, 3, 0, 2, 0, 1, 2, 3, 2, 0, 3, 2, 1, 3, 1, 0, 1, 2, 3, 0, 1, 3, 2, 2, 2, 3, 0, 2, 0, 2, 3, 1, 3, 1, 2, 3, 3, 1, 0, 3, 0, 1, 3, 2, 0, 2, 0, 0, 3, 3, 3, 0, 1, 2, 0, 2, 0, 2, 0, 3, 0, 2, 1, 3, 0, 0, 2, 3]","['0', '2', '1', '7', '17', '8', '3', '16', '87', '5', '12', '4', '11', '6', '13', '15', '10', '9', '22', '18', '21', '24', '28', '14', '19', '29', '25', '37', '23', '38', '36', '20', '30', '35', '45', '34', '32', '82', '49', '27', '26', '55', '43', '41', '48', '54', '44', '53', '46', '51', '33', '59', '70', '47', '52', '42', '60', '58', '62', '31', '39', '77', '40', '50', '56', '68', '72', '74', '57', '61', '73', '67', '63', '79', '80', '85', '81', '64', '65', '66', '69', '71', '75', '76', '78', '83', '84', '86', '88', '89']"
498,1425,1.7603458925262507,30592,1365,912,713.3801729462631,"[1, 0, 0, 2, 3, 3, 1, 1, 0, 3, 1, 2, 1, 0, 3, 3, 3, 2, 2, 2, 2, 2, 3, 1, 3, 2, 2, 3, 2, 0, 2, 1, 1, 0, 3, 1, 3, 0, 1, 3, 0, 0, 1, 3, 0, 1, 2, 2, 0, 2, 3, 1, 0, 0, 1, 3, 1, 2, 1, 1, 1, 3, 0, 1, 1, 2, 1, 1, 3, 0, 3, 3, 1, 0, 3, 0, 2, 3, 2, 0, 2, 2, 1, 3, 3, 2, 3, 0, 1, 2]","['0', '1', '7', '3', '2', '8', '17', '5', '10', '4', '11', '12', '16', '87', '6', '13', '14', '28', '15', '9', '23', '24', '18', '20', '33', '26', '27', '19', '30', '32', '31', '29', '40', '21', '36', '82', '35', '43', '50', '45', '46', '55', '37', '34', '41', '49', '25', '42', '53', '22', '48', '51', '70', '60', '58', '47', '57', '44', '52', '54', '62', '39', '56', '67', '77', '38', '59', '61', '63', '64', '65', '66', '69', '71', '75', '68', '72', '73', '79', '80', '81', '85', '74', '76', '78', '83', '84', '86', '88', '89']"
499,1431,1.7101882282641172,31973,1373,976,716.355094114132,"[0, 3, 2, 3, 3, 3, 1, 2, 0, 3, 0, 0, 1, 3, 3, 3, 3, 2, 2, 1, 1, 0, 1, 1, 2, 0, 2, 1, 1, 1, 2, 3, 3, 0, 2, 1, 1, 0, 0, 3, 0, 2, 1, 0, 2, 3, 0, 2, 2, 2, 2, 2, 3, 0, 1, 2, 0, 0, 3, 0, 0, 3, 2, 1, 3, 1, 0, 3, 3, 3, 2, 3, 2, 3, 0, 2, 1, 3, 3, 0, 1, 0, 3, 0, 3, 3, 0, 0, 3, 2]","['0', '2', '17', '1', '7', '3', '8', '5', '10', '16', '4', '11', '87', '12', '6', '15', '14', '19', '29', '13', '28', '82', '30', '9', '26', '18', '24', '23', '21', '25', '27', '20', '35', '43', '36', '31', '33', '39', '45', '22', '53', '40', '32', '34', '44', '46', '37', '49', '55', '50', '70', '42', '54', '77', '41', '47', '48', '38', '57', '56', '52', '67', '51', '68', '58', '60', '59', '72', '62', '73', '79', '61', '74', '80', '63', '81', '64', '85', '65', '66', '69', '71', '75', '76', '78', '83', '84', '86', '88', '89']"
500,1463,1.7011627906976745,31733,1451,980,732.3505813953489,"[2, 2, 1, 0, 2, 1, 0, 3, 1, 0, 2, 1, 0, 2, 1, 0, 1, 3, 1, 3, 1, 0, 1, 1, 3, 1, 0, 0, 0, 0, 0, 2, 2, 0, 1, 3, 1, 1, 0, 0, 0, 0, 1, 1, 0, 2, 2, 2, 0, 1, 0, 2, 3, 2, 0, 3, 2, 1, 3, 3, 1, 1, 0, 1, 3, 2, 3, 2, 2, 0, 1, 2, 0, 3, 1, 2, 2, 1, 2, 2, 2, 3, 1, 2, 2, 1, 0, 2, 2, 3]","['0', '1', '2', '3', '17', '7', '8', '5', '4', '16', '87', '11', '10', '6', '13', '9', '18', '23', '14', '22', '28', '25', '20', '15', '27', '38', '32', '21', '12', '19', '35', '45', '37', '44', '49', '70', '36', '33', '54', '53', '29', '43', '82', '26', '30', '55', '34', '24', '46', '31', '41', '48', '40', '51', '39', '59', '50', '60', '58', '47', '42', '52', '57', '61', '77', '56', '68', '63', '62', '64', '65', '72', '74', '66', '67', '73', '69', '71', '80', '75', '79', '85', '81', '76', '78', '83', '84', '86', '88', '89']"
501,1385,1.6439169139465875,32766,1499,1076,693.3219584569733,"[2, 1, 0, 2, 3, 3, 2, 0, 3, 3, 0, 2, 2, 1, 1, 1, 2, 0, 0, 2, 3, 0, 2, 1, 2, 3, 0, 2, 0, 0, 2, 3, 2, 3, 3, 2, 0, 1, 1, 0, 3, 0, 3, 2, 2, 0, 1, 3, 0, 3, 0, 2, 0, 2, 2, 2, 2, 0, 3, 0, 1, 2, 3, 2, 0, 3, 3, 1, 0, 0, 3, 0, 3, 2, 2, 3, 3, 0, 3, 2, 0, 2, 1, 3, 3, 1, 1, 1, 0, 3]","['0', '1', '8', '7', '2', '4', '3', '16', '5', '12', '11', '87', '17', '6', '9', '15', '10', '27', '18', '24', '19', '25', '21', '37', '23', '13', '22', '14', '29', '38', '34', '28', '36', '30', '26', '31', '35', '39', '44', '82', '43', '45', '77', '53', '40', '50', '20', '54', '32', '55', '33', '42', '41', '57', '46', '48', '49', '51', '47', '52', '56', '67', '68', '72', '74', '60', '58', '59', '62', '73', '70', '61', '63', '80', '81', '79', '85', '64', '65', '66', '69', '71', '75', '76', '78', '83', '84', '86', '88', '89']"
502,1294,1.5727742327560013,33342,1484,1052,647.786387116378,"[2, 1, 1, 0, 3, 3, 2, 2, 0, 1, 1, 0, 3, 0, 1, 2, 0, 0, 2, 3, 0, 1, 1, 0, 2, 3, 0, 1, 3, 1, 0, 0, 1, 2, 2, 0, 0, 1, 3, 2, 1, 2, 1, 0, 0, 0, 3, 1, 1, 2, 3, 2, 2, 3, 3, 2, 3, 3, 0, 3, 3, 3, 3, 3, 2, 0, 1, 2, 1, 2, 3, 3, 1, 2, 1, 3, 1, 3, 3, 2, 0, 1, 0, 1, 3, 1, 0, 1, 1, 2]","['0', '1', '5', '11', '12', '2', '10', '4', '3', '17', '8', '7', '6', '13', '14', '15', '19', '29', '28', '16', '9', '22', '27', '21', '30', '35', '82', '43', '18', '46', '24', '45', '34', '26', '20', '53', '41', '25', '32', '47', '51', '23', '38', '44', '33', '59', '87', '31', '58', '39', '48', '37', '60', '77', '52', '54', '62', '49', '70', '55', '40', '50', '36', '57', '56', '68', '67', '72', '74', '73', '61', '42', '63', '64', '65', '79', '80', '81', '66', '69', '85', '71', '75', '76', '78', '83', '84', '86', '88', '89']"
503,1640,1.9764989454655018,32718,1400,907,820.9882494727327,"[0, 1, 1, 1, 3, 0, 3, 3, 2, 3, 2, 1, 2, 2, 2, 3, 0, 0, 1, 0, 2, 0, 3, 3, 2, 2, 3, 1, 3, 2, 2, 3, 1, 1, 2, 3, 1, 2, 3, 0, 2, 0, 1, 3, 2, 1, 2, 2, 3, 1, 0, 2, 3, 1, 0, 2, 0, 1, 2, 1, 2, 1, 1, 1, 2, 0, 1, 1, 2, 2, 0, 2, 1, 3, 2, 2, 1, 2, 3, 2, 2, 3, 0, 1, 0, 1, 3, 2, 0, 2]","['0', '1', '3', '5', '12', '11', '2', '7', '10', '8', '4', '17', '16', '6', '13', '87', '28', '15', '19', '30', '9', '26', '25', '18', '21', '22', '35', '14', '46', '24', '36', '20', '29', '45', '44', '32', '54', '33', '53', '37', '23', '38', '55', '27', '49', '70', '43', '42', '31', '82', '39', '77', '34', '40', '41', '47', '52', '51', '60', '48', '58', '62', '59', '50', '56', '68', '57', '67', '61', '63', '64', '72', '74', '65', '66', '73', '80', '85', '79', '69', '71', '75', '76', '81', '78', '83', '84', '86', '88', '89']"
504,1386,1.6402366863905324,31810,1288,851,693.8201183431953,"[1, 0, 0, 1, 2, 0, 1, 0, 0, 3, 2, 1, 0, 3, 3, 3, 2, 1, 0, 1, 1, 0, 0, 0, 0, 1, 1, 0, 3, 2, 3, 3, 0, 2, 0, 2, 3, 2, 2, 3, 2, 2, 3, 2, 1, 3, 3, 2, 1, 3, 3, 1, 1, 1, 2, 0, 0, 1, 1, 2, 1, 0, 0, 2, 2, 2, 2, 3, 0, 3, 3, 0, 2, 2, 2, 2, 2, 3, 1, 1, 3, 3, 3, 0, 2, 1, 1, 0, 2, 0]","['0', '2', '1', '8', '4', '3', '17', '5', '11', '7', '10', '12', '6', '14', '16', '9', '15', '87', '13', '23', '27', '18', '21', '20', '26', '35', '36', '33', '28', '34', '43', '42', '32', '19', '41', '37', '44', '22', '49', '70', '47', '52', '25', '30', '29', '24', '51', '46', '60', '31', '58', '48', '45', '82', '55', '54', '39', '77', '53', '59', '62', '38', '40', '50', '57', '56', '68', '67', '61', '72', '63', '64', '65', '66', '69', '73', '79', '80', '81', '74', '71', '85', '75', '76', '78', '83', '84', '86', '88', '89']"
505,1641,1.9951367781155016,31918,1490,1036,821.4975683890577,"[1, 0, 2, 3, 2, 2, 1, 0, 0, 2, 1, 1, 3, 1, 1, 1, 0, 2, 3, 3, 1, 2, 3, 1, 3, 2, 1, 1, 2, 0, 2, 2, 2, 0, 3, 3, 2, 3, 1, 1, 1, 3, 3, 3, 2, 1, 1, 1, 3, 1, 2, 1, 0, 2, 1, 2, 0, 1, 0, 2, 0, 3, 2, 0, 1, 1, 3, 3, 0, 0, 0, 1, 1, 0, 2, 1, 2, 0, 2, 3, 2, 2, 0, 1, 0, 2, 1, 0, 1, 3]","['0', '2', '1', '5', '3', '10', '11', '7', '12', '4', '8', '6', '17', '15', '14', '19', '16', '13', '28', '29', '87', '30', '82', '9', '24', '26', '22', '23', '27', '21', '37', '31', '18', '34', '25', '40', '38', '35', '46', '36', '44', '20', '32', '50', '57', '43', '45', '54', '53', '49', '70', '55', '41', '51', '39', '60', '61', '48', '77', '33', '42', '56', '47', '68', '72', '59', '74', '52', '73', '67', '79', '58', '63', '62', '64', '65', '80', '66', '85', '81', '69', '71', '75', '76', '78', '83', '84', '86', '88', '89']"
506,1480,1.756155443488579,31626,1435,985,740.8780777217443,"[3, 1, 1, 0, 2, 3, 3, 3, 3, 3, 2, 1, 0, 0, 1, 1, 1, 0, 1, 0, 2, 1, 1, 3, 3, 3, 2, 1, 2, 1, 3, 0, 2, 0, 0, 1, 3, 2, 0, 0, 1, 0, 3, 1, 3, 0, 0, 3, 3, 1, 3, 2, 1, 0, 2, 2, 3, 3, 1, 2, 0, 3, 1, 2, 2, 1, 2, 0, 1, 3, 1, 2, 3, 1, 0, 1, 1, 2, 3, 2, 1, 1, 2, 1, 2, 3, 0, 0, 0, 1]","['0', '2', '17', '1', '4', '3', '6', '5', '10', '9', '22', '23', '24', '15', '11', '13', '7', '21', '35', '28', '45', '54', '55', '53', '36', '26', '14', '18', '8', '25', '34', '37', '20', '33', '12', '38', '27', '41', '32', '43', '19', '16', '51', '30', '60', '87', '46', '58', '62', '44', '48', '59', '42', '47', '29', '52', '82', '49', '70', '31', '40', '50', '57', '61', '63', '56', '67', '68', '39', '72', '64', '65', '77', '73', '74', '80', '66', '81', '69', '79', '85', '71', '75', '76', '78', '83', '84', '86', '88', '89']"
507,1441,1.7164979154258486,33575,1461,996,721.3582489577129,"[0, 0, 2, 2, 1, 0, 1, 2, 1, 2, 3, 1, 3, 0, 1, 1, 0, 2, 2, 0, 3, 2, 3, 0, 1, 0, 3, 3, 3, 2, 1, 1, 2, 1, 0, 2, 3, 2, 3, 2, 3, 3, 0, 2, 3, 2, 1, 0, 1, 3, 0, 2, 0, 1, 0, 1, 3, 1, 3, 1, 1, 2, 1, 2, 3, 0, 3, 2, 0, 2, 0, 1, 2, 0, 0, 3, 2, 3, 1, 0, 0, 0, 3, 2, 0, 2, 0, 0, 0, 1]","['0', '2', '1', '3', '8', '17', '7', '16', '4', '87', '5', '6', '9', '23', '27', '18', '22', '13', '14', '21', '26', '36', '37', '34', '25', '35', '15', '10', '43', '24', '38', '45', '28', '54', '53', '44', '11', '46', '55', '12', '19', '20', '33', '30', '31', '41', '51', '47', '59', '60', '40', '42', '39', '32', '58', '52', '50', '57', '49', '29', '62', '82', '70', '48', '77', '56', '61', '67', '68', '63', '64', '72', '74', '65', '66', '69', '71', '75', '76', '78', '73', '79', '80', '83', '81', '85', '84', '86', '88', '89']"
508,1578,1.873552983081033,31017,1480,1111,789.9367764915405,"[0, 3, 0, 2, 3, 3, 1, 0, 2, 0, 0, 2, 2, 2, 3, 1, 1, 2, 1, 3, 3, 2, 0, 3, 1, 0, 1, 1, 0, 0, 3, 0, 1, 1, 1, 0, 1, 1, 3, 1, 0, 2, 1, 0, 2, 1, 1, 0, 0, 0, 0, 3, 1, 1, 0, 3, 1, 2, 2, 1, 0, 2, 3, 3, 0, 0, 3, 3, 1, 0, 2, 1, 3, 2, 1, 1, 2, 1, 0, 3, 2, 0, 1, 0, 2, 2, 2, 3, 0, 0]","['0', '2', '1', '7', '17', '5', '10', '4', '6', '12', '15', '3', '8', '11', '9', '26', '18', '14', '27', '13', '28', '21', '36', '20', '24', '35', '19', '25', '16', '87', '34', '41', '22', '44', '33', '46', '32', '29', '23', '37', '42', '30', '47', '43', '48', '51', '60', '52', '31', '45', '39', '54', '53', '49', '77', '58', '55', '38', '40', '50', '70', '59', '82', '56', '67', '68', '57', '62', '61', '63', '64', '65', '66', '72', '73', '80', '69', '74', '81', '85', '79', '71', '75', '76', '78', '83', '84', '86', '88', '89']"
509,1484,1.7489687684148498,32000,1292,919,742.8744843842074,"[2, 2, 0, 1, 0, 3, 0, 0, 3, 1, 2, 1, 2, 1, 1, 3, 3, 3, 2, 0, 2, 0, 0, 2, 1, 1, 2, 3, 0, 0, 1, 1, 3, 2, 0, 3, 1, 3, 1, 3, 2, 0, 3, 0, 2, 3, 1, 0, 3, 2, 0, 0, 1, 3, 3, 3, 1, 3, 3, 0, 2, 2, 3, 0, 0, 3, 3, 2, 2, 3, 2, 3, 0, 3, 2, 2, 3, 2, 3, 1, 1, 3, 0, 0, 1, 2, 3, 1, 2, 3]","['0', '1', '8', '7', '2', '16', '3', '87', '4', '6', '14', '13', '5', '12', '10', '28', '15', '11', '9', '23', '27', '22', '26', '24', '17', '18', '20', '38', '32', '19', '30', '25', '29', '31', '40', '21', '35', '45', '50', '54', '46', '57', '44', '37', '34', '41', '48', '56', '82', '39', '68', '67', '47', '43', '36', '55', '52', '49', '53', '77', '51', '72', '74', '73', '58', '70', '80', '81', '60', '62', '59', '85', '79', '61', '63', '64', '33', '65', '42', '66', '69', '71', '75', '76', '78', '83', '84', '86', '88', '89']"
510,1445,1.7090479006505026,32859,1384,948,723.3545239503253,"[3, 0, 0, 3, 2, 1, 0, 2, 1, 3, 2, 0, 3, 0, 0, 1, 1, 1, 0, 3, 0, 2, 0, 3, 2, 0, 1, 1, 0, 0, 2, 1, 3, 3, 1, 0, 2, 3, 1, 3, 3, 1, 2, 2, 2, 3, 3, 1, 2, 1, 3, 3, 1, 3, 2, 3, 1, 1, 2, 3, 1, 3, 3, 2, 3, 1, 1, 2, 2, 2, 3, 2, 2, 0, 3, 0, 0, 0, 2, 2, 1, 0, 1, 2, 2, 3, 0, 1, 1, 2]","['0', '1', '2', '3', '5', '10', '7', '12', '4', '17', '6', '15', '14', '19', '13', '8', '30', '11', '9', '27', '28', '16', '25', '18', '22', '20', '23', '26', '21', '36', '35', '87', '44', '38', '34', '37', '33', '42', '46', '29', '31', '40', '50', '24', '41', '48', '47', '43', '56', '52', '67', '45', '68', '32', '39', '55', '54', '49', '77', '82', '57', '70', '51', '72', '74', '60', '59', '53', '58', '61', '62', '63', '73', '64', '79', '65', '80', '85', '81', '66', '69', '71', '75', '76', '78', '83', '84', '86', '88', '89']"
511,1398,1.676761619190405,32620,1422,987,699.8383808095952,"[1, 0, 0, 1, 0, 3, 3, 2, 3, 0, 1, 3, 0, 0, 2, 0, 1, 1, 2, 2, 0, 3, 1, 1, 2, 2, 3, 3, 0, 3, 1, 0, 2, 2, 3, 0, 3, 0, 3, 2, 0, 1, 3, 1, 1, 1, 3, 0, 0, 0, 3, 2, 2, 1, 2, 3, 2, 2, 0, 0, 0, 0, 2, 1, 3, 2, 1, 1, 2, 0, 2, 1, 3, 3, 2, 1, 0, 3, 1, 2, 1, 1, 0, 2, 0, 1, 2, 1, 3, 1]","['0', '1', '7', '4', '3', '2', '17', '5', '6', '15', '11', '14', '12', '10', '13', '9', '18', '21', '37', '20', '28', '33', '35', '46', '32', '19', '49', '8', '29', '23', '16', '45', '26', '25', '36', '55', '42', '22', '43', '53', '30', '24', '27', '44', '54', '70', '87', '31', '40', '82', '50', '39', '57', '34', '77', '41', '51', '48', '38', '59', '60', '47', '58', '56', '68', '67', '61', '72', '73', '63', '62', '80', '79', '81', '52', '85', '74', '64', '65', '66', '69', '71', '75', '76', '78', '83', '84', '86', '88', '89']"
512,1531,1.807556080283353,32890,1332,985,766.4037780401417,"[0, 2, 3, 3, 0, 0, 0, 1, 0, 0, 2, 2, 2, 2, 0, 3, 2, 3, 2, 1, 2, 3, 1, 1, 3, 2, 1, 3, 2, 0, 0, 0, 0, 2, 0, 0, 2, 0, 1, 3, 3, 2, 0, 3, 3, 2, 1, 2, 3, 0, 1, 0, 0, 3, 1, 3, 2, 0, 0, 3, 3, 0, 0, 1, 3, 3, 0, 3, 0, 0, 0, 2, 0, 2, 0, 3, 0, 0, 0, 3, 1, 2, 2, 3, 3, 2, 0, 3, 3, 0]","['0', '1', '4', '7', '8', '2', '16', '17', '3', '6', '5', '12', '13', '15', '87', '19', '10', '28', '11', '14', '9', '23', '21', '25', '24', '26', '29', '37', '82', '36', '34', '18', '20', '41', '30', '33', '47', '42', '27', '35', '46', '31', '48', '44', '22', '39', '52', '32', '43', '40', '49', '50', '70', '51', '57', '38', '58', '59', '60', '56', '68', '67', '77', '72', '73', '74', '80', '45', '54', '53', '62', '81', '55', '61', '63', '85', '79', '64', '65', '66', '69', '71', '75', '76', '78', '83', '84', '86', '88', '89']"
513,1366,1.6359281437125748,32259,1458,1050,683.8179640718563,"[1, 3, 2, 3, 2, 0, 0, 1, 2, 0, 3, 0, 2, 3, 3, 0, 0, 3, 0, 0, 3, 2, 0, 0, 2, 2, 3, 2, 3, 3, 1, 1, 3, 1, 1, 0, 2, 0, 1, 2, 1, 2, 1, 1, 0, 3, 2, 3, 1, 2, 2, 0, 1, 0, 1, 3, 2, 0, 2, 2, 0, 1, 2, 1, 3, 0, 0, 2, 0, 2, 2, 2, 3, 3, 0, 3, 2, 0, 2, 3, 3, 0, 3, 3, 1, 3, 3, 2, 1, 3]","['0', '2', '1', '5', '12', '11', '10', '4', '3', '17', '6', '9', '18', '21', '24', '36', '8', '22', '14', '23', '26', '34', '35', '15', '7', '27', '25', '19', '16', '30', '43', '37', '38', '46', '45', '13', '20', '32', '33', '41', '51', '55', '60', '29', '28', '82', '31', '58', '54', '87', '44', '42', '53', '48', '62', '59', '47', '52', '40', '49', '50', '39', '77', '57', '56', '68', '70', '61', '67', '72', '74', '63', '64', '73', '79', '65', '66', '80', '69', '85', '71', '75', '81', '76', '78', '83', '84', '86', '88', '89']"
514,1663,1.9645599527466036,31868,1439,974,832.4822799763733,"[1, 2, 3, 3, 2, 0, 1, 1, 1, 3, 3, 1, 2, 0, 2, 0, 1, 0, 2, 3, 1, 3, 0, 3, 1, 1, 1, 3, 3, 1, 1, 0, 1, 0, 2, 0, 0, 3, 0, 3, 0, 3, 3, 1, 0, 1, 0, 1, 1, 0, 0, 0, 0, 2, 3, 3, 3, 1, 1, 0, 1, 0, 2, 1, 0, 1, 0, 0, 2, 3, 1, 0, 2, 0, 3, 2, 3, 2, 2, 1, 1, 3, 3, 1, 3, 3, 0, 3, 1, 0]","['0', '1', '5', '4', '7', '2', '8', '11', '17', '3', '6', '10', '12', '14', '15', '19', '29', '82', '9', '23', '22', '30', '21', '18', '20', '26', '27', '36', '33', '38', '42', '31', '40', '24', '25', '37', '39', '77', '34', '32', '41', '47', '16', '48', '87', '50', '35', '46', '56', '43', '49', '70', '44', '45', '57', '51', '67', '58', '53', '52', '68', '62', '54', '60', '13', '72', '59', '74', '73', '80', '28', '81', '85', '79', '55', '61', '63', '64', '65', '66', '69', '71', '75', '76', '78', '83', '84', '86', '88', '89']"
515,1531,1.8193701723113487,34278,1526,1082,766.4096850861557,"[0, 0, 1, 0, 2, 1, 3, 3, 2, 0, 1, 0, 2, 3, 0, 3, 1, 0, 3, 1, 3, 1, 2, 0, 1, 3, 2, 2, 2, 1, 3, 0, 1, 1, 1, 0, 3, 3, 3, 2, 1, 0, 1, 2, 3, 0, 3, 1, 1, 3, 2, 2, 3, 1, 1, 3, 3, 0, 1, 1, 0, 3, 3, 0, 2, 2, 3, 3, 1, 1, 1, 2, 0, 3, 0, 1, 0, 3, 2, 3, 1, 2, 2, 2, 3, 1, 2, 3, 2, 3]","['0', '2', '1', '7', '4', '6', '17', '13', '5', '10', '11', '9', '22', '26', '14', '24', '8', '18', '16', '21', '12', '3', '27', '28', '20', '37', '15', '25', '87', '19', '36', '35', '43', '44', '46', '23', '30', '34', '31', '32', '41', '40', '50', '39', '38', '45', '29', '48', '57', '49', '53', '70', '33', '47', '55', '56', '42', '82', '68', '54', '52', '77', '51', '58', '59', '60', '62', '72', '74', '67', '73', '79', '80', '61', '85', '81', '63', '64', '65', '66', '69', '71', '75', '76', '78', '83', '84', '86', '88', '89']"
516,1512,1.797859690844233,32877,1477,1042,756.8989298454221,"[3, 0, 2, 3, 2, 2, 3, 1, 3, 0, 1, 2, 3, 1, 0, 2, 0, 1, 2, 1, 0, 2, 3, 2, 3, 0, 3, 2, 1, 0, 2, 2, 2, 0, 0, 0, 1, 3, 2, 2, 3, 2, 0, 0, 2, 3, 3, 0, 1, 2, 0, 2, 0, 1, 1, 3, 3, 1, 1, 0, 0, 0, 3, 2, 3, 2, 1, 0, 0, 0, 1, 3, 2, 1, 1, 2, 1, 2, 0, 0, 1, 1, 0, 1, 1, 0, 1, 0, 0, 3]","['0', '1', '3', '2', '5', '7', '17', '11', '10', '12', '4', '6', '13', '15', '9', '18', '27', '21', '26', '19', '24', '34', '25', '8', '16', '36', '87', '28', '35', '37', '23', '44', '30', '20', '31', '39', '14', '43', '77', '40', '32', '49', '41', '45', '48', '29', '54', '53', '51', '59', '47', '52', '58', '46', '55', '22', '82', '33', '50', '57', '70', '42', '56', '38', '60', '67', '68', '61', '72', '74', '63', '64', '62', '73', '80', '65', '79', '66', '85', '81', '69', '71', '75', '76', '78', '83', '84', '86', '88', '89']"
517,1641,1.9635058330840562,33152,1565,1173,821.4817529165421,"[3, 2, 2, 3, 0, 1, 1, 0, 0, 1, 2, 3, 3, 2, 0, 1, 1, 1, 3, 2, 3, 1, 3, 2, 0, 2, 3, 3, 1, 0, 1, 2, 0, 0, 0, 2, 0, 2, 3, 2, 2, 0, 3, 0, 1, 0, 2, 0, 3, 2, 2, 1, 3, 0, 2, 1, 2, 0, 3, 0, 1, 3, 1, 2, 2, 2, 2, 1, 2, 0, 3, 1, 1, 2, 2, 2, 3, 0, 3, 1, 2, 1, 3, 0, 2, 2, 3, 0, 2, 3]","['0', '2', '1', '3', '7', '5', '11', '12', '4', '8', '16', '10', '6', '14', '13', '28', '17', '9', '22', '21', '36', '26', '27', '24', '34', '23', '35', '45', '43', '18', '38', '53', '54', '55', '87', '46', '25', '37', '20', '15', '41', '32', '19', '29', '49', '51', '33', '60', '58', '62', '47', '59', '44', '70', '82', '52', '30', '31', '39', '40', '48', '42', '50', '57', '56', '68', '72', '67', '74', '61', '73', '80', '81', '85', '77', '79', '63', '64', '65', '66', '69', '71', '75', '76', '78', '83', '84', '86', '88', '89']"
518,1600,1.8974206937444411,31851,1428,1030,800.9487103468722,"[2, 0, 3, 3, 0, 0, 0, 2, 0, 3, 1, 0, 0, 2, 2, 2, 0, 2, 1, 3, 2, 1, 0, 0, 0, 2, 0, 2, 3, 3, 1, 3, 0, 3, 0, 3, 1, 3, 3, 3, 3, 1, 3, 1, 2, 0, 3, 1, 3, 1, 3, 1, 2, 0, 3, 3, 2, 1, 1, 0, 1, 0, 2, 2, 1, 3, 0, 0, 1, 0, 0, 3, 1, 2, 2, 0, 2, 3, 2, 0, 0, 3, 2, 0, 1, 3, 0, 2, 3, 0]","['0', '2', '17', '1', '3', '7', '8', '5', '12', '4', '11', '6', '14', '9', '18', '16', '10', '15', '22', '25', '24', '19', '29', '26', '27', '87', '23', '20', '32', '33', '13', '21', '37', '36', '34', '28', '49', '38', '82', '42', '70', '30', '41', '47', '48', '35', '31', '45', '46', '39', '54', '40', '43', '51', '55', '60', '50', '77', '53', '59', '44', '57', '56', '67', '52', '61', '68', '63', '64', '72', '73', '80', '74', '79', '85', '81', '58', '62', '65', '66', '69', '71', '75', '76', '78', '83', '84', '86', '88', '89']"
519,1240,1.46011186340889,33774,1415,1017,620.7300559317044,"[3, 2, 1, 3, 2, 0, 1, 1, 2, 3, 1, 2, 3, 1, 2, 0, 3, 1, 0, 0, 2, 0, 0, 0, 1, 3, 3, 2, 2, 2, 3, 0, 3, 1, 1, 2, 0, 1, 1, 3, 2, 1, 1, 2, 3, 0, 0, 1, 3, 3, 0, 0, 2, 2, 3, 3, 2, 2, 2, 0, 2, 1, 3, 0, 1, 3, 3, 0, 2, 1, 2, 1, 3, 2, 2, 3, 2, 1, 0, 0, 3, 3, 3, 1, 3, 0, 0, 3, 2, 2]","['0', '2', '1', '4', '3', '5', '10', '7', '11', '8', '16', '12', '87', '6', '9', '14', '18', '17', '26', '23', '13', '22', '20', '21', '38', '25', '15', '28', '27', '19', '24', '37', '32', '36', '35', '30', '46', '29', '45', '55', '34', '44', '53', '49', '31', '82', '40', '33', '41', '42', '54', '70', '50', '47', '39', '48', '52', '43', '57', '51', '56', '58', '67', '59', '68', '60', '72', '61', '77', '74', '62', '73', '79', '63', '80', '64', '85', '81', '65', '66', '69', '71', '75', '76', '78', '83', '84', '86', '88', '89']"
520,1300,1.5620306398317814,31505,1531,1071,650.7810153199159,"[0, 3, 1, 3, 1, 2, 3, 2, 1, 2, 0, 0, 1, 0, 1, 1, 0, 0, 2, 1, 3, 0, 1, 2, 0, 1, 2, 2, 2, 0, 0, 3, 0, 2, 2, 3, 0, 3, 3, 0, 2, 1, 2, 3, 2, 3, 0, 0, 2, 0, 3, 2, 2, 3, 3, 3, 1, 2, 2, 0, 0, 1, 3, 3, 0, 3, 1, 1, 2, 0, 1, 3, 1, 1, 1, 1, 0, 3, 3, 0, 1, 1, 3, 1, 1, 0, 2, 3, 3, 0]","['0', '1', '8', '4', '5', '6', '10', '2', '7', '9', '3', '26', '18', '23', '27', '14', '13', '22', '16', '28', '24', '12', '87', '17', '11', '21', '37', '20', '35', '34', '45', '43', '54', '41', '48', '47', '25', '36', '44', '32', '52', '15', '38', '49', '33', '51', '70', '46', '55', '53', '19', '29', '58', '60', '30', '82', '62', '59', '42', '31', '40', '39', '77', '50', '57', '61', '63', '56', '67', '64', '65', '68', '66', '72', '74', '73', '79', '80', '81', '69', '71', '85', '75', '76', '78', '83', '84', '86', '88', '89']"
521,1285,1.5481927710843373,31707,1339,927,643.2740963855422,"[0, 0, 0, 1, 1, 3, 0, 1, 3, 1, 3, 1, 1, 3, 2, 2, 1, 1, 0, 3, 2, 2, 0, 3, 1, 2, 3, 1, 0, 2, 0, 0, 0, 2, 0, 0, 2, 1, 1, 2, 2, 0, 3, 1, 0, 1, 2, 1, 1, 2, 1, 1, 0, 0, 1, 0, 3, 1, 1, 1, 0, 0, 0, 2, 2, 3, 0, 2, 2, 3, 3, 1, 0, 3, 2, 2, 3, 1, 0, 2, 1, 0, 1, 3, 3, 1, 0, 3, 3, 1]","['0', '2', '17', '1', '3', '8', '4', '6', '14', '15', '5', '10', '12', '13', '11', '7', '19', '9', '22', '23', '21', '36', '18', '26', '35', '27', '25', '16', '20', '43', '87', '33', '42', '28', '37', '29', '82', '44', '34', '24', '46', '30', '32', '41', '47', '49', '38', '51', '59', '58', '31', '48', '52', '40', '39', '50', '57', '45', '77', '70', '53', '55', '62', '56', '60', '61', '67', '68', '72', '54', '74', '73', '63', '79', '64', '65', '66', '80', '69', '85', '81', '71', '75', '76', '78', '83', '84', '86', '88', '89']"
522,1389,1.599769651598042,32581,1285,896,695.299884825799,"[0, 2, 1, 2, 3, 3, 1, 3, 3, 1, 2, 1, 0, 2, 1, 0, 0, 0, 1, 2, 2, 2, 3, 0, 3, 3, 2, 0, 1, 3, 1, 2, 0, 2, 1, 2, 1, 1, 3, 2, 2, 0, 3, 3, 3, 0, 0, 1, 2, 2, 1, 2, 0, 1, 0, 0, 0, 1, 3, 3, 3, 1, 0, 0, 1, 0, 1, 0, 0, 2, 0, 3, 0, 2, 0, 0, 2, 1, 0, 1, 1, 3, 0, 3, 3, 3, 0, 0, 1, 3]","['0', '1', '8', '7', '5', '11', '2', '12', '3', '10', '16', '4', '6', '14', '87', '15', '13', '28', '9', '23', '21', '24', '18', '25', '37', '26', '34', '35', '36', '22', '17', '20', '33', '45', '32', '41', '46', '53', '38', '54', '49', '48', '70', '43', '44', '19', '29', '47', '42', '52', '30', '55', '27', '51', '31', '82', '39', '60', '77', '58', '62', '40', '50', '57', '56', '61', '67', '68', '59', '63', '64', '72', '74', '73', '79', '80', '81', '65', '85', '66', '69', '71', '75', '76', '78', '83', '84', '86', '88', '89']"
523,1447,1.70939161252215,30585,1331,905,724.354695806261,"[0, 3, 0, 3, 1, 2, 3, 0, 0, 0, 1, 3, 3, 0, 0, 2, 3, 2, 3, 2, 1, 1, 0, 3, 0, 0, 0, 2, 2, 1, 1, 0, 2, 0, 1, 1, 3, 0, 3, 2, 1, 3, 2, 1, 3, 3, 1, 3, 2, 1, 0, 1, 1, 2, 0, 3, 1, 2, 0, 0, 1, 1, 0, 0, 0, 2, 0, 2, 2, 1, 2, 1, 1, 2, 0, 2, 0, 1, 3, 2, 3, 0, 1, 1, 1, 0, 2, 2, 2, 2]","['0', '1', '3', '4', '6', '14', '15', '5', '7', '2', '10', '8', '16', '17', '9', '27', '22', '13', '87', '26', '18', '24', '28', '20', '21', '25', '34', '36', '32', '11', '41', '35', '47', '46', '33', '45', '43', '51', '37', '53', '54', '44', '42', '55', '23', '12', '19', '48', '29', '59', '58', '60', '62', '49', '52', '30', '31', '82', '39', '70', '40', '77', '38', '50', '57', '56', '61', '63', '64', '67', '68', '65', '66', '72', '69', '73', '71', '80', '74', '75', '85', '81', '76', '79', '78', '83', '84', '86', '88', '89']"
524,1243,1.4984930681133213,31521,1289,867,622.2492465340566,"[0, 3, 2, 2, 1, 2, 0, 2, 3, 2, 2, 1, 2, 3, 3, 1, 0, 2, 1, 0, 0, 1, 1, 0, 1, 2, 2, 3, 3, 0, 2, 0, 2, 2, 0, 1, 3, 2, 2, 0, 1, 3, 3, 0, 1, 1, 2, 0, 1, 3, 3, 0, 0, 3, 0, 0, 2, 3, 0, 3, 2, 1, 2, 0, 3, 0, 0, 2, 3, 1, 1, 1, 0, 1, 3, 2, 2, 2, 2, 2, 2, 1, 3, 1, 2, 3, 3, 3, 3, 3]","['0', '2', '1', '4', '17', '5', '6', '13', '3', '14', '10', '7', '9', '12', '22', '23', '38', '11', '15', '18', '19', '8', '25', '27', '16', '21', '24', '37', '36', '34', '28', '29', '26', '87', '35', '20', '43', '30', '46', '41', '48', '45', '47', '31', '39', '44', '40', '53', '54', '52', '33', '77', '82', '50', '55', '57', '51', '42', '58', '56', '59', '32', '67', '68', '62', '60', '49', '70', '61', '72', '74', '73', '80', '81', '63', '79', '64', '65', '66', '85', '69', '71', '75', '76', '78', '83', '84', '86', '88', '89']"
525,1402,1.6720333929636255,32931,1429,1022,701.8360166964818,"[3, 3, 3, 1, 2, 1, 2, 3, 1, 1, 3, 0, 3, 3, 0, 0, 0, 2, 2, 3, 0, 2, 0, 1, 0, 0, 3, 0, 2, 0, 1, 0, 2, 2, 1, 3, 0, 3, 1, 0, 1, 2, 0, 1, 1, 1, 1, 1, 1, 1, 0, 1, 3, 3, 1, 1, 1, 0, 2, 3, 1, 3, 1, 0, 3, 0, 2, 0, 0, 1, 3, 2, 3, 1, 2, 2, 2, 1, 0, 2, 3, 3, 0, 2, 0, 1, 3, 1, 3, 2]","['0', '2', '17', '1', '4', '5', '8', '6', '10', '9', '14', '27', '3', '18', '7', '11', '23', '26', '25', '22', '16', '87', '12', '38', '13', '24', '28', '20', '21', '37', '32', '35', '36', '15', '45', '34', '53', '44', '41', '47', '55', '43', '33', '46', '54', '52', '48', '19', '42', '30', '49', '31', '40', '50', '57', '56', '51', '60', '58', '29', '59', '39', '77', '62', '68', '67', '61', '72', '82', '73', '63', '74', '79', '64', '70', '80', '81', '85', '65', '66', '69', '71', '75', '76', '78', '83', '84', '86', '88', '89']"
526,1451,1.7614567526555387,32834,1549,1102,726.3807283763277,"[3, 0, 1, 1, 2, 0, 0, 3, 1, 0, 2, 3, 1, 1, 1, 2, 0, 3, 1, 2, 1, 3, 0, 2, 2, 0, 2, 3, 0, 0, 3, 3, 2, 1, 0, 1, 3, 0, 2, 3, 0, 0, 1, 0, 1, 3, 1, 3, 0, 0, 2, 1, 2, 1, 1, 2, 1, 0, 2, 0, 3, 0, 1, 1, 2, 3, 3, 0, 1, 0, 0, 3, 0, 3, 0, 0, 1, 3, 3, 1, 2, 3, 2, 0, 1, 2, 3, 1, 0, 2]","['0', '2', '17', '1', '8', '4', '5', '3', '10', '7', '6', '15', '13', '28', '9', '24', '14', '11', '23', '25', '22', '27', '18', '20', '12', '21', '16', '36', '87', '34', '41', '35', '46', '44', '33', '19', '26', '47', '38', '37', '30', '29', '32', '82', '48', '52', '49', '31', '39', '43', '40', '77', '45', '54', '50', '42', '55', '53', '51', '57', '58', '62', '60', '70', '59', '61', '63', '64', '65', '56', '66', '67', '69', '71', '68', '75', '72', '74', '76', '73', '79', '80', '85', '81', '78', '83', '84', '86', '88', '89']"
527,1373,1.6537187594098164,34256,1595,1066,687.326859379705,"[1, 3, 1, 2, 1, 1, 3, 1, 3, 2, 1, 3, 0, 1, 2, 3, 0, 1, 0, 3, 3, 3, 2, 2, 2, 2, 2, 1, 0, 2, 2, 1, 3, 3, 1, 3, 0, 0, 2, 0, 1, 3, 2, 3, 0, 0, 3, 1, 0, 3, 0, 2, 3, 3, 3, 2, 3, 0, 3, 3, 1, 2, 2, 2, 3, 2, 3, 0, 2, 3, 2, 1, 0, 1, 1, 2, 2, 1, 1, 3, 3, 0, 0, 0, 2, 0, 1, 0, 2, 3]","['0', '2', '17', '1', '5', '7', '12', '3', '10', '4', '6', '13', '8', '16', '28', '15', '19', '30', '11', '14', '87', '9', '27', '21', '35', '23', '25', '18', '22', '29', '82', '38', '37', '45', '55', '36', '53', '43', '26', '20', '34', '33', '32', '31', '42', '44', '54', '40', '50', '57', '46', '41', '51', '49', '24', '70', '39', '48', '60', '59', '56', '68', '67', '47', '77', '61', '52', '63', '64', '58', '62', '72', '65', '66', '74', '69', '73', '71', '79', '80', '85', '75', '81', '76', '78', '83', '84', '86', '88', '89']"
528,1534,1.8175355450236967,31001,1404,1019,767.9087677725119,"[1, 0, 1, 2, 3, 1, 3, 0, 3, 2, 0, 2, 3, 0, 1, 2, 3, 3, 2, 0, 2, 2, 3, 2, 0, 2, 0, 2, 1, 3, 0, 0, 0, 3, 2, 2, 2, 0, 0, 1, 3, 2, 0, 1, 0, 2, 2, 2, 2, 1, 2, 0, 2, 1, 2, 1, 2, 3, 0, 2, 3, 3, 1, 0, 3, 1, 3, 0, 0, 2, 0, 1, 3, 2, 2, 1, 0, 3, 0, 0, 1, 0, 1, 0, 3, 2, 0, 2, 3, 2]","['0', '2', '1', '3', '4', '6', '7', '13', '5', '14', '9', '10', '21', '11', '8', '22', '24', '25', '27', '16', '26', '17', '15', '12', '87', '37', '28', '23', '34', '38', '35', '46', '18', '45', '20', '55', '33', '44', '43', '54', '53', '36', '41', '19', '47', '48', '29', '42', '32', '30', '31', '49', '82', '39', '52', '40', '50', '77', '51', '58', '57', '70', '56', '62', '59', '68', '72', '74', '67', '73', '80', '60', '61', '85', '79', '63', '64', '81', '65', '66', '69', '71', '75', '76', '78', '83', '84', '86', '88', '89']"
529,1463,1.7411484677179412,32120,1510,1008,732.370574233859,"[1, 0, 2, 0, 0, 1, 3, 3, 2, 3, 1, 3, 0, 2, 3, 2, 0, 3, 3, 1, 3, 2, 2, 3, 0, 1, 1, 3, 3, 0, 0, 1, 2, 3, 1, 2, 2, 3, 3, 2, 3, 0, 3, 1, 2, 1, 2, 0, 3, 2, 3, 0, 3, 3, 0, 1, 2, 0, 0, 0, 2, 3, 1, 3, 0, 2, 0, 3, 1, 2, 0, 0, 0, 3, 1, 3, 0, 0, 1, 2, 3, 0, 0, 0, 0, 3, 0, 1, 1, 3]","['0', '2', '17', '1', '5', '11', '4', '6', '13', '14', '9', '3', '23', '25', '22', '21', '35', '44', '34', '45', '10', '36', '55', '53', '24', '27', '28', '43', '37', '54', '15', '7', '26', '38', '18', '12', '46', '19', '29', '30', '82', '8', '31', '40', '50', '39', '20', '16', '33', '57', '87', '41', '77', '32', '48', '56', '42', '68', '49', '72', '73', '79', '74', '47', '67', '52', '80', '70', '81', '51', '60', '58', '85', '62', '59', '61', '63', '64', '65', '66', '69', '71', '75', '76', '78', '83', '84', '86', '88', '89']"
530,1514,1.781700500147102,30606,1394,962,757.8908502500735,"[2, 0, 3, 3, 2, 3, 3, 1, 2, 0, 2, 2, 1, 3, 2, 2, 0, 0, 1, 3, 0, 1, 3, 3, 2, 1, 1, 1, 0, 2, 1, 1, 2, 3, 2, 0, 1, 1, 0, 2, 3, 2, 0, 3, 0, 0, 3, 0, 1, 0, 3, 3, 0, 1, 3, 2, 1, 0, 3, 1, 3, 2, 2, 2, 0, 2, 3, 0, 3, 2, 2, 1, 2, 2, 3, 2, 3, 3, 1, 3, 3, 1, 3, 3, 0, 3, 2, 3, 2, 0]","['0', '1', '4', '7', '8', '2', '17', '16', '5', '6', '12', '10', '3', '9', '27', '14', '13', '11', '24', '28', '15', '23', '18', '87', '20', '19', '22', '25', '38', '29', '82', '33', '30', '32', '26', '21', '31', '37', '39', '36', '77', '35', '40', '50', '43', '46', '57', '34', '42', '41', '45', '49', '47', '48', '56', '51', '55', '58', '54', '70', '44', '52', '53', '67', '68', '62', '72', '60', '73', '59', '80', '79', '81', '61', '74', '63', '85', '64', '65', '66', '69', '71', '75', '76', '78', '83', '84', '86', '88', '89']"
531,1394,1.6610068513553768,30905,1440,986,697.8305034256776,"[3, 3, 0, 1, 3, 2, 3, 0, 0, 3, 1, 2, 1, 1, 2, 1, 2, 1, 1, 3, 1, 1, 2, 0, 0, 2, 2, 2, 0, 1, 0, 0, 3, 2, 2, 2, 1, 0, 1, 3, 3, 0, 2, 1, 0, 0, 2, 2, 1, 3, 0, 0, 1, 3, 3, 2, 3, 3, 1, 0, 0, 2, 3, 0, 3, 2, 1, 1, 2, 2, 1, 2, 1, 0, 1, 3, 2, 0, 0, 1, 2, 1, 2, 3, 2, 0, 0, 1, 3, 1]","['0', '1', '3', '2', '5', '10', '17', '8', '12', '11', '7', '16', '87', '4', '6', '15', '19', '13', '9', '24', '26', '22', '25', '18', '21', '14', '35', '36', '37', '30', '20', '45', '34', '23', '27', '31', '32', '41', '54', '38', '48', '29', '55', '44', '33', '46', '47', '43', '53', '51', '49', '59', '39', '77', '60', '70', '42', '28', '52', '82', '40', '58', '62', '50', '56', '67', '68', '72', '57', '61', '74', '63', '73', '80', '79', '85', '64', '65', '81', '66', '69', '71', '75', '76', '78', '83', '84', '86', '88', '89']"
532,1493,1.7513196480938416,34521,1365,974,747.3756598240469,"[3, 1, 1, 0, 3, 2, 3, 0, 3, 0, 2, 2, 2, 3, 3, 3, 1, 2, 3, 1, 0, 2, 3, 2, 1, 0, 3, 3, 2, 3, 3, 0, 2, 3, 2, 0, 2, 3, 0, 3, 2, 0, 0, 3, 2, 2, 3, 1, 1, 2, 0, 3, 1, 0, 3, 1, 0, 3, 1, 1, 3, 1, 3, 3, 2, 1, 1, 2, 2, 1, 2, 2, 3, 0, 0, 2, 0, 1, 3, 3, 3, 2, 0, 1, 0, 3, 0, 1, 3, 3]","['0', '2', '1', '17', '7', '4', '5', '8', '16', '87', '6', '9', '22', '26', '27', '18', '3', '24', '11', '21', '34', '15', '36', '37', '14', '20', '10', '33', '25', '13', '42', '35', '46', '12', '43', '45', '55', '19', '32', '49', '23', '41', '29', '51', '38', '54', '60', '30', '28', '44', '59', '53', '48', '82', '47', '52', '70', '31', '39', '58', '62', '40', '77', '50', '56', '67', '68', '57', '72', '74', '73', '79', '61', '80', '81', '85', '63', '64', '65', '66', '69', '71', '75', '76', '78', '83', '84', '86', '88', '89']"
533,1357,1.5811243810078648,31693,1388,924,679.2905621905039,"[2, 2, 0, 3, 2, 3, 0, 1, 0, 1, 3, 0, 1, 0, 3, 3, 1, 2, 1, 2, 3, 3, 3, 2, 3, 0, 1, 3, 0, 0, 0, 0, 0, 0, 3, 1, 3, 1, 1, 0, 1, 3, 2, 3, 0, 1, 3, 1, 1, 3, 2, 2, 3, 1, 1, 0, 0, 1, 0, 2, 1, 0, 2, 2, 0, 3, 0, 3, 3, 2, 0, 2, 3, 3, 1, 3, 2, 2, 3, 3, 1, 0, 2, 1, 1, 3, 2, 1, 3, 1]","['0', '2', '17', '1', '8', '7', '3', '16', '87', '4', '6', '15', '13', '14', '5', '11', '12', '19', '29', '30', '82', '9', '23', '21', '35', '24', '22', '46', '44', '27', '34', '25', '26', '43', '38', '31', '10', '40', '50', '45', '37', '55', '36', '53', '18', '28', '54', '20', '57', '41', '47', '52', '48', '39', '77', '33', '42', '51', '56', '68', '58', '67', '62', '32', '49', '70', '60', '61', '72', '74', '73', '80', '81', '85', '59', '79', '63', '64', '65', '66', '69', '71', '75', '76', '78', '83', '84', '86', '88', '89']"
534,1500,1.7673048600883652,28594,1327,937,750.8836524300442,"[3, 3, 3, 3, 3, 3, 1, 3, 1, 2, 1, 0, 2, 1, 1, 0, 0, 3, 0, 1, 3, 0, 2, 3, 2, 3, 0, 3, 1, 3, 3, 2, 3, 1, 0, 3, 2, 1, 3, 2, 0, 1, 3, 0, 3, 3, 3, 3, 0, 2, 0, 3, 2, 0, 3, 3, 0, 3, 0, 0, 1, 3, 0, 0, 3, 0, 0, 3, 3, 3, 0, 1, 3, 1, 3, 0, 2, 2, 2, 0, 2, 1, 3, 2, 0, 2, 2, 0, 2, 0]","['0', '1', '2', '7', '4', '6', '14', '3', '13', '8', '5', '12', '9', '11', '16', '27', '21', '37', '24', '25', '17', '18', '20', '10', '32', '23', '35', '36', '15', '33', '43', '22', '34', '42', '87', '49', '26', '28', '19', '70', '44', '45', '55', '29', '54', '46', '82', '30', '38', '53', '41', '51', '31', '59', '60', '47', '40', '52', '48', '58', '39', '77', '50', '62', '57', '61', '63', '64', '65', '66', '56', '68', '72', '67', '74', '73', '80', '79', '85', '69', '71', '75', '76', '78', '83', '81', '84', '86', '88', '89']"
535,1362,1.613744075829384,33334,1587,1088,681.8068720379147,"[2, 1, 0, 2, 0, 3, 1, 1, 1, 3, 3, 1, 3, 0, 3, 0, 1, 3, 1, 2, 2, 3, 3, 3, 1, 2, 2, 1, 2, 3, 0, 2, 2, 0, 2, 3, 2, 2, 0, 3, 3, 0, 0, 1, 0, 1, 0, 1, 1, 1, 1, 3, 0, 0, 1, 3, 0, 2, 2, 0, 0, 3, 0, 1, 2, 2, 2, 0, 1, 1, 3, 3, 0, 2, 1, 1, 2, 0, 3, 3, 0, 0, 3, 2, 1, 2, 1, 2, 3, 0]","['0', '1', '8', '7', '3', '4', '5', '2', '10', '11', '6', '15', '14', '9', '13', '25', '26', '16', '22', '18', '17', '87', '27', '28', '23', '20', '24', '33', '38', '21', '34', '41', '37', '32', '49', '35', '46', '48', '45', '47', '55', '44', '53', '52', '43', '12', '36', '42', '54', '70', '51', '58', '59', '62', '60', '19', '29', '30', '82', '31', '40', '39', '50', '56', '67', '57', '77', '61', '63', '64', '68', '65', '72', '73', '66', '74', '69', '80', '81', '85', '71', '79', '75', '76', '78', '83', '84', '86', '88', '89']"
536,1527,1.8458748866727108,31557,1501,1041,764.4229374433363,"[1, 0, 2, 1, 1, 2, 0, 1, 2, 3, 2, 1, 2, 2, 2, 3, 0, 0, 3, 3, 2, 0, 2, 0, 1, 3, 0, 0, 2, 3, 1, 3, 0, 0, 1, 3, 1, 1, 1, 1, 2, 3, 3, 0, 2, 2, 2, 3, 3, 3, 1, 3, 3, 3, 2, 0, 3, 2, 3, 3, 1, 3, 1, 1, 0, 3, 1, 1, 1, 0, 3, 2, 3, 0, 0, 0, 0, 3, 2, 2, 1, 1, 3, 3, 2, 3, 3, 0, 1, 2]","['0', '1', '3', '7', '5', '11', '4', '2', '8', '6', '14', '15', '17', '16', '13', '87', '9', '23', '24', '25', '21', '10', '35', '37', '28', '43', '36', '22', '26', '46', '18', '34', '20', '12', '27', '19', '33', '30', '38', '29', '42', '32', '44', '31', '45', '41', '49', '47', '82', '40', '50', '53', '70', '57', '48', '51', '60', '39', '52', '58', '59', '55', '61', '77', '54', '62', '63', '56', '68', '64', '72', '67', '73', '79', '65', '66', '69', '74', '80', '85', '81', '71', '75', '76', '78', '83', '84', '86', '88', '89']"
537,1578,1.8909526662672258,32160,1404,962,789.9454763331336,"[3, 2, 0, 2, 0, 0, 2, 2, 0, 1, 1, 1, 0, 0, 3, 3, 0, 2, 2, 2, 3, 3, 1, 2, 3, 0, 3, 2, 3, 3, 2, 3, 0, 3, 1, 1, 2, 0, 0, 0, 3, 0, 0, 2, 0, 2, 2, 0, 0, 1, 3, 1, 2, 0, 1, 0, 0, 2, 1, 3, 3, 2, 1, 3, 2, 2, 2, 1, 0, 2, 0, 3, 0, 3, 1, 0, 0, 2, 2, 1, 1, 1, 1, 0, 3, 3, 0, 0, 1, 3]","['0', '1', '7', '4', '5', '12', '10', '2', '8', '17', '16', '3', '11', '87', '6', '9', '14', '26', '15', '23', '27', '13', '19', '25', '29', '30', '18', '28', '20', '82', '24', '32', '31', '33', '39', '21', '35', '37', '44', '40', '34', '50', '22', '57', '45', '46', '41', '55', '36', '38', '42', '43', '77', '47', '52', '53', '51', '58', '60', '61', '48', '54', '49', '59', '63', '70', '56', '62', '67', '68', '72', '64', '74', '73', '65', '79', '66', '80', '85', '69', '71', '81', '75', '76', '78', '83', '84', '86', '88', '89']"
538,1435,1.6618413433700059,30260,1325,849,718.330920671685,"[3, 1, 2, 3, 1, 1, 2, 3, 0, 1, 3, 2, 1, 1, 0, 0, 1, 3, 1, 3, 3, 1, 0, 2, 2, 2, 2, 2, 1, 0, 2, 3, 0, 0, 1, 2, 1, 0, 0, 1, 1, 2, 3, 0, 0, 0, 2, 3, 0, 2, 2, 0, 3, 3, 3, 0, 2, 1, 3, 3, 3, 1, 3, 2, 0, 2, 0, 3, 1, 1, 3, 1, 0, 3, 1, 2, 2, 1, 1, 2, 2, 0, 3, 3, 0, 1, 0, 1, 1, 1]","['0', '2', '17', '1', '8', '4', '6', '5', '12', '11', '7', '15', '14', '16', '3', '9', '24', '87', '19', '26', '29', '22', '18', '21', '37', '25', '27', '23', '13', '82', '34', '38', '20', '35', '36', '45', '53', '10', '30', '28', '32', '43', '46', '41', '55', '54', '47', '48', '44', '51', '33', '49', '42', '31', '60', '70', '59', '40', '39', '52', '77', '58', '62', '50', '56', '57', '67', '68', '61', '63', '72', '74', '73', '80', '79', '81', '64', '85', '65', '66', '69', '71', '75', '76', '78', '83', '84', '86', '88', '89']"
539,1781,2.114574057583853,32441,1540,1090,891.557287028792,"[1, 3, 0, 2, 3, 1, 1, 2, 3, 1, 1, 0, 1, 3, 1, 0, 3, 1, 0, 3, 3, 0, 1, 1, 0, 2, 3, 2, 1, 0, 0, 0, 2, 0, 2, 2, 1, 0, 0, 3, 1, 3, 0, 0, 0, 2, 0, 2, 2, 1, 1, 1, 0, 2, 0, 3, 2, 0, 0, 2, 1, 3, 0, 2, 0, 3, 0, 1, 3, 2, 0, 3, 2, 1, 0, 0, 0, 2, 0, 0, 3, 2, 1, 0, 3, 1, 2, 1, 3, 2]","['0', '2', '1', '3', '4', '8', '17', '7', '6', '13', '5', '9', '21', '10', '18', '36', '26', '34', '35', '45', '55', '44', '46', '25', '11', '43', '20', '15', '28', '32', '41', '22', '33', '12', '48', '16', '24', '87', '53', '27', '42', '47', '51', '54', '59', '19', '52', '14', '23', '30', '38', '29', '60', '82', '58', '37', '31', '62', '39', '40', '49', '50', '77', '57', '56', '68', '72', '70', '73', '80', '79', '74', '67', '61', '63', '64', '81', '65', '66', '69', '71', '75', '76', '78', '85', '83', '84', '86', '88', '89']"
540,1597,1.9097159940209267,30340,1409,963,799.4548579970104,"[1, 1, 0, 1, 3, 1, 0, 2, 3, 3, 3, 1, 3, 2, 0, 2, 3, 1, 0, 0, 1, 3, 2, 0, 3, 0, 0, 2, 1, 2, 1, 3, 0, 1, 2, 3, 3, 2, 1, 3, 3, 3, 0, 2, 3, 3, 3, 3, 2, 3, 2, 0, 3, 0, 2, 0, 3, 2, 1, 0, 2, 1, 3, 1, 1, 0, 3, 2, 3, 1, 3, 1, 3, 0, 2, 3, 0, 2, 2, 3, 1, 1, 0, 2, 0, 1, 3, 3, 0, 3]","['0', '2', '17', '1', '4', '8', '5', '12', '7', '3', '11', '10', '6', '13', '16', '15', '87', '19', '9', '23', '27', '24', '22', '30', '21', '36', '25', '35', '46', '44', '34', '18', '14', '26', '20', '28', '31', '39', '43', '32', '38', '45', '33', '54', '55', '41', '37', '53', '49', '47', '51', '58', '52', '77', '70', '42', '29', '40', '50', '62', '59', '57', '82', '60', '48', '56', '67', '61', '63', '68', '64', '72', '65', '74', '66', '69', '71', '75', '73', '76', '80', '85', '79', '81', '78', '83', '84', '86', '88', '89']"
541,1580,1.8659580749926188,32993,1327,950,790.9329790374964,"[3, 1, 3, 2, 1, 1, 1, 2, 2, 1, 0, 3, 1, 3, 0, 1, 1, 0, 1, 1, 3, 2, 0, 2, 2, 2, 1, 0, 0, 1, 0, 2, 3, 0, 2, 1, 1, 1, 2, 2, 2, 1, 3, 2, 3, 3, 0, 3, 2, 0, 1, 3, 2, 1, 2, 2, 3, 1, 2, 2, 0, 1, 0, 3, 3, 2, 3, 3, 1, 3, 3, 2, 2, 3, 0, 3, 2, 0, 1, 3, 1, 0, 1, 3, 2, 2, 2, 2, 3, 3]","['0', '1', '3', '8', '2', '17', '5', '12', '11', '7', '10', '4', '6', '16', '14', '15', '13', '87', '28', '19', '9', '23', '26', '27', '25', '18', '24', '30', '21', '20', '34', '33', '22', '37', '38', '35', '32', '45', '41', '53', '55', '54', '49', '31', '47', '70', '29', '40', '39', '43', '50', '77', '46', '51', '48', '57', '36', '42', '56', '59', '44', '60', '52', '61', '82', '63', '58', '67', '64', '62', '68', '72', '74', '73', '80', '85', '65', '81', '79', '66', '69', '71', '75', '76', '78', '83', '84', '86', '88', '89']"
542,1338,1.5895455895455894,33141,1424,1021,669.7947727947728,"[1, 2, 2, 2, 0, 0, 2, 1, 1, 0, 2, 3, 0, 0, 2, 1, 0, 2, 3, 2, 0, 2, 3, 2, 1, 1, 2, 3, 3, 1, 3, 2, 3, 0, 3, 1, 1, 0, 3, 2, 3, 0, 2, 2, 3, 2, 0, 2, 0, 2, 2, 3, 1, 0, 3, 1, 0, 3, 0, 0, 3, 0, 0, 0, 2, 3, 1, 0, 1, 2, 1, 1, 1, 3, 2, 1, 2, 0, 2, 0, 3, 3, 1, 0, 2, 1, 3, 0, 0, 0]","['0', '2', '1', '17', '4', '8', '6', '15', '13', '5', '9', '14', '7', '23', '18', '20', '22', '16', '10', '33', '28', '21', '32', '11', '25', '34', '41', '12', '37', '35', '3', '47', '24', '43', '36', '48', '87', '38', '49', '46', '51', '26', '45', '42', '60', '55', '70', '54', '27', '58', '19', '44', '29', '30', '31', '39', '52', '77', '82', '59', '40', '50', '57', '53', '61', '62', '56', '63', '68', '67', '64', '65', '66', '69', '71', '72', '75', '74', '76', '73', '80', '78', '85', '81', '79', '83', '84', '86', '88', '89']"
543,1486,1.7334499854184893,34205,1455,1048,743.8667249927092,"[3, 0, 0, 1, 2, 2, 0, 3, 2, 3, 0, 3, 0, 1, 2, 1, 3, 0, 2, 2, 3, 2, 3, 3, 2, 1, 2, 0, 2, 1, 1, 1, 2, 3, 2, 1, 0, 3, 1, 0, 1, 3, 2, 1, 0, 3, 0, 3, 2, 3, 2, 1, 1, 1, 2, 0, 2, 3, 2, 2, 0, 0, 0, 3, 3, 0, 1, 1, 1, 2, 0, 0, 2, 2, 2, 2, 3, 1, 2, 3, 2, 0, 3, 2, 0, 2, 1, 1, 3, 2]","['0', '2', '17', '1', '8', '7', '16', '87', '3', '4', '5', '11', '12', '6', '13', '10', '28', '9', '26', '14', '22', '18', '21', '35', '43', '25', '36', '15', '34', '37', '27', '45', '20', '53', '33', '46', '32', '55', '23', '38', '24', '42', '44', '41', '54', '19', '49', '48', '29', '51', '82', '30', '70', '31', '40', '58', '39', '47', '52', '50', '56', '60', '77', '57', '59', '62', '61', '68', '67', '63', '72', '74', '73', '80', '64', '81', '65', '66', '69', '71', '85', '79', '75', '76', '78', '83', '84', '86', '88', '89']"
544,1258,1.5043348281016442,30321,1260,862,629.7521674140509,"[0, 0, 0, 1, 1, 0, 2, 3, 1, 0, 1, 1, 3, 2, 0, 0, 0, 3, 3, 2, 1, 0, 0, 0, 0, 3, 1, 0, 2, 2, 1, 3, 1, 0, 3, 3, 0, 1, 2, 0, 3, 1, 0, 0, 1, 0, 0, 0, 2, 3, 2, 0, 2, 0, 2, 2, 2, 2, 1, 2, 1, 3, 0, 2, 2, 2, 0, 2, 3, 3, 2, 3, 3, 2, 2, 1, 0, 3, 3, 2, 1, 1, 1, 2, 1, 2, 3, 3, 3, 0]","['0', '1', '2', '3', '7', '5', '11', '17', '4', '6', '15', '10', '12', '8', '13', '16', '19', '28', '30', '9', '21', '26', '14', '35', '37', '29', '43', '34', '27', '24', '25', '82', '36', '23', '44', '31', '40', '87', '46', '45', '53', '50', '39', '54', '77', '18', '20', '55', '22', '32', '38', '49', '70', '41', '47', '48', '51', '60', '33', '56', '67', '42', '52', '68', '59', '72', '57', '58', '73', '62', '79', '74', '61', '80', '81', '85', '63', '64', '65', '66', '69', '71', '75', '76', '78', '83', '84', '86', '88', '89']"
545,1604,1.8559444605148974,32541,1420,982,802.9279722302574,"[1, 2, 1, 1, 0, 2, 3, 2, 3, 1, 1, 1, 1, 3, 0, 3, 0, 3, 2, 3, 0, 0, 0, 2, 3, 3, 1, 3, 2, 3, 1, 0, 1, 0, 3, 1, 3, 0, 1, 2, 0, 2, 0, 1, 3, 1, 1, 0, 1, 2, 3, 1, 1, 2, 2, 3, 1, 3, 1, 0, 1, 2, 0, 3, 2, 0, 3, 1, 2, 0, 2, 0, 2, 1, 1, 0, 0, 3, 1, 2, 3, 1, 1, 1, 0, 1, 1, 0, 3, 0]","['0', '1', '2', '17', '7', '8', '3', '5', '11', '12', '4', '10', '16', '6', '15', '13', '28', '9', '87', '23', '18', '25', '14', '20', '27', '19', '32', '29', '24', '21', '26', '33', '37', '35', '22', '44', '30', '43', '31', '45', '39', '82', '40', '49', '54', '38', '46', '53', '34', '41', '47', '70', '48', '52', '36', '51', '58', '60', '62', '50', '55', '57', '59', '77', '61', '63', '42', '64', '56', '65', '66', '68', '72', '74', '67', '69', '71', '73', '75', '76', '80', '81', '79', '78', '85', '83', '84', '86', '88', '89']"
546,1400,1.646090534979424,31127,1310,891,700.8230452674898,"[2, 3, 2, 3, 2, 2, 2, 0, 0, 2, 3, 1, 3, 2, 3, 0, 2, 1, 2, 1, 3, 1, 1, 0, 1, 0, 0, 1, 2, 0, 1, 0, 3, 3, 0, 2, 1, 2, 3, 2, 1, 3, 0, 1, 1, 3, 3, 3, 3, 1, 2, 2, 2, 2, 3, 2, 3, 2, 1, 0, 2, 1, 1, 0, 0, 3, 2, 1, 2, 0, 1, 0, 2, 1, 0, 3, 3, 2, 2, 2, 1, 3, 3, 3, 0, 3, 1, 0, 1, 2]","['0', '2', '1', '17', '3', '4', '7', '8', '16', '5', '11', '10', '87', '6', '9', '21', '36', '25', '18', '24', '37', '26', '13', '27', '15', '23', '12', '28', '14', '19', '34', '35', '44', '46', '29', '45', '55', '30', '53', '54', '20', '82', '33', '41', '43', '22', '42', '48', '51', '38', '32', '49', '59', '60', '31', '58', '62', '40', '50', '47', '70', '56', '52', '57', '61', '68', '72', '67', '74', '39', '73', '77', '79', '80', '81', '85', '63', '64', '65', '66', '69', '71', '75', '76', '78', '83', '84', '86', '88', '89']"
547,1543,1.7879490150637312,31024,1444,977,772.3939745075319,"[3, 1, 3, 2, 3, 2, 1, 2, 3, 1, 2, 0, 1, 0, 2, 3, 3, 0, 3, 3, 2, 1, 1, 1, 3, 2, 0, 3, 0, 1, 2, 3, 0, 0, 3, 1, 1, 2, 3, 1, 0, 1, 2, 0, 3, 0, 0, 2, 2, 2, 0, 2, 3, 0, 0, 1, 0, 1, 1, 2, 2, 1, 1, 3, 2, 1, 3, 3, 0, 2, 2, 2, 0, 1, 0, 2, 1, 2, 2, 3, 2, 2, 2, 3, 0, 1, 2, 1, 1, 1]","['0', '2', '1', '17', '3', '8', '5', '7', '11', '10', '4', '12', '16', '87', '6', '15', '9', '27', '18', '13', '25', '28', '24', '20', '22', '14', '21', '33', '37', '34', '41', '19', '48', '47', '26', '23', '38', '30', '32', '36', '31', '49', '42', '35', '39', '70', '45', '53', '29', '43', '44', '54', '46', '82', '77', '51', '60', '40', '59', '50', '52', '56', '58', '55', '62', '57', '67', '68', '72', '74', '61', '73', '79', '80', '63', '81', '64', '65', '66', '85', '69', '71', '75', '76', '78', '83', '84', '86', '88', '89']"
548,1277,1.5229576624925463,32469,1407,991,639.2614788312462,"[0, 3, 3, 1, 1, 2, 0, 0, 2, 3, 2, 0, 3, 2, 2, 0, 1, 3, 2, 2, 1, 1, 1, 1, 3, 1, 0, 0, 3, 2, 2, 0, 1, 1, 0, 1, 2, 3, 0, 3, 1, 1, 0, 1, 0, 1, 1, 3, 3, 3, 0, 0, 3, 0, 2, 0, 0, 1, 3, 2, 3, 1, 0, 1, 2, 2, 2, 2, 3, 0, 3, 1, 1, 3, 3, 3, 2, 2, 0, 0, 0, 2, 3, 1, 0, 3, 2, 1, 3, 2]","['0', '2', '17', '1', '5', '12', '3', '4', '8', '7', '16', '10', '87', '6', '15', '11', '9', '26', '19', '13', '23', '14', '24', '30', '21', '29', '34', '35', '28', '27', '37', '22', '43', '25', '31', '82', '39', '18', '77', '44', '45', '53', '36', '55', '40', '20', '41', '50', '33', '48', '32', '47', '54', '46', '49', '70', '38', '51', '60', '59', '57', '52', '58', '56', '42', '67', '68', '61', '72', '73', '62', '74', '80', '79', '63', '64', '65', '85', '81', '66', '69', '71', '75', '76', '78', '83', '84', '86', '88', '89']"
549,1634,1.9195301027900147,31314,1494,1033,817.959765051395,"[3, 0, 0, 1, 1, 3, 2, 3, 1, 1, 1, 2, 3, 1, 2, 3, 1, 3, 2, 1, 2, 3, 1, 0, 2, 1, 1, 3, 3, 3, 0, 3, 1, 0, 2, 0, 3, 0, 1, 1, 3, 0, 1, 1, 3, 3, 0, 0, 3, 0, 2, 0, 1, 3, 1, 1, 1, 2, 1, 1, 1, 1, 1, 2, 3, 0, 2, 2, 3, 0, 2, 3, 3, 1, 0, 1, 3, 0, 3, 1, 1, 1, 3, 0, 3, 2, 2, 1, 0, 0]","['0', '2', '17', '1', '4', '8', '5', '6', '10', '11', '14', '12', '15', '9', '23', '19', '21', '34', '29', '30', '7', '26', '18', '82', '35', '43', '13', '36', '3', '28', '22', '24', '45', '25', '53', '37', '16', '27', '46', '87', '20', '32', '31', '38', '41', '39', '77', '54', '49', '44', '51', '47', '52', '33', '40', '70', '59', '42', '48', '50', '60', '56', '58', '62', '55', '67', '57', '61', '68', '63', '64', '65', '66', '72', '73', '80', '69', '79', '71', '75', '81', '74', '76', '78', '85', '83', '84', '86', '88', '89']"
550,1452,1.7707317073170732,29435,1351,1001,726.8853658536585,"[1, 0, 1, 3, 2, 0, 0, 3, 0, 1, 2, 1, 1, 1, 2, 1, 0, 0, 0, 1, 3, 2, 3, 3, 1, 0, 1, 2, 0, 2, 2, 0, 1, 0, 3, 0, 3, 0, 0, 3, 1, 3, 1, 3, 0, 0, 0, 1, 0, 1, 3, 3, 1, 2, 1, 0, 1, 0, 2, 0, 2, 1, 0, 2, 0, 3, 3, 3, 3, 3, 2, 2, 0, 0, 1, 3, 3, 2, 3, 2, 0, 2, 3, 1, 2, 2, 0, 1, 2, 2]","['0', '1', '3', '2', '8', '4', '17', '6', '5', '9', '25', '12', '22', '23', '7', '38', '27', '21', '13', '15', '10', '28', '19', '30', '34', '18', '20', '33', '32', '36', '37', '14', '49', '41', '35', '16', '43', '70', '48', '24', '47', '87', '45', '11', '29', '44', '82', '54', '26', '53', '31', '40', '50', '51', '55', '57', '52', '59', '42', '58', '60', '62', '46', '56', '61', '63', '67', '64', '65', '39', '68', '77', '66', '69', '72', '73', '71', '79', '80', '85', '74', '75', '76', '81', '78', '83', '84', '86', '88', '89']"
551,1576,1.845433255269321,31695,1484,1025,788.9227166276347,"[1, 2, 0, 2, 2, 1, 3, 3, 1, 0, 2, 2, 0, 2, 1, 1, 1, 3, 3, 2, 2, 1, 3, 1, 2, 1, 0, 2, 2, 2, 2, 3, 1, 2, 3, 2, 1, 1, 2, 2, 2, 0, 0, 1, 2, 2, 1, 3, 2, 3, 3, 1, 0, 0, 0, 3, 0, 3, 3, 0, 3, 1, 2, 0, 2, 0, 1, 0, 0, 0, 2, 2, 2, 3, 2, 2, 3, 3, 0, 1, 0, 2, 0, 0, 1, 3, 0, 1, 2, 0]","['0', '2', '1', '8', '17', '5', '10', '7', '16', '11', '4', '87', '12', '6', '13', '15', '3', '19', '30', '28', '9', '26', '22', '27', '24', '18', '21', '23', '35', '36', '44', '45', '25', '31', '46', '14', '39', '43', '77', '40', '37', '34', '20', '55', '54', '53', '33', '32', '42', '49', '50', '38', '57', '29', '82', '41', '48', '51', '59', '70', '56', '47', '60', '61', '58', '62', '68', '67', '63', '64', '65', '66', '52', '69', '72', '71', '74', '75', '76', '73', '78', '79', '83', '80', '85', '84', '86', '81', '88', '89']"
552,1588,1.8567670271850336,33625,1481,1038,794.9283835135925,"[3, 1, 0, 1, 3, 1, 0, 1, 0, 2, 0, 0, 1, 2, 1, 3, 2, 3, 3, 3, 2, 1, 2, 1, 1, 1, 1, 2, 1, 3, 3, 3, 2, 0, 2, 2, 1, 0, 1, 2, 0, 1, 3, 2, 1, 1, 0, 3, 3, 3, 1, 1, 3, 2, 0, 0, 2, 3, 2, 0, 1, 3, 3, 0, 1, 2, 1, 1, 1, 0, 1, 0, 3, 2, 1, 0, 0, 2, 1, 3, 2, 3, 1, 3, 2, 1, 0, 2, 1, 0]","['0', '2', '1', '7', '5', '17', '12', '3', '10', '4', '8', '11', '16', '87', '6', '13', '9', '22', '21', '23', '38', '18', '36', '34', '27', '35', '44', '26', '43', '28', '37', '46', '15', '14', '19', '20', '32', '24', '25', '33', '30', '31', '41', '47', '48', '29', '52', '49', '40', '70', '45', '53', '39', '77', '55', '82', '54', '50', '56', '42', '51', '59', '68', '67', '58', '60', '57', '61', '72', '74', '62', '73', '79', '80', '85', '81', '63', '64', '65', '66', '69', '71', '75', '76', '78', '83', '84', '86', '88', '89']"
553,1450,1.7129356172474897,32565,1461,988,725.8564678086237,"[3, 1, 2, 0, 3, 0, 0, 1, 3, 1, 3, 0, 2, 2, 1, 3, 1, 2, 1, 1, 1, 2, 0, 0, 0, 2, 3, 3, 3, 0, 2, 2, 0, 2, 3, 2, 3, 2, 3, 1, 3, 3, 3, 1, 0, 2, 2, 0, 1, 2, 1, 0, 1, 1, 0, 0, 2, 2, 0, 2, 3, 2, 1, 2, 2, 3, 3, 3, 1, 0, 3, 0, 2, 3, 0, 1, 1, 1, 0, 3, 0, 3, 2, 1, 2, 0, 1, 0, 2, 3]","['0', '2', '1', '4', '5', '12', '17', '6', '13', '3', '8', '15', '7', '19', '11', '30', '9', '18', '23', '14', '24', '10', '16', '87', '27', '21', '37', '36', '26', '28', '31', '22', '34', '20', '29', '40', '35', '43', '32', '38', '41', '51', '25', '49', '82', '45', '44', '39', '48', '60', '70', '46', '55', '77', '50', '47', '33', '58', '57', '54', '42', '56', '61', '68', '67', '59', '63', '64', '72', '73', '53', '52', '79', '80', '74', '81', '62', '65', '66', '85', '69', '71', '75', '76', '78', '83', '84', '86', '88', '89']"
554,1362,1.6291866028708133,33146,1426,968,681.8145933014354,"[0, 1, 0, 2, 2, 3, 2, 3, 0, 2, 1, 2, 3, 2, 2, 2, 1, 0, 0, 3, 3, 2, 0, 0, 0, 2, 2, 3, 1, 3, 3, 3, 1, 1, 0, 0, 2, 3, 0, 0, 2, 3, 0, 0, 3, 2, 2, 2, 1, 3, 1, 3, 3, 0, 3, 3, 3, 3, 1, 1, 2, 3, 1, 1, 1, 3, 1, 1, 3, 3, 2, 2, 1, 0, 2, 2, 2, 0, 1, 0, 2, 1, 0, 2, 0, 0, 0, 1, 2, 1]","['0', '1', '5', '3', '4', '12', '6', '10', '2', '8', '9', '15', '17', '25', '23', '18', '24', '7', '22', '13', '16', '20', '21', '14', '87', '36', '33', '28', '32', '42', '11', '38', '35', '26', '27', '45', '46', '34', '41', '47', '53', '19', '44', '54', '43', '29', '48', '52', '30', '55', '51', '60', '58', '37', '82', '62', '49', '59', '70', '31', '40', '39', '50', '77', '57', '61', '63', '64', '56', '67', '68', '65', '66', '69', '72', '73', '71', '79', '75', '74', '80', '81', '85', '76', '78', '83', '84', '86', '88', '89']"
555,1468,1.7686746987951807,34372,1471,1058,734.8843373493976,"[2, 1, 0, 0, 0, 1, 2, 0, 0, 1, 0, 3, 2, 0, 0, 3, 0, 0, 3, 3, 2, 0, 1, 0, 3, 3, 1, 3, 2, 0, 3, 2, 3, 2, 1, 2, 1, 1, 0, 0, 2, 2, 1, 0, 2, 3, 3, 3, 2, 3, 2, 2, 1, 0, 1, 3, 0, 0, 0, 1, 0, 3, 2, 1, 2, 1, 0, 2, 2, 3, 1, 0, 3, 3, 3, 1, 0, 1, 2, 0, 3, 2, 0, 3, 2, 2, 1, 3, 3, 3]","['0', '1', '2', '7', '17', '8', '5', '11', '10', '16', '4', '6', '15', '3', '12', '9', '14', '13', '18', '27', '23', '19', '26', '25', '28', '87', '30', '24', '31', '40', '39', '29', '20', '50', '32', '21', '77', '35', '45', '82', '43', '37', '57', '46', '34', '55', '49', '41', '33', '51', '44', '58', '70', '22', '54', '53', '62', '60', '59', '47', '38', '52', '48', '36', '61', '42', '56', '68', '72', '74', '73', '63', '79', '67', '64', '80', '81', '85', '65', '66', '69', '71', '75', '76', '78', '83', '84', '86', '88', '89']"
556,1413,1.6796433878157504,31969,1418,964,707.3398216939079,"[1, 1, 2, 0, 2, 1, 2, 0, 0, 0, 1, 0, 3, 2, 1, 1, 2, 1, 3, 0, 2, 1, 0, 0, 0, 1, 0, 1, 1, 2, 2, 0, 0, 1, 0, 0, 3, 2, 0, 2, 1, 0, 2, 3, 3, 2, 0, 2, 2, 1, 3, 2, 3, 2, 1, 1, 0, 1, 2, 0, 2, 1, 0, 2, 1, 0, 3, 0, 3, 2, 3, 1, 0, 3, 0, 3, 1, 0, 2, 1, 1, 1, 1, 2, 1, 2, 2, 1, 0, 3]","['0', '2', '1', '3', '5', '8', '7', '4', '6', '10', '13', '15', '17', '11', '16', '14', '9', '87', '12', '22', '26', '28', '18', '19', '20', '29', '33', '24', '82', '32', '23', '25', '27', '30', '31', '39', '21', '77', '34', '40', '50', '57', '35', '36', '38', '42', '45', '54', '55', '53', '41', '44', '48', '47', '52', '43', '51', '46', '59', '56', '60', '37', '68', '58', '67', '62', '61', '63', '49', '72', '73', '70', '80', '64', '79', '74', '81', '85', '65', '66', '69', '71', '75', '76', '78', '83', '84', '86', '88', '89']"
557,1689,1.9771729587357332,28863,1299,869,845.4885864793679,"[3, 3, 1, 1, 0, 1, 1, 3, 3, 1, 3, 0, 2, 1, 2, 0, 1, 3, 0, 2, 3, 1, 2, 0, 3, 3, 1, 1, 2, 0, 0, 2, 0, 0, 0, 0, 1, 3, 0, 1, 2, 2, 1, 2, 0, 3, 3, 1, 0, 2, 3, 1, 1, 3, 3, 0, 2, 1, 3, 2, 1, 1, 1, 1, 0, 1, 1, 0, 1, 1, 0, 3, 1, 2, 0, 2, 3, 2, 0, 1, 1, 3, 3, 0, 1, 2, 1, 3, 3, 1]","['0', '1', '8', '7', '4', '6', '13', '5', '3', '11', '15', '10', '2', '16', '14', '17', '87', '28', '9', '21', '35', '25', '23', '18', '37', '12', '24', '22', '20', '19', '43', '32', '27', '33', '38', '30', '26', '31', '34', '41', '46', '47', '44', '29', '48', '51', '39', '49', '45', '77', '36', '60', '59', '52', '53', '42', '82', '55', '58', '62', '70', '54', '40', '50', '57', '61', '56', '67', '63', '64', '65', '66', '68', '72', '69', '71', '74', '73', '75', '79', '76', '78', '80', '81', '85', '83', '84', '86', '88', '89']"
558,1299,1.549194991055456,33006,1403,973,650.2745974955277,"[3, 1, 0, 0, 3, 3, 1, 0, 0, 2, 2, 2, 2, 0, 1, 2, 1, 2, 1, 1, 3, 3, 3, 3, 2, 1, 2, 0, 0, 3, 1, 0, 3, 3, 0, 0, 2, 2, 1, 3, 0, 2, 1, 1, 2, 2, 0, 1, 1, 2, 1, 3, 2, 2, 3, 0, 1, 3, 1, 3, 3, 0, 2, 2, 2, 0, 1, 2, 3, 2, 1, 0, 1, 3, 0, 3, 0, 0, 3, 1, 1, 2, 3, 0, 0, 1, 2, 1, 1, 1]","['0', '2', '1', '5', '12', '17', '4', '11', '10', '6', '7', '3', '14', '13', '28', '9', '25', '15', '22', '18', '27', '24', '8', '21', '23', '19', '30', '35', '26', '34', '20', '45', '37', '53', '43', '33', '54', '38', '44', '41', '36', '46', '42', '31', '29', '55', '47', '32', '82', '16', '87', '48', '51', '59', '58', '52', '39', '40', '60', '77', '50', '62', '49', '70', '56', '68', '57', '67', '61', '63', '64', '72', '73', '74', '79', '80', '65', '66', '69', '71', '85', '81', '75', '76', '78', '83', '84', '86', '88', '89']"
559,1442,1.7060041407867494,32887,1366,950,721.8530020703934,"[3, 2, 1, 1, 0, 1, 1, 1, 0, 3, 2, 1, 2, 1, 1, 0, 3, 1, 1, 1, 1, 1, 2, 2, 0, 1, 3, 3, 0, 0, 0, 2, 0, 1, 1, 1, 3, 3, 0, 2, 3, 1, 2, 1, 0, 3, 2, 2, 0, 0, 3, 0, 2, 2, 2, 2, 3, 2, 0, 1, 0, 2, 3, 0, 2, 0, 1, 3, 1, 0, 3, 0, 2, 1, 1, 3, 2, 3, 3, 1, 2, 3, 2, 3, 3, 3, 0, 1, 2, 3]","['0', '2', '1', '4', '7', '6', '13', '5', '11', '12', '15', '10', '17', '8', '19', '30', '9', '26', '22', '27', '14', '29', '18', '16', '21', '37', '35', '25', '46', '20', '33', '82', '45', '34', '53', '24', '28', '31', '32', '36', '42', '23', '41', '43', '54', '49', '40', '3', '55', '39', '48', '38', '87', '70', '47', '51', '60', '58', '44', '52', '59', '62', '50', '77', '57', '56', '61', '63', '64', '67', '68', '65', '72', '74', '73', '80', '66', '79', '85', '69', '81', '71', '75', '76', '78', '83', '84', '86', '88', '89']"
560,1413,1.6667649660867,33363,1448,1015,707.3333824830434,"[0, 1, 1, 1, 0, 1, 1, 2, 3, 1, 3, 1, 1, 2, 2, 0, 2, 1, 3, 2, 0, 0, 0, 0, 3, 0, 0, 2, 0, 0, 0, 2, 3, 0, 1, 1, 1, 3, 0, 1, 2, 0, 3, 0, 3, 3, 2, 2, 1, 3, 2, 2, 0, 0, 0, 1, 0, 3, 0, 2, 0, 1, 1, 1, 2, 1, 1, 3, 1, 2, 2, 1, 3, 2, 0, 1, 2, 0, 1, 3, 1, 0, 3, 1, 2, 0, 3, 1, 3, 1]","['0', '2', '1', '4', '3', '8', '17', '7', '16', '5', '11', '87', '12', '10', '6', '13', '9', '22', '28', '23', '24', '38', '18', '15', '21', '25', '36', '27', '20', '19', '35', '26', '45', '37', '32', '46', '30', '14', '43', '34', '44', '31', '55', '41', '39', '33', '40', '77', '48', '53', '49', '51', '59', '42', '60', '50', '57', '29', '82', '54', '58', '61', '47', '52', '70', '56', '63', '67', '68', '62', '72', '74', '64', '65', '73', '80', '85', '81', '79', '66', '69', '71', '75', '76', '78', '83', '84', '86', '88', '89']"
561,1502,1.8090936464920204,31345,1374,1066,751.904546823246,"[2, 0, 2, 0, 0, 1, 1, 3, 0, 1, 1, 0, 0, 3, 3, 1, 3, 2, 1, 1, 1, 3, 0, 0, 1, 1, 3, 2, 0, 0, 1, 1, 1, 0, 0, 2, 1, 1, 0, 3, 2, 1, 2, 3, 0, 3, 1, 1, 1, 1, 1, 0, 2, 3, 3, 0, 0, 1, 1, 1, 2, 3, 3, 3, 0, 2, 2, 0, 0, 3, 3, 1, 0, 2, 2, 2, 0, 1, 2, 3, 1, 3, 3, 1, 2, 3, 0, 2, 1, 0]","['0', '1', '5', '11', '4', '8', '12', '2', '7', '3', '17', '10', '16', '87', '6', '14', '13', '15', '19', '30', '9', '21', '22', '18', '34', '23', '28', '25', '29', '20', '26', '37', '24', '27', '32', '36', '35', '46', '41', '44', '47', '31', '48', '40', '49', '45', '52', '55', '43', '33', '39', '77', '50', '82', '51', '59', '53', '56', '57', '54', '38', '70', '42', '60', '68', '58', '62', '67', '72', '74', '61', '73', '80', '81', '85', '63', '64', '65', '79', '66', '69', '71', '75', '76', '78', '83', '84', '86', '88', '89']"
562,1320,1.6048632218844985,32592,1355,964,660.8024316109422,"[1, 0, 3, 2, 0, 0, 1, 2, 1, 3, 3, 1, 0, 2, 2, 1, 1, 2, 3, 1, 0, 1, 2, 3, 1, 2, 0, 0, 1, 3, 2, 2, 0, 1, 3, 2, 2, 3, 1, 0, 0, 1, 1, 3, 1, 2, 1, 2, 1, 2, 0, 3, 3, 0, 1, 3, 3, 1, 3, 1, 2, 0, 1, 3, 1, 2, 3, 2, 2, 0, 1, 3, 2, 0, 0, 3, 1, 0, 2, 0, 2, 1, 3, 0, 0, 0, 2, 3, 2, 3]","['0', '1', '5', '4', '8', '6', '10', '9', '23', '15', '3', '21', '11', '36', '13', '14', '37', '26', '27', '2', '7', '34', '18', '24', '22', '16', '35', '45', '38', '46', '28', '20', '43', '44', '87', '33', '54', '42', '32', '49', '55', '53', '12', '70', '17', '41', '47', '52', '51', '25', '19', '58', '29', '62', '48', '82', '60', '59', '30', '31', '40', '39', '77', '50', '56', '67', '68', '72', '73', '80', '85', '81', '74', '79', '57', '61', '63', '64', '65', '66', '69', '71', '75', '76', '78', '83', '84', '86', '88', '89']"
563,1322,1.615149664019548,29425,1414,953,661.8075748320098,"[3, 3, 2, 3, 1, 1, 1, 3, 3, 1, 3, 3, 1, 0, 0, 1, 1, 2, 2, 2, 2, 2, 0, 3, 3, 2, 2, 0, 3, 1, 0, 2, 3, 1, 3, 2, 2, 2, 2, 2, 2, 2, 1, 2, 3, 2, 3, 3, 2, 3, 2, 3, 0, 0, 0, 3, 1, 2, 3, 3, 3, 0, 3, 3, 2, 1, 3, 0, 3, 1, 1, 0, 3, 3, 1, 1, 2, 0, 2, 1, 1, 0, 1, 2, 3, 1, 1, 0, 3, 0]","['0', '1', '8', '2', '4', '7', '6', '5', '13', '9', '18', '11', '12', '20', '3', '16', '23', '24', '22', '17', '10', '14', '25', '87', '33', '26', '28', '27', '15', '21', '19', '37', '30', '38', '34', '32', '49', '29', '35', '31', '45', '55', '36', '43', '54', '44', '41', '42', '39', '77', '47', '46', '82', '51', '53', '60', '59', '70', '52', '58', '48', '40', '50', '62', '57', '56', '61', '63', '68', '72', '64', '74', '67', '65', '66', '73', '79', '80', '85', '69', '71', '81', '75', '76', '78', '83', '84', '86', '88', '89']"
564,1322,1.590375939849624,32658,1387,982,661.7951879699248,"[2, 3, 3, 0, 3, 1, 3, 1, 0, 3, 1, 0, 2, 1, 1, 0, 2, 0, 1, 3, 3, 3, 2, 2, 0, 3, 1, 3, 3, 1, 1, 0, 2, 2, 2, 1, 1, 0, 0, 0, 2, 0, 3, 3, 0, 0, 1, 1, 0, 2, 2, 1, 0, 2, 2, 0, 2, 0, 1, 1, 2, 0, 3, 3, 2, 1, 0, 1, 2, 3, 2, 1, 1, 2, 2, 2, 1, 2, 3, 0, 2, 0, 3, 1, 1, 3, 3, 1, 2, 1]","['0', '2', '1', '3', '7', '17', '5', '11', '12', '10', '4', '8', '6', '9', '27', '16', '26', '25', '23', '18', '15', '20', '19', '13', '32', '28', '33', '24', '21', '34', '30', '22', '31', '36', '87', '41', '38', '37', '14', '39', '49', '35', '44', '70', '45', '54', '53', '29', '47', '52', '42', '46', '43', '40', '51', '82', '50', '59', '77', '58', '57', '48', '62', '55', '56', '68', '60', '67', '61', '63', '64', '65', '72', '66', '69', '73', '71', '75', '74', '79', '80', '81', '76', '85', '78', '83', '84', '86', '88', '89']"
565,1549,1.8298877731836976,33134,1328,886,775.4149438865918,"[1, 1, 2, 3, 3, 2, 3, 1, 0, 0, 3, 2, 1, 3, 0, 3, 2, 3, 2, 3, 2, 2, 0, 2, 3, 0, 0, 1, 0, 2, 3, 2, 3, 0, 3, 2, 1, 1, 1, 3, 1, 3, 3, 1, 2, 3, 2, 0, 2, 1, 0, 1, 2, 3, 0, 0, 3, 2, 2, 2, 3, 1, 0, 2, 2, 3, 3, 1, 3, 2, 3, 1, 1, 1, 1, 3, 0, 1, 3, 1, 1, 1, 3, 1, 3, 1, 1, 1, 2, 2]","['0', '2', '1', '4', '3', '7', '17', '5', '11', '6', '12', '15', '10', '14', '9', '13', '21', '19', '34', '27', '35', '8', '46', '29', '16', '28', '45', '25', '26', '37', '54', '22', '43', '55', '53', '87', '23', '36', '24', '82', '30', '44', '38', '18', '20', '41', '33', '31', '32', '40', '48', '42', '49', '39', '47', '51', '70', '50', '56', '52', '68', '60', '57', '61', '67', '58', '62', '77', '72', '73', '74', '80', '85', '81', '79', '59', '63', '64', '65', '66', '69', '71', '75', '76', '78', '83', '84', '86', '88', '89']"
566,1456,1.7024261911721719,33498,1452,1027,728.8512130955861,"[1, 2, 3, 0, 3, 0, 2, 1, 0, 2, 1, 2, 0, 2, 3, 3, 3, 0, 1, 3, 1, 1, 0, 1, 1, 0, 2, 0, 1, 1, 3, 1, 0, 2, 3, 3, 1, 2, 3, 0, 2, 2, 2, 0, 0, 2, 0, 3, 0, 2, 0, 0, 0, 3, 1, 2, 3, 3, 1, 3, 3, 1, 3, 2, 3, 0, 0, 3, 2, 3, 1, 2, 1, 1, 2, 0, 1, 2, 0, 3, 0, 3, 0, 3, 3, 3, 0, 0, 2, 1]","['0', '2', '17', '1', '5', '7', '4', '3', '11', '10', '12', '8', '6', '15', '19', '9', '13', '26', '27', '18', '30', '16', '31', '20', '33', '23', '14', '32', '24', '29', '40', '50', '25', '57', '21', '87', '82', '37', '35', '34', '39', '28', '77', '46', '44', '43', '22', '38', '49', '45', '70', '41', '51', '47', '48', '60', '56', '55', '59', '53', '54', '52', '36', '42', '61', '67', '68', '72', '63', '58', '64', '73', '74', '62', '80', '85', '79', '81', '65', '66', '69', '71', '75', '76', '78', '83', '84', '86', '88', '89']"
567,1464,1.7382012466607302,33520,1422,961,732.8691006233304,"[0, 2, 1, 3, 2, 2, 3, 1, 2, 2, 2, 3, 2, 2, 2, 0, 1, 2, 0, 2, 0, 1, 3, 0, 1, 0, 1, 2, 0, 2, 0, 2, 2, 0, 0, 0, 1, 1, 1, 0, 0, 2, 2, 1, 0, 1, 2, 1, 0, 2, 2, 2, 2, 2, 2, 3, 0, 0, 3, 0, 2, 0, 2, 0, 0, 3, 0, 0, 1, 0, 1, 0, 1, 3, 2, 1, 2, 1, 3, 1, 3, 3, 3, 1, 0, 2, 0, 3, 1, 2]","['0', '1', '4', '2', '17', '6', '15', '7', '3', '13', '14', '5', '12', '9', '26', '18', '8', '20', '10', '16', '33', '27', '32', '19', '22', '23', '24', '25', '30', '87', '21', '36', '35', '31', '40', '50', '57', '37', '43', '34', '11', '44', '45', '38', '55', '53', '49', '42', '54', '46', '29', '82', '39', '70', '77', '28', '41', '51', '48', '59', '58', '60', '47', '52', '62', '56', '61', '68', '72', '67', '74', '73', '79', '80', '85', '81', '63', '64', '65', '66', '69', '71', '75', '76', '78', '83', '84', '86', '88', '89']"
568,1282,1.5167110322389825,29088,1423,977,641.7583555161195,"[3, 3, 3, 0, 1, 3, 2, 3, 0, 3, 2, 0, 2, 1, 3, 0, 2, 3, 0, 1, 2, 1, 3, 0, 2, 2, 0, 1, 1, 2, 2, 3, 2, 0, 1, 3, 0, 3, 1, 3, 1, 1, 3, 0, 0, 1, 3, 2, 3, 3, 2, 1, 2, 3, 1, 1, 3, 0, 2, 0, 1, 0, 1, 2, 3, 2, 0, 1, 3, 0, 0, 2, 3, 0, 1, 1, 0, 0, 3, 3, 1, 3, 0, 2, 1, 1, 0, 0, 1, 0]","['0', '1', '5', '3', '7', '4', '11', '10', '2', '17', '12', '6', '14', '9', '27', '23', '21', '25', '13', '35', '28', '8', '45', '24', '54', '44', '18', '36', '43', '46', '53', '55', '15', '34', '16', '19', '87', '22', '38', '29', '82', '26', '30', '20', '33', '41', '31', '48', '40', '51', '37', '59', '60', '32', '39', '58', '62', '50', '56', '77', '42', '68', '47', '49', '57', '52', '70', '61', '72', '67', '63', '64', '65', '73', '80', '81', '66', '74', '69', '85', '79', '71', '75', '76', '78', '83', '84', '86', '88', '89']"
569,1838,2.222490931076179,29964,1457,962,920.1112454655381,"[2, 2, 3, 3, 3, 1, 0, 1, 0, 0, 0, 3, 3, 1, 3, 3, 1, 0, 3, 0, 1, 3, 0, 3, 2, 0, 1, 3, 1, 3, 1, 1, 3, 3, 1, 3, 0, 0, 3, 3, 2, 0, 3, 1, 1, 1, 2, 3, 2, 1, 3, 3, 1, 0, 0, 2, 1, 1, 3, 0, 0, 0, 3, 1, 0, 1, 1, 0, 3, 1, 2, 1, 0, 2, 3, 3, 1, 1, 2, 1, 0, 1, 1, 0, 1, 1, 1, 2, 1, 1]","['0', '1', '4', '8', '3', '7', '5', '2', '11', '6', '15', '9', '27', '14', '25', '21', '37', '22', '10', '16', '34', '17', '35', '12', '46', '43', '44', '23', '87', '18', '26', '20', '19', '24', '32', '45', '13', '54', '29', '49', '38', '41', '48', '53', '47', '55', '52', '33', '30', '28', '31', '51', '58', '70', '82', '60', '40', '36', '62', '50', '42', '57', '56', '59', '68', '39', '77', '61', '63', '72', '73', '74', '64', '80', '85', '79', '81', '67', '65', '66', '69', '71', '75', '76', '78', '83', '84', '86', '88', '89']"
570,1204,1.429504303947759,30864,1424,986,602.7147521519739,"[0, 0, 1, 2, 3, 1, 0, 1, 1, 2, 3, 2, 2, 3, 3, 1, 0, 2, 3, 3, 0, 2, 0, 3, 3, 3, 1, 3, 1, 1, 3, 3, 3, 1, 1, 1, 2, 0, 2, 1, 3, 3, 1, 1, 2, 2, 0, 0, 2, 1, 1, 0, 2, 2, 2, 2, 2, 1, 3, 1, 0, 3, 0, 3, 0, 3, 0, 0, 3, 1, 1, 2, 1, 2, 0, 0, 0, 3, 0, 3, 1, 1, 3, 2, 0, 0, 2, 2, 0, 2]","['0', '1', '3', '7', '5', '4', '11', '6', '13', '10', '9', '12', '28', '25', '24', '22', '26', '21', '35', '23', '15', '8', '45', '14', '53', '2', '27', '43', '17', '46', '37', '19', '30', '18', '34', '16', '36', '55', '38', '87', '54', '20', '41', '44', '31', '47', '40', '51', '50', '60', '52', '57', '48', '33', '56', '67', '58', '39', '29', '82', '68', '61', '32', '49', '62', '70', '59', '63', '77', '42', '64', '65', '72', '74', '66', '73', '80', '85', '81', '79', '69', '71', '75', '76', '78', '83', '84', '86', '88', '89']"
571,1432,1.7047619047619047,31685,1349,979,716.8523809523809,"[1, 2, 1, 2, 3, 0, 1, 3, 1, 2, 3, 3, 0, 3, 3, 2, 3, 1, 1, 0, 2, 0, 1, 3, 2, 3, 1, 1, 1, 0, 3, 1, 1, 2, 3, 0, 1, 3, 2, 1, 0, 1, 1, 3, 1, 0, 0, 1, 3, 3, 3, 3, 3, 3, 0, 0, 0, 0, 1, 2, 0, 2, 2, 3, 0, 1, 1, 3, 0, 2, 2, 1, 1, 1, 0, 2, 0, 2, 2, 0, 2, 3, 1, 0, 1, 2, 0, 2, 2, 0]","['0', '1', '2', '3', '17', '4', '7', '6', '8', '15', '13', '14', '16', '5', '10', '9', '12', '27', '22', '28', '23', '24', '38', '18', '87', '11', '26', '20', '32', '21', '36', '35', '25', '19', '29', '46', '82', '34', '45', '41', '48', '37', '43', '51', '30', '54', '33', '31', '39', '42', '60', '47', '49', '59', '53', '70', '44', '55', '77', '52', '58', '40', '62', '50', '57', '61', '63', '64', '56', '65', '66', '67', '68', '72', '73', '74', '80', '79', '81', '69', '71', '85', '75', '76', '78', '83', '84', '86', '88', '89']"
572,1505,1.8132530120481927,29790,1362,964,753.406626506024,"[2, 3, 1, 3, 1, 0, 2, 0, 0, 0, 0, 0, 1, 1, 1, 2, 2, 1, 1, 1, 0, 2, 1, 1, 1, 1, 3, 3, 2, 0, 2, 2, 0, 2, 0, 0, 2, 3, 1, 2, 1, 3, 1, 2, 3, 2, 0, 3, 0, 0, 1, 2, 0, 1, 3, 3, 0, 0, 2, 0, 1, 2, 0, 2, 1, 0, 2, 0, 2, 0, 2, 3, 2, 0, 1, 0, 3, 1, 0, 0, 3, 3, 3, 2, 0, 1, 0, 0, 3, 1]","['0', '1', '3', '5', '12', '8', '2', '7', '10', '11', '16', '4', '87', '6', '9', '18', '22', '26', '21', '25', '17', '13', '37', '15', '19', '24', '34', '23', '20', '33', '35', '46', '14', '29', '38', '82', '27', '36', '42', '41', '45', '30', '55', '31', '39', '44', '28', '32', '77', '40', '47', '53', '54', '48', '50', '43', '51', '49', '70', '57', '60', '59', '52', '61', '63', '64', '56', '68', '58', '72', '62', '67', '73', '79', '80', '74', '81', '85', '65', '66', '69', '71', '75', '76', '78', '83', '84', '86', '88', '89']"
573,1740,2.0380673499267936,32911,1476,1001,871.0190336749635,"[2, 0, 2, 1, 2, 2, 2, 3, 1, 2, 2, 2, 1, 1, 1, 2, 0, 1, 0, 2, 2, 1, 1, 1, 2, 2, 3, 1, 2, 3, 2, 2, 0, 3, 1, 0, 3, 2, 2, 0, 3, 3, 3, 1, 0, 2, 2, 2, 1, 3, 0, 0, 3, 1, 1, 0, 2, 2, 0, 2, 2, 2, 1, 1, 0, 2, 2, 2, 1, 2, 0, 0, 2, 3, 1, 1, 1, 3, 3, 2, 0, 1, 2, 3, 2, 0, 3, 1, 0, 1]","['0', '2', '17', '1', '8', '3', '5', '7', '4', '12', '6', '10', '14', '13', '9', '25', '28', '18', '24', '23', '16', '22', '26', '87', '27', '11', '20', '33', '15', '38', '21', '37', '35', '32', '49', '19', '30', '34', '45', '29', '54', '70', '46', '41', '43', '31', '36', '48', '44', '51', '60', '59', '82', '55', '47', '53', '40', '52', '50', '58', '39', '42', '57', '77', '56', '68', '62', '61', '72', '63', '74', '64', '65', '66', '73', '67', '69', '79', '71', '75', '80', '81', '85', '76', '78', '83', '84', '86', '88', '89']"
574,1362,1.618057618057618,32494,1472,1035,681.8090288090289,"[1, 3, 2, 2, 0, 2, 0, 1, 3, 2, 1, 1, 3, 2, 1, 1, 3, 3, 1, 0, 2, 3, 0, 2, 3, 3, 1, 1, 0, 2, 1, 3, 1, 1, 2, 0, 1, 3, 2, 2, 3, 0, 0, 3, 0, 1, 2, 3, 2, 2, 1, 2, 3, 0, 1, 1, 1, 3, 0, 1, 0, 3, 2, 3, 1, 1, 1, 3, 2, 1, 2, 3, 0, 2, 1, 0, 0, 3, 0, 3, 0, 2, 2, 1, 1, 3, 0, 2, 3, 1]","['0', '2', '17', '1', '7', '3', '4', '6', '15', '8', '16', '5', '87', '13', '14', '9', '26', '21', '36', '10', '12', '24', '11', '25', '34', '22', '37', '27', '35', '46', '45', '44', '28', '19', '23', '29', '54', '18', '20', '30', '41', '48', '53', '47', '82', '55', '38', '43', '31', '39', '40', '33', '42', '77', '51', '32', '60', '49', '52', '50', '70', '57', '58', '56', '68', '62', '61', '72', '74', '73', '67', '80', '85', '59', '79', '81', '63', '64', '65', '66', '69', '71', '75', '76', '78', '83', '84', '86', '88', '89']"
575,1444,1.700824499411072,32344,1431,973,722.8504122497055,"[3, 2, 2, 0, 1, 2, 2, 0, 0, 1, 0, 0, 2, 1, 1, 1, 2, 1, 3, 2, 1, 2, 2, 0, 3, 0, 3, 2, 1, 3, 2, 2, 1, 0, 3, 2, 1, 2, 0, 2, 3, 0, 1, 2, 2, 0, 0, 0, 0, 3, 2, 0, 1, 3, 0, 1, 0, 1, 2, 3, 2, 1, 2, 0, 1, 1, 3, 2, 3, 3, 3, 2, 3, 2, 3, 2, 3, 3, 0, 3, 3, 2, 3, 0, 3, 1, 2, 3, 2, 1]","['0', '2', '1', '7', '5', '11', '8', '12', '17', '4', '10', '6', '16', '13', '28', '87', '15', '19', '30', '9', '27', '26', '14', '29', '24', '22', '23', '31', '25', '40', '18', '3', '39', '77', '20', '21', '38', '36', '32', '37', '35', '82', '34', '50', '49', '46', '33', '43', '42', '44', '57', '45', '70', '55', '54', '41', '51', '53', '60', '47', '58', '48', '52', '61', '62', '56', '59', '68', '72', '67', '63', '73', '64', '80', '65', '74', '79', '66', '81', '69', '85', '71', '75', '76', '78', '83', '84', '86', '88', '89']"
576,1400,1.680672268907563,32531,1458,1020,700.8403361344538,"[3, 0, 0, 2, 1, 1, 2, 1, 0, 2, 1, 0, 2, 0, 3, 2, 1, 1, 3, 2, 3, 3, 1, 3, 2, 0, 2, 0, 2, 2, 2, 3, 1, 0, 1, 0, 1, 2, 1, 0, 1, 3, 0, 0, 2, 2, 0, 0, 2, 2, 3, 0, 0, 0, 0, 2, 0, 3, 1, 1, 1, 0, 3, 2, 1, 2, 1, 3, 1, 0, 2, 3, 3, 2, 1, 3, 2, 2, 3, 3, 1, 0, 0, 2, 1, 0, 3, 1, 3, 2]","['0', '1', '2', '4', '8', '7', '6', '13', '5', '9', '25', '24', '23', '18', '21', '35', '36', '43', '26', '44', '27', '17', '14', '3', '16', '22', '45', '11', '55', '12', '37', '20', '87', '46', '38', '53', '10', '54', '15', '19', '32', '34', '29', '28', '49', '70', '30', '41', '51', '58', '60', '62', '31', '40', '59', '39', '48', '82', '47', '77', '50', '33', '52', '56', '57', '42', '61', '63', '64', '65', '67', '66', '68', '69', '71', '72', '73', '79', '80', '81', '85', '75', '74', '76', '78', '83', '84', '86', '88', '89']"
577,1465,1.7645287563986751,27774,1279,831,733.3822643781994,"[0, 0, 2, 3, 3, 2, 1, 0, 3, 1, 1, 1, 1, 3, 0, 2, 0, 3, 0, 0, 0, 3, 3, 3, 0, 1, 1, 1, 1, 3, 3, 0, 0, 0, 3, 3, 2, 1, 0, 3, 3, 0, 2, 3, 2, 0, 1, 3, 3, 1, 1, 0, 2, 2, 0, 3, 3, 2, 1, 2, 3, 3, 3, 3, 1, 2, 2, 3, 0, 0, 2, 2, 2, 1, 3, 1, 1, 0, 2, 0, 0, 0, 3, 0, 3, 2, 2, 3, 1, 0]","['0', '1', '5', '2', '10', '3', '7', '4', '12', '6', '9', '15', '27', '24', '8', '23', '18', '21', '17', '20', '11', '32', '37', '19', '26', '25', '34', '16', '14', '36', '22', '35', '38', '41', '43', '48', '44', '13', '46', '49', '29', '47', '51', '45', '53', '54', '33', '87', '82', '52', '70', '60', '28', '42', '58', '30', '31', '39', '40', '50', '57', '55', '61', '59', '63', '56', '77', '67', '64', '62', '65', '68', '66', '69', '72', '71', '75', '73', '74', '76', '80', '85', '79', '81', '78', '83', '84', '86', '88', '89']"
578,1532,1.8603521554341227,33612,1429,1098,766.9301760777171,"[3, 0, 1, 0, 2, 2, 1, 1, 3, 0, 1, 2, 0, 0, 2, 2, 3, 2, 2, 2, 2, 0, 3, 2, 0, 2, 1, 2, 3, 3, 3, 0, 2, 3, 1, 0, 0, 3, 1, 3, 3, 1, 0, 3, 3, 2, 2, 3, 1, 2, 3, 3, 1, 1, 1, 1, 1, 2, 2, 3, 1, 0, 2, 1, 0, 3, 1, 0, 2, 0, 3, 2, 0, 2, 2, 3, 3, 1, 2, 1, 2, 3, 2, 3, 2, 3, 2, 3, 2, 2]","['0', '2', '1', '17', '7', '5', '10', '12', '11', '4', '6', '3', '8', '16', '14', '15', '13', '9', '87', '25', '18', '24', '22', '27', '20', '21', '23', '28', '35', '32', '34', '36', '33', '41', '37', '26', '45', '38', '44', '54', '47', '19', '53', '30', '43', '29', '31', '40', '51', '42', '49', '52', '39', '50', '77', '46', '70', '58', '57', '62', '48', '55', '56', '59', '60', '82', '68', '61', '63', '72', '73', '79', '64', '67', '80', '74', '65', '81', '85', '66', '69', '71', '75', '76', '78', '83', '84', '86', '88', '89']"
579,1206,1.4774885145482388,29628,1342,882,603.7387442572741,"[2, 3, 3, 3, 2, 3, 1, 3, 3, 0, 2, 3, 0, 0, 0, 3, 0, 0, 1, 3, 2, 1, 0, 0, 2, 2, 2, 0, 0, 1, 2, 2, 2, 2, 0, 0, 1, 2, 0, 1, 1, 2, 1, 2, 1, 3, 1, 3, 0, 0, 0, 3, 1, 2, 0, 1, 0, 3, 1, 3, 3, 0, 1, 2, 3, 2, 1, 2, 1, 3, 2, 3, 0, 3, 1, 3, 1, 0, 3, 1, 2, 1, 3, 3, 3, 3, 2, 1, 1, 1]","['0', '1', '3', '8', '7', '2', '16', '5', '4', '6', '14', '17', '87', '12', '10', '11', '13', '15', '9', '19', '18', '23', '25', '22', '20', '32', '27', '26', '21', '30', '33', '28', '31', '29', '34', '40', '37', '24', '50', '41', '82', '36', '49', '38', '39', '35', '46', '77', '45', '44', '57', '55', '54', '53', '42', '47', '43', '48', '70', '52', '56', '68', '67', '72', '73', '79', '51', '74', '59', '58', '60', '61', '62', '80', '81', '63', '85', '64', '65', '66', '69', '71', '75', '76', '78', '83', '84', '86', '88', '89']"
580,1431,1.7096774193548387,32997,1512,998,716.3548387096774,"[2, 0, 2, 1, 1, 2, 3, 1, 0, 0, 1, 0, 3, 3, 0, 0, 2, 3, 1, 2, 3, 3, 3, 1, 3, 0, 2, 2, 0, 3, 1, 0, 1, 2, 0, 2, 1, 3, 0, 1, 2, 2, 3, 2, 3, 1, 2, 0, 2, 3, 3, 3, 2, 0, 0, 3, 3, 1, 0, 2, 2, 2, 0, 0, 1, 0, 3, 0, 0, 2, 0, 3, 2, 2, 2, 1, 3, 0, 0, 3, 3, 1, 0, 2, 2, 3, 1, 3, 2, 1]","['0', '2', '17', '1', '4', '5', '3', '11', '10', '12', '7', '8', '16', '6', '13', '9', '21', '24', '37', '34', '87', '28', '25', '22', '27', '18', '14', '15', '26', '20', '23', '19', '33', '30', '41', '38', '31', '39', '32', '35', '48', '43', '44', '45', '46', '40', '51', '55', '50', '60', '29', '57', '82', '54', '77', '58', '56', '49', '53', '47', '68', '61', '62', '67', '70', '36', '52', '59', '42', '63', '64', '65', '66', '72', '69', '71', '74', '73', '80', '75', '76', '85', '78', '81', '79', '83', '84', '86', '88', '89']"
581,1442,1.7115727002967358,28802,1390,924,721.8557863501484,"[3, 3, 2, 3, 0, 0, 1, 0, 2, 2, 1, 0, 3, 3, 2, 2, 2, 2, 0, 3, 3, 3, 0, 2, 0, 2, 1, 2, 0, 0, 2, 3, 2, 1, 0, 0, 2, 2, 3, 3, 1, 3, 2, 2, 3, 2, 0, 1, 3, 0, 2, 2, 3, 3, 2, 2, 2, 3, 0, 3, 0, 1, 3, 3, 0, 1, 1, 1, 3, 0, 1, 3, 0, 1, 1, 1, 1, 3, 1, 3, 1, 1, 1, 1, 0, 2, 2, 1, 2, 3]","['0', '1', '2', '17', '7', '8', '5', '12', '3', '4', '11', '6', '16', '9', '14', '87', '10', '26', '15', '23', '18', '21', '35', '19', '44', '27', '25', '34', '46', '37', '30', '24', '22', '36', '43', '45', '54', '55', '38', '13', '20', '31', '33', '40', '53', '41', '28', '51', '48', '59', '50', '56', '68', '58', '57', '32', '29', '67', '47', '52', '39', '49', '82', '62', '72', '70', '77', '74', '42', '73', '80', '85', '81', '79', '60', '61', '63', '64', '65', '66', '69', '71', '75', '76', '78', '83', '84', '86', '88', '89']"
582,1752,2.095067264573991,31908,1503,1006,877.047533632287,"[1, 0, 3, 0, 3, 0, 1, 3, 1, 3, 1, 2, 0, 3, 0, 2, 3, 2, 2, 1, 2, 0, 1, 3, 3, 3, 0, 3, 1, 3, 3, 0, 3, 3, 3, 2, 2, 0, 2, 0, 2, 3, 3, 0, 0, 3, 0, 0, 2, 2, 0, 2, 1, 0, 1, 1, 2, 3, 0, 0, 0, 3, 0, 2, 3, 3, 3, 0, 3, 2, 2, 0, 2, 2, 1, 2, 0, 2, 1, 3, 3, 3, 3, 2, 1, 3, 3, 0, 1, 0]","['0', '2', '1', '3', '8', '4', '5', '11', '7', '12', '6', '17', '16', '14', '15', '19', '30', '87', '10', '29', '9', '82', '13', '23', '28', '26', '18', '20', '32', '24', '25', '33', '21', '36', '37', '34', '27', '22', '35', '31', '39', '41', '47', '38', '45', '53', '55', '44', '48', '43', '46', '54', '52', '49', '77', '42', '51', '70', '40', '58', '50', '59', '62', '60', '56', '68', '57', '67', '72', '74', '73', '80', '81', '79', '61', '63', '85', '64', '65', '66', '69', '71', '75', '76', '78', '83', '84', '86', '88', '89']"
583,1419,1.677304964539007,32755,1401,1059,710.3386524822695,"[1, 3, 0, 0, 1, 2, 2, 1, 3, 1, 0, 0, 3, 3, 3, 2, 0, 3, 2, 1, 1, 0, 1, 0, 0, 1, 0, 1, 1, 0, 3, 2, 2, 1, 1, 2, 2, 2, 3, 2, 0, 0, 2, 3, 2, 0, 2, 2, 2, 0, 3, 3, 2, 0, 0, 3, 1, 0, 1, 1, 2, 2, 1, 0, 3, 1, 0, 0, 1, 2, 3, 3, 0, 3, 2, 0, 0, 2, 3, 0, 0, 1, 0, 2, 1, 1, 2, 2, 3, 1]","['0', '2', '1', '5', '4', '10', '3', '12', '7', '6', '8', '14', '16', '13', '9', '18', '15', '23', '26', '11', '17', '28', '20', '24', '21', '22', '25', '19', '34', '32', '33', '41', '48', '38', '47', '27', '87', '37', '29', '36', '42', '35', '82', '43', '44', '30', '51', '60', '58', '49', '46', '31', '70', '52', '45', '55', '39', '59', '77', '53', '62', '54', '40', '50', '56', '67', '68', '57', '72', '73', '74', '61', '63', '64', '80', '81', '79', '65', '85', '66', '69', '71', '75', '76', '78', '83', '84', '86', '88', '89']"
584,1327,1.597351790550707,31416,1499,1099,664.2986758952753,"[2, 0, 1, 2, 2, 1, 3, 0, 1, 0, 1, 1, 3, 1, 0, 1, 3, 0, 1, 2, 3, 1, 3, 3, 1, 1, 1, 0, 2, 1, 0, 1, 3, 2, 3, 3, 2, 3, 0, 0, 1, 2, 0, 2, 3, 2, 0, 3, 2, 2, 2, 2, 3, 1, 3, 0, 1, 3, 3, 0, 1, 0, 1, 2, 3, 2, 0, 0, 2, 0, 2, 1, 1, 1, 1, 2, 1, 2, 3, 0, 3, 1, 2, 0, 1, 1, 0, 3, 3, 2]","['0', '1', '8', '5', '11', '3', '7', '4', '12', '2', '16', '6', '17', '15', '13', '14', '9', '18', '25', '23', '27', '20', '24', '10', '28', '22', '19', '26', '32', '30', '21', '31', '34', '35', '87', '33', '37', '40', '44', '29', '38', '82', '49', '46', '36', '70', '41', '39', '48', '43', '51', '50', '58', '56', '45', '55', '77', '54', '53', '68', '59', '67', '62', '60', '47', '72', '73', '42', '80', '74', '52', '79', '81', '85', '57', '61', '63', '64', '65', '66', '69', '71', '75', '76', '78', '83', '84', '86', '88', '89']"
585,1593,1.8539423916205993,29956,1422,978,797.4269711958103,"[2, 2, 0, 2, 3, 0, 1, 2, 2, 3, 2, 0, 2, 3, 2, 0, 2, 1, 1, 0, 1, 3, 1, 3, 2, 1, 0, 1, 0, 0, 0, 2, 2, 1, 0, 0, 2, 0, 0, 1, 2, 3, 0, 1, 0, 1, 3, 1, 3, 1, 0, 3, 1, 2, 0, 0, 3, 3, 3, 0, 3, 2, 2, 1, 2, 3, 0, 3, 1, 0, 1, 3, 2, 3, 2, 0, 1, 0, 1, 1, 0, 3, 0, 0, 0, 3, 0, 1, 2, 2]","['0', '1', '7', '5', '11', '12', '2', '4', '6', '3', '10', '13', '9', '15', '22', '14', '27', '8', '16', '23', '28', '17', '26', '24', '18', '20', '19', '38', '29', '25', '87', '33', '21', '82', '32', '34', '37', '30', '35', '49', '44', '70', '46', '36', '43', '41', '31', '48', '47', '39', '51', '40', '60', '77', '50', '59', '45', '55', '42', '56', '67', '54', '58', '53', '68', '52', '72', '57', '74', '62', '61', '73', '79', '63', '80', '81', '64', '85', '65', '66', '69', '71', '75', '76', '78', '83', '84', '86', '88', '89']"
586,1372,1.6070278184480233,32572,1383,874,686.803513909224,"[2, 3, 1, 3, 0, 3, 2, 2, 1, 3, 1, 0, 3, 2, 0, 3, 0, 2, 3, 3, 1, 1, 3, 3, 0, 0, 1, 3, 0, 3, 0, 3, 2, 0, 0, 1, 2, 3, 0, 1, 1, 1, 1, 2, 1, 0, 1, 0, 3, 3, 0, 2, 0, 0, 2, 2, 2, 3, 1, 3, 3, 1, 3, 2, 1, 2, 0, 2, 1, 2, 0, 2, 2, 0, 2, 1, 0, 0, 0, 2, 1, 2, 3, 3, 3, 0, 0, 2, 2, 1]","['0', '1', '3', '2', '4', '5', '8', '6', '7', '16', '13', '10', '87', '17', '14', '12', '11', '9', '26', '28', '15', '22', '25', '27', '18', '19', '30', '29', '24', '31', '40', '23', '82', '50', '21', '38', '35', '39', '36', '45', '43', '55', '54', '57', '53', '44', '46', '37', '77', '20', '32', '34', '41', '33', '51', '48', '59', '49', '47', '56', '68', '70', '67', '72', '42', '52', '58', '60', '74', '61', '73', '63', '64', '80', '62', '85', '65', '79', '81', '66', '69', '71', '75', '76', '78', '83', '84', '86', '88', '89']"
587,1386,1.6436406759561222,31133,1492,1065,693.821820337978,"[2, 3, 2, 2, 1, 1, 2, 2, 3, 0, 0, 1, 2, 1, 2, 3, 0, 2, 2, 2, 2, 3, 0, 0, 1, 3, 0, 1, 0, 0, 3, 0, 3, 0, 2, 3, 3, 3, 1, 2, 0, 1, 2, 0, 2, 2, 2, 3, 3, 1, 2, 1, 3, 1, 3, 2, 0, 1, 1, 2, 2, 2, 1, 3, 3, 1, 3, 1, 3, 3, 1, 2, 1, 0, 1, 1, 1, 0, 0, 1, 2, 0, 1, 3, 0, 1, 3, 2, 1, 1]","['0', '1', '8', '4', '7', '3', '6', '14', '13', '5', '11', '9', '22', '15', '10', '25', '27', '26', '2', '12', '23', '18', '21', '36', '28', '38', '17', '35', '20', '43', '33', '24', '32', '45', '46', '19', '44', '30', '37', '16', '55', '87', '42', '53', '31', '29', '39', '54', '82', '34', '41', '40', '51', '49', '70', '47', '60', '50', '58', '48', '56', '59', '52', '62', '68', '57', '61', '72', '63', '64', '77', '73', '80', '79', '81', '74', '65', '67', '85', '66', '69', '71', '75', '76', '78', '83', '84', '86', '88', '89']"
588,1308,1.5659982041304998,32587,1334,961,654.7829991020652,"[0, 2, 3, 1, 2, 1, 0, 0, 0, 3, 0, 2, 1, 1, 0, 3, 2, 2, 2, 3, 1, 0, 3, 2, 0, 1, 3, 2, 1, 0, 2, 1, 2, 0, 1, 3, 2, 1, 0, 0, 2, 0, 1, 3, 0, 2, 0, 3, 1, 1, 2, 1, 1, 1, 1, 2, 3, 2, 1, 3, 3, 2, 2, 1, 3, 1, 3, 2, 2, 0, 0, 1, 1, 2, 3, 2, 3, 1, 1, 1, 3, 3, 3, 1, 2, 2, 3, 0, 0, 1]","['0', '2', '17', '1', '3', '7', '4', '5', '12', '10', '8', '11', '6', '14', '15', '16', '87', '13', '19', '30', '29', '82', '28', '9', '24', '27', '22', '25', '21', '35', '26', '37', '18', '46', '43', '31', '20', '32', '39', '23', '44', '34', '38', '36', '40', '41', '50', '51', '57', '45', '53', '59', '33', '77', '60', '55', '54', '49', '58', '48', '47', '62', '42', '61', '63', '52', '70', '64', '65', '56', '67', '66', '68', '72', '69', '71', '74', '75', '76', '78', '73', '80', '81', '85', '79', '83', '84', '86', '88', '89']"
589,1559,1.8777476663655526,31925,1515,1043,780.4388738331828,"[0, 3, 3, 1, 1, 2, 2, 0, 3, 3, 3, 1, 1, 2, 1, 0, 2, 3, 2, 1, 2, 2, 3, 1, 1, 0, 2, 2, 1, 0, 2, 0, 1, 3, 0, 0, 2, 0, 3, 0, 1, 1, 3, 0, 0, 0, 2, 0, 2, 3, 0, 2, 0, 3, 2, 1, 0, 1, 3, 2, 1, 0, 1, 1, 3, 2, 3, 0, 0, 2, 1, 1, 0, 2, 2, 0, 3, 2, 0, 2, 3, 0, 1, 0, 1, 1, 3, 1, 0, 2]","['0', '1', '5', '2', '17', '7', '11', '10', '4', '3', '8', '16', '6', '14', '9', '13', '21', '15', '34', '23', '12', '28', '24', '35', '18', '26', '19', '87', '30', '44', '22', '37', '43', '20', '29', '46', '82', '38', '41', '27', '36', '31', '47', '51', '59', '48', '32', '58', '33', '49', '52', '25', '45', '54', '42', '40', '39', '55', '70', '53', '77', '50', '56', '57', '60', '68', '62', '72', '73', '67', '79', '74', '80', '81', '85', '61', '63', '64', '65', '66', '69', '71', '75', '76', '78', '83', '84', '86', '88', '89']"
590,1404,1.6600650310375407,29755,1408,1010,702.8300325155187,"[3, 0, 3, 3, 1, 3, 3, 2, 2, 3, 2, 2, 3, 3, 3, 2, 0, 3, 3, 3, 3, 0, 0, 2, 2, 2, 1, 3, 0, 2, 1, 1, 0, 1, 3, 3, 2, 1, 0, 2, 3, 2, 0, 0, 2, 3, 2, 0, 1, 0, 0, 2, 2, 1, 0, 0, 2, 1, 0, 3, 2, 0, 1, 2, 3, 2, 2, 1, 0, 3, 3, 0, 2, 2, 2, 1, 2, 1, 2, 0, 3, 3, 1, 3, 0, 2, 1, 0, 0, 0]","['0', '2', '17', '1', '7', '3', '4', '5', '11', '8', '6', '15', '16', '87', '14', '9', '13', '22', '27', '26', '18', '24', '20', '33', '10', '32', '21', '35', '44', '12', '25', '36', '34', '46', '43', '23', '19', '30', '42', '41', '29', '31', '51', '28', '39', '37', '59', '45', '58', '82', '54', '38', '55', '40', '47', '48', '60', '77', '52', '49', '50', '56', '70', '57', '68', '72', '61', '67', '73', '80', '63', '74', '81', '53', '79', '62', '64', '85', '65', '66', '69', '71', '75', '76', '78', '83', '84', '86', '88', '89']"
591,1251,1.526075022872827,30812,1482,1037,626.2630375114364,"[1, 0, 0, 2, 1, 2, 1, 0, 3, 3, 1, 1, 2, 3, 1, 1, 3, 1, 3, 0, 2, 3, 0, 0, 0, 2, 2, 3, 1, 2, 3, 3, 0, 2, 0, 1, 1, 2, 3, 0, 3, 3, 0, 1, 1, 1, 1, 2, 0, 2, 2, 0, 3, 3, 2, 1, 2, 3, 3, 1, 0, 3, 0, 0, 3, 0, 2, 2, 2, 0, 0, 0, 2, 3, 1, 3, 2, 2, 1, 1, 2, 0, 2, 1, 1, 0, 3, 3, 3, 3]","['0', '1', '3', '2', '7', '5', '10', '17', '12', '8', '16', '11', '87', '4', '6', '9', '14', '21', '23', '25', '18', '34', '24', '27', '15', '13', '26', '36', '19', '35', '44', '20', '22', '37', '41', '29', '43', '46', '32', '45', '30', '48', '53', '47', '38', '54', '49', '31', '33', '40', '39', '42', '52', '82', '28', '77', '70', '55', '50', '51', '56', '68', '72', '74', '57', '60', '59', '73', '58', '80', '67', '61', '85', '63', '62', '81', '79', '64', '65', '66', '69', '71', '75', '76', '78', '83', '84', '86', '88', '89']"
592,1284,1.5231316725978647,33149,1418,957,642.7615658362989,"[1, 2, 3, 0, 0, 2, 3, 3, 0, 1, 3, 1, 2, 1, 0, 1, 1, 3, 3, 0, 1, 0, 2, 3, 3, 3, 0, 2, 1, 0, 1, 2, 1, 3, 1, 0, 1, 1, 1, 0, 3, 2, 1, 0, 3, 1, 3, 2, 2, 1, 3, 2, 3, 1, 3, 2, 3, 1, 1, 0, 1, 3, 3, 3, 2, 2, 3, 0, 0, 0, 0, 0, 2, 2, 3, 2, 0, 3, 2, 1, 0, 0, 2, 0, 0, 3, 2, 3, 2, 2]","['0', '1', '3', '7', '8', '5', '10', '4', '2', '12', '11', '6', '17', '15', '19', '16', '14', '30', '9', '26', '87', '13', '27', '25', '23', '29', '28', '22', '38', '18', '20', '31', '33', '24', '32', '40', '82', '39', '21', '77', '50', '37', '34', '57', '49', '36', '70', '41', '35', '46', '45', '42', '44', '54', '55', '47', '43', '52', '48', '56', '67', '68', '53', '72', '51', '59', '74', '58', '73', '79', '60', '80', '61', '81', '85', '63', '64', '62', '65', '66', '69', '71', '75', '76', '78', '83', '84', '86', '88', '89']"
593,1518,1.8597243491577335,30403,1271,926,759.9298621745788,"[1, 1, 3, 2, 1, 1, 0, 1, 1, 2, 3, 2, 0, 0, 0, 1, 0, 1, 0, 2, 2, 3, 0, 2, 2, 3, 0, 0, 3, 0, 1, 1, 1, 3, 3, 3, 3, 0, 0, 3, 0, 2, 2, 2, 1, 2, 1, 1, 0, 3, 3, 2, 1, 3, 0, 1, 0, 1, 2, 3, 1, 2, 0, 1, 3, 3, 1, 3, 3, 3, 0, 1, 3, 3, 3, 3, 3, 3, 3, 1, 3, 2, 1, 1, 1, 0, 2, 0, 3, 1]","['0', '2', '1', '7', '8', '3', '4', '17', '5', '6', '13', '11', '14', '16', '10', '9', '27', '26', '87', '25', '24', '18', '21', '35', '44', '46', '28', '43', '37', '20', '23', '34', '41', '15', '45', '36', '55', '48', '51', '60', '59', '33', '47', '32', '22', '58', '12', '38', '52', '42', '54', '53', '19', '62', '29', '82', '49', '30', '31', '39', '70', '77', '40', '50', '57', '56', '61', '68', '63', '64', '72', '65', '66', '74', '67', '69', '71', '75', '76', '73', '79', '80', '78', '81', '83', '84', '85', '86', '88', '89']"
594,1454,1.675597810429271,33001,1369,943,727.8377989052146,"[2, 1, 3, 0, 3, 3, 1, 2, 1, 2, 0, 2, 1, 2, 1, 0, 0, 0, 0, 1, 2, 0, 3, 1, 2, 3, 3, 1, 1, 1, 3, 2, 3, 3, 0, 2, 2, 2, 0, 2, 0, 3, 1, 3, 0, 1, 3, 1, 2, 1, 2, 1, 2, 3, 3, 0, 1, 2, 1, 3, 1, 2, 1, 2, 0, 2, 3, 1, 0, 3, 3, 1, 0, 2, 2, 1, 3, 0, 1, 2, 2, 1, 1, 2, 0, 1, 0, 3, 1, 1]","['0', '1', '2', '17', '7', '3', '5', '4', '8', '16', '6', '11', '87', '10', '14', '13', '12', '15', '19', '29', '9', '27', '25', '18', '21', '35', '43', '34', '45', '30', '20', '41', '47', '51', '58', '23', '26', '59', '82', '22', '28', '54', '31', '44', '48', '55', '32', '37', '49', '70', '52', '36', '46', '60', '33', '24', '39', '38', '53', '77', '42', '62', '40', '50', '57', '61', '56', '63', '64', '67', '68', '65', '72', '74', '66', '69', '73', '79', '71', '75', '80', '81', '85', '76', '78', '83', '84', '86', '88', '89']"
595,1583,1.956132221192462,31548,1534,1070,792.4780661105963,"[1, 0, 3, 0, 0, 2, 3, 1, 1, 0, 0, 2, 1, 2, 1, 0, 0, 3, 2, 2, 2, 0, 2, 0, 0, 0, 1, 2, 1, 0, 0, 3, 3, 0, 0, 3, 0, 3, 0, 0, 0, 1, 2, 3, 2, 0, 3, 0, 0, 0, 3, 2, 2, 3, 2, 2, 0, 3, 3, 2, 3, 2, 3, 0, 3, 1, 1, 3, 0, 1, 3, 0, 0, 1, 1, 2, 0, 1, 2, 1, 2, 0, 1, 3, 1, 3, 2, 2, 1, 1]","['0', '2', '17', '1', '8', '4', '6', '7', '5', '12', '10', '3', '15', '19', '9', '13', '16', '87', '24', '28', '11', '23', '26', '18', '22', '21', '36', '25', '34', '37', '20', '27', '38', '30', '32', '41', '47', '35', '45', '44', '49', '14', '53', '52', '33', '46', '48', '70', '29', '42', '55', '54', '43', '82', '31', '39', '77', '51', '40', '59', '50', '56', '67', '68', '58', '60', '72', '57', '62', '73', '61', '80', '74', '81', '63', '85', '64', '79', '65', '66', '69', '71', '75', '76', '78', '83', '84', '86', '88', '89']"
596,1680,2.0119760479041915,29056,1351,949,841.0059880239521,"[3, 3, 3, 2, 1, 0, 1, 1, 0, 3, 2, 2, 2, 3, 2, 0, 0, 3, 0, 0, 2, 0, 0, 3, 0, 3, 0, 2, 3, 0, 3, 1, 2, 0, 1, 2, 3, 0, 3, 1, 0, 1, 0, 3, 0, 0, 0, 0, 2, 0, 1, 3, 3, 2, 3, 2, 1, 0, 2, 2, 0, 0, 3, 2, 1, 3, 1, 3, 1, 1, 2, 2, 0, 2, 0, 0, 3, 0, 0, 2, 1, 1, 0, 3, 2, 0, 1, 3, 0, 2]","['0', '1', '4', '2', '6', '3', '15', '13', '7', '8', '17', '14', '16', '87', '5', '11', '10', '28', '9', '26', '24', '12', '27', '22', '25', '18', '20', '19', '23', '30', '33', '31', '40', '39', '21', '32', '36', '29', '77', '50', '34', '57', '35', '42', '44', '46', '43', '82', '45', '38', '53', '41', '54', '48', '55', '47', '52', '56', '68', '67', '37', '51', '58', '60', '49', '59', '62', '70', '61', '63', '64', '72', '65', '66', '73', '69', '74', '79', '80', '81', '71', '75', '85', '76', '78', '83', '84', '86', '88', '89']"
597,1266,1.5429616087751372,29259,1268,903,633.7714808043876,"[1, 3, 3, 0, 3, 3, 1, 0, 1, 1, 0, 0, 0, 2, 2, 0, 0, 0, 0, 3, 0, 2, 2, 1, 3, 1, 1, 1, 2, 1, 2, 1, 2, 0, 0, 0, 3, 0, 0, 2, 3, 3, 3, 1, 3, 1, 2, 1, 0, 3, 3, 2, 0, 2, 2, 0, 3, 3, 2, 2, 3, 0, 3, 1, 0, 2, 3, 2, 2, 0, 3, 2, 3, 2, 1, 0, 0, 1, 3, 1, 0, 0, 0, 0, 3, 0, 2, 2, 1, 2]","['0', '1', '4', '6', '15', '3', '14', '7', '2', '13', '8', '17', '5', '16', '10', '11', '12', '9', '23', '25', '27', '22', '38', '19', '29', '28', '21', '87', '18', '82', '24', '37', '35', '26', '34', '43', '36', '20', '46', '44', '45', '30', '54', '32', '41', '51', '49', '59', '70', '53', '48', '55', '47', '31', '33', '52', '42', '39', '60', '40', '58', '62', '50', '57', '77', '61', '56', '67', '63', '68', '64', '65', '72', '73', '80', '79', '81', '85', '74', '66', '69', '71', '75', '76', '78', '83', '84', '86', '88', '89']"
598,1469,1.800796812749004,28299,1360,920,735.4003984063745,"[0, 0, 2, 3, 0, 1, 0, 3, 3, 3, 3, 3, 0, 2, 3, 2, 2, 3, 1, 0, 1, 2, 3, 3, 3, 0, 2, 3, 1, 2, 2, 3, 0, 1, 0, 0, 3, 0, 1, 3, 3, 3, 1, 2, 1, 1, 1, 1, 1, 0, 2, 2, 2, 3, 3, 1, 0, 1, 2, 3, 0, 1, 3, 3, 2, 1, 2, 0, 1, 0, 1, 0, 1, 2, 2, 0, 2, 1, 0, 1, 3, 3, 1, 1, 1, 2, 1, 1, 2, 3]","['0', '1', '8', '2', '17', '5', '11', '12', '3', '10', '4', '6', '7', '15', '16', '87', '14', '19', '9', '13', '28', '27', '23', '30', '18', '20', '22', '24', '29', '25', '82', '33', '26', '31', '32', '38', '40', '50', '57', '21', '36', '35', '45', '39', '53', '44', '55', '77', '46', '43', '42', '34', '41', '48', '51', '60', '47', '56', '61', '52', '37', '49', '68', '58', '54', '72', '70', '59', '67', '74', '73', '62', '79', '63', '64', '80', '65', '85', '81', '66', '69', '71', '75', '76', '78', '83', '84', '86', '88', '89']"
599,1360,1.6214605067064083,31859,1462,1020,680.8107302533532,"[2, 3, 3, 1, 2, 3, 2, 0, 0, 3, 0, 3, 1, 3, 3, 2, 0, 3, 1, 1, 0, 3, 3, 3, 1, 1, 3, 3, 2, 3, 1, 2, 0, 1, 3, 1, 1, 1, 2, 0, 3, 2, 3, 3, 2, 0, 3, 0, 2, 0, 0, 2, 0, 1, 2, 3, 3, 1, 1, 3, 3, 0, 2, 1, 3, 1, 2, 0, 2, 0, 0, 3, 0, 1, 3, 2, 0, 2, 0, 2, 0, 3, 1, 2, 0, 3, 2, 3, 3, 0]","['0', '2', '17', '1', '7', '8', '4', '3', '6', '14', '15', '13', '16', '87', '5', '10', '11', '28', '12', '9', '25', '19', '27', '30', '29', '22', '23', '18', '26', '82', '21', '37', '24', '20', '38', '33', '36', '32', '49', '31', '39', '40', '77', '42', '70', '35', '46', '44', '50', '57', '43', '34', '41', '45', '53', '55', '47', '48', '56', '51', '59', '60', '67', '58', '62', '52', '54', '61', '68', '72', '73', '80', '79', '81', '74', '63', '64', '65', '66', '69', '85', '71', '75', '76', '78', '83', '84', '86', '88', '89']"
600,1518,1.8439113270573946,30733,1416,994,759.9219556635287,"[0, 0, 0, 2, 3, 2, 0, 3, 1, 1, 1, 0, 3, 3, 0, 0, 3, 3, 0, 0, 2, 0, 3, 2, 0, 1, 2, 0, 1, 0, 1, 2, 2, 0, 0, 1, 0, 1, 1, 1, 0, 0, 2, 3, 2, 0, 0, 1, 3, 1, 3, 1, 0, 1, 0, 1, 3, 1, 1, 1, 2, 1, 2, 0, 2, 2, 3, 1, 1, 2, 1, 2, 1, 3, 3, 1, 3, 2, 0, 0, 0, 1, 3, 1, 1, 2, 2, 0, 0, 3]","['0', '1', '7', '5', '11', '3', '10', '4', '12', '2', '6', '8', '16', '14', '17', '9', '18', '15', '87', '27', '24', '22', '25', '13', '23', '20', '21', '35', '34', '19', '26', '36', '30', '31', '33', '42', '44', '38', '45', '43', '54', '41', '39', '51', '40', '32', '55', '28', '60', '58', '48', '50', '53', '37', '47', '46', '57', '77', '56', '49', '68', '52', '70', '72', '74', '73', '29', '59', '61', '80', '79', '82', '62', '67', '85', '81', '63', '64', '65', '66', '69', '71', '75', '76', '78', '83', '84', '86', '88', '89']"
601,1694,1.9680511182108626,30052,1349,935,847.9840255591055,"[3, 3, 3, 3, 2, 0, 2, 0, 1, 3, 2, 2, 1, 0, 2, 3, 2, 2, 1, 0, 1, 1, 0, 0, 1, 2, 2, 2, 3, 2, 2, 0, 0, 2, 2, 1, 2, 0, 2, 3, 2, 2, 3, 2, 2, 0, 1, 2, 3, 1, 2, 0, 2, 2, 2, 1, 3, 0, 1, 3, 0, 0, 2, 1, 2, 3, 0, 2, 3, 1, 1, 0, 1, 0, 2, 2, 3, 3, 1, 2, 0, 0, 3, 0, 1, 2, 0, 2, 3, 1]","['0', '2', '1', '5', '3', '17', '7', '8', '16', '87', '4', '11', '10', '12', '6', '13', '15', '9', '18', '27', '20', '19', '28', '23', '24', '14', '30', '25', '29', '32', '21', '82', '36', '22', '37', '49', '70', '33', '26', '35', '43', '44', '42', '45', '31', '53', '38', '40', '46', '54', '55', '39', '77', '34', '41', '50', '47', '51', '48', '59', '52', '58', '62', '56', '57', '68', '60', '72', '73', '74', '67', '61', '80', '63', '64', '85', '79', '65', '81', '66', '69', '71', '75', '76', '78', '83', '84', '86', '88', '89']"
602,1378,1.6897608828939301,28151,1401,999,689.844880441447,"[0, 0, 3, 1, 3, 3, 2, 1, 1, 3, 1, 1, 3, 1, 3, 2, 1, 3, 0, 1, 0, 3, 0, 2, 1, 0, 0, 0, 3, 1, 3, 1, 1, 0, 0, 2, 1, 3, 1, 1, 0, 0, 1, 1, 1, 2, 0, 0, 3, 1, 2, 3, 2, 3, 0, 3, 2, 0, 3, 0, 2, 3, 3, 0, 3, 2, 2, 2, 3, 3, 2, 0, 2, 3, 1, 3, 1, 2, 1, 3, 0, 1, 1, 0, 2, 3, 3, 0, 1, 3]","['0', '1', '8', '4', '5', '2', '17', '6', '9', '25', '7', '15', '18', '22', '10', '11', '12', '27', '26', '19', '16', '24', '3', '20', '23', '21', '32', '14', '29', '38', '34', '33', '37', '13', '41', '49', '30', '70', '28', '82', '48', '47', '87', '35', '31', '40', '45', '54', '50', '55', '46', '44', '52', '39', '43', '57', '77', '36', '51', '59', '53', '42', '60', '61', '63', '58', '62', '64', '56', '68', '65', '72', '74', '67', '66', '69', '71', '73', '79', '75', '80', '85', '81', '76', '78', '83', '84', '86', '88', '89']"
603,1405,1.680622009569378,29598,1394,976,703.3403110047847,"[3, 3, 0, 1, 1, 1, 2, 3, 2, 3, 2, 0, 3, 0, 2, 2, 0, 1, 1, 1, 2, 3, 0, 1, 1, 2, 1, 1, 3, 0, 1, 2, 1, 0, 3, 1, 1, 0, 2, 2, 2, 0, 3, 0, 0, 2, 2, 1, 1, 0, 2, 2, 0, 1, 3, 0, 3, 1, 1, 3, 3, 3, 2, 3, 3, 1, 0, 1, 3, 2, 3, 1, 2, 3, 2, 3, 2, 0, 2, 3, 3, 0, 3, 3, 3, 2, 2, 0, 1, 2]","['0', '1', '7', '4', '5', '8', '6', '12', '2', '13', '15', '17', '19', '10', '3', '11', '9', '22', '16', '25', '30', '14', '23', '87', '26', '38', '28', '27', '31', '24', '39', '40', '29', '21', '82', '50', '57', '34', '77', '18', '36', '20', '41', '48', '35', '47', '32', '44', '52', '43', '51', '37', '33', '60', '42', '49', '58', '45', '59', '70', '55', '53', '54', '46', '62', '56', '68', '61', '72', '67', '74', '73', '79', '63', '80', '81', '85', '64', '65', '66', '69', '71', '75', '76', '78', '83', '84', '86', '88', '89']"
604,1718,2.0029146021568054,28746,1238,866,860.0014573010784,"[3, 3, 2, 2, 2, 3, 3, 3, 1, 3, 2, 2, 1, 2, 3, 3, 1, 1, 2, 3, 0, 1, 2, 2, 1, 0, 1, 3, 1, 3, 2, 0, 2, 2, 1, 3, 1, 3, 3, 1, 2, 2, 0, 2, 3, 1, 1, 2, 3, 0, 1, 3, 2, 1, 2, 2, 3, 3, 2, 2, 2, 3, 0, 3, 1, 3, 2, 2, 2, 3, 0, 1, 0, 3, 1, 3, 1, 2, 3, 1, 1, 2, 2, 2, 2, 1, 1, 1, 2, 1]","['0', '1', '5', '11', '10', '3', '4', '6', '13', '7', '15', '14', '2', '8', '17', '16', '87', '28', '12', '19', '9', '30', '25', '24', '21', '34', '22', '35', '37', '29', '26', '44', '46', '36', '45', '53', '18', '43', '55', '54', '23', '20', '27', '33', '42', '41', '82', '38', '48', '31', '47', '51', '52', '32', '58', '39', '77', '60', '59', '49', '70', '40', '62', '50', '56', '68', '67', '57', '72', '74', '73', '61', '79', '80', '85', '63', '64', '81', '65', '66', '69', '71', '75', '76', '78', '83', '84', '86', '88', '89']"
605,1438,1.6902732882750515,31818,1312,929,719.8451366441375,"[1, 1, 2, 3, 0, 3, 0, 0, 3, 3, 3, 2, 3, 1, 0, 0, 1, 2, 1, 0, 0, 0, 2, 0, 2, 2, 3, 2, 0, 1, 1, 3, 1, 1, 2, 1, 2, 0, 3, 0, 1, 2, 0, 2, 1, 0, 2, 0, 3, 2, 0, 2, 3, 3, 3, 0, 0, 2, 1, 0, 2, 3, 2, 3, 3, 3, 1, 2, 2, 3, 1, 1, 3, 0, 0, 3, 1, 1, 3, 1, 3, 2, 3, 0, 3, 0, 2, 2, 3, 1]","['0', '1', '2', '3', '5', '11', '12', '10', '7', '8', '17', '4', '6', '14', '16', '15', '87', '19', '29', '13', '82', '28', '9', '22', '18', '20', '26', '23', '32', '30', '27', '31', '38', '40', '50', '24', '33', '25', '21', '37', '49', '57', '35', '43', '34', '44', '41', '70', '39', '46', '47', '36', '48', '77', '51', '52', '60', '45', '55', '59', '53', '61', '56', '67', '58', '62', '68', '54', '42', '63', '64', '72', '74', '73', '79', '80', '81', '85', '65', '66', '69', '71', '75', '76', '78', '83', '84', '86', '88', '89']"
606,1224,1.4597495527728086,28352,1100,766,612.7298747763864,"[1, 3, 1, 1, 0, 1, 0, 2, 3, 2, 1, 1, 2, 0, 0, 2, 2, 2, 0, 3, 2, 0, 2, 3, 3, 2, 1, 3, 3, 1, 1, 2, 3, 3, 3, 3, 2, 1, 0, 1, 2, 2, 0, 0, 3, 2, 2, 3, 0, 3, 0, 0, 0, 1, 2, 0, 0, 3, 3, 3, 2, 0, 1, 1, 3, 1, 1, 3, 0, 0, 2, 1, 1, 2, 1, 0, 1, 0, 0, 0, 0, 3, 1, 3, 1, 3, 2, 2, 2, 2]","['0', '2', '1', '4', '8', '7', '17', '6', '14', '13', '3', '16', '87', '5', '9', '27', '12', '26', '24', '10', '23', '18', '22', '25', '15', '28', '21', '20', '19', '37', '35', '46', '32', '36', '44', '30', '43', '49', '45', '53', '34', '11', '33', '41', '54', '29', '82', '55', '48', '47', '42', '52', '70', '38', '51', '58', '62', '31', '40', '60', '39', '77', '50', '57', '59', '61', '63', '64', '65', '56', '68', '67', '72', '73', '80', '79', '85', '81', '66', '69', '71', '75', '74', '76', '78', '83', '84', '86', '88', '89']"
607,1784,2.1269746646795826,31843,1262,897,893.0634873323398,"[1, 3, 2, 3, 1, 1, 0, 1, 3, 3, 0, 2, 0, 0, 0, 3, 3, 0, 1, 3, 3, 2, 3, 3, 1, 3, 2, 3, 1, 2, 3, 3, 3, 2, 1, 0, 0, 3, 0, 1, 1, 2, 2, 3, 2, 1, 3, 2, 2, 3, 1, 2, 2, 3, 0, 3, 2, 2, 3, 2, 1, 3, 3, 1, 3, 0, 0, 3, 2, 2, 0, 0, 3, 2, 1, 2, 3, 1, 0, 1, 1, 2, 3, 1, 1, 2, 3, 3, 2, 2]","['0', '1', '7', '3', '4', '6', '5', '9', '23', '18', '12', '10', '20', '15', '2', '33', '25', '32', '27', '14', '8', '17', '19', '26', '30', '13', '22', '38', '21', '28', '31', '35', '37', '40', '16', '34', '41', '46', '11', '36', '29', '50', '47', '49', '44', '42', '45', '57', '54', '53', '82', '43', '24', '48', '52', '56', '70', '39', '51', '67', '87', '58', '68', '62', '59', '60', '77', '72', '73', '79', '55', '61', '74', '80', '85', '81', '63', '64', '65', '66', '69', '71', '75', '76', '78', '83', '84', '86', '88', '89']"
608,1355,1.6494217894096166,29933,1311,876,678.3247108947048,"[0, 1, 1, 0, 3, 0, 0, 2, 1, 3, 0, 1, 1, 0, 1, 3, 1, 0, 1, 0, 0, 2, 1, 2, 0, 1, 2, 1, 0, 0, 1, 3, 3, 1, 3, 1, 0, 2, 1, 1, 0, 3, 0, 0, 0, 1, 1, 3, 0, 0, 2, 1, 1, 0, 2, 3, 2, 3, 0, 2, 2, 2, 1, 3, 1, 3, 3, 2, 2, 2, 2, 1, 1, 0, 3, 2, 3, 3, 3, 3, 2, 1, 2, 3, 0, 0, 0, 0, 2, 0]","['0', '2', '1', '4', '8', '6', '13', '7', '5', '14', '16', '12', '9', '10', '23', '18', '24', '21', '26', '35', '28', '22', '38', '17', '27', '36', '20', '46', '11', '15', '19', '32', '33', '44', '87', '29', '34', '25', '41', '45', '3', '30', '42', '37', '53', '82', '55', '31', '40', '48', '39', '54', '50', '49', '56', '68', '47', '72', '67', '70', '73', '77', '80', '85', '52', '79', '74', '57', '43', '81', '51', '58', '60', '59', '61', '62', '63', '64', '65', '66', '69', '71', '75', '76', '78', '83', '84', '86', '88', '89']"
609,1458,1.7796765334147087,31561,1416,985,729.8898382667073,"[3, 3, 1, 1, 3, 2, 1, 1, 1, 0, 0, 3, 3, 1, 0, 2, 2, 3, 0, 2, 1, 1, 0, 0, 3, 2, 2, 0, 0, 1, 2, 1, 3, 1, 3, 0, 3, 3, 1, 0, 2, 1, 3, 2, 0, 3, 3, 0, 0, 0, 2, 3, 1, 1, 2, 1, 3, 0, 1, 0, 0, 0, 1, 0, 1, 0, 3, 2, 0, 0, 1, 2, 1, 2, 2, 3, 0, 3, 1, 2, 0, 1, 1, 2, 1, 2, 3, 0, 1, 2]","['0', '2', '1', '17', '5', '10', '12', '3', '8', '11', '7', '16', '87', '4', '6', '13', '28', '15', '9', '27', '14', '23', '22', '18', '20', '21', '37', '26', '25', '35', '33', '36', '32', '45', '53', '46', '34', '24', '49', '54', '44', '19', '30', '29', '70', '43', '42', '82', '31', '40', '50', '57', '55', '39', '41', '51', '48', '60', '56', '77', '38', '58', '47', '68', '52', '59', '67', '72', '61', '63', '64', '74', '73', '79', '62', '80', '65', '85', '66', '81', '69', '71', '75', '76', '78', '83', '84', '86', '88', '89']"
610,1571,1.8641352714328092,29471,1320,957,786.4320676357164,"[2, 1, 0, 0, 3, 2, 3, 0, 2, 3, 1, 3, 2, 0, 0, 1, 0, 1, 1, 3, 2, 3, 1, 3, 3, 1, 2, 0, 1, 0, 3, 3, 3, 1, 2, 0, 0, 2, 1, 2, 2, 1, 1, 2, 2, 2, 2, 0, 0, 1, 0, 1, 1, 0, 2, 2, 3, 1, 2, 3, 2, 2, 2, 3, 0, 2, 2, 0, 3, 3, 2, 3, 3, 0, 0, 2, 0, 2, 2, 2, 1, 0, 0, 1, 0, 3, 0, 2, 2, 1]","['0', '2', '1', '4', '6', '17', '13', '5', '7', '15', '3', '8', '11', '10', '14', '9', '25', '26', '16', '22', '23', '27', '21', '18', '87', '12', '20', '36', '19', '37', '34', '35', '28', '24', '45', '53', '30', '44', '43', '33', '54', '32', '31', '40', '29', '38', '55', '82', '46', '42', '49', '50', '57', '41', '51', '60', '59', '47', '48', '52', '39', '70', '56', '77', '67', '61', '63', '58', '68', '62', '72', '74', '73', '64', '79', '65', '66', '80', '81', '85', '69', '71', '75', '76', '78', '83', '84', '86', '88', '89']"
611,1601,1.9277543648404576,31328,1514,1052,801.4638771824202,"[0, 2, 3, 3, 0, 1, 2, 3, 1, 3, 2, 0, 3, 1, 0, 3, 1, 2, 1, 1, 2, 3, 2, 0, 3, 2, 3, 2, 0, 2, 2, 3, 2, 3, 3, 1, 3, 2, 0, 3, 0, 1, 2, 1, 0, 1, 3, 2, 3, 2, 2, 1, 3, 3, 2, 2, 3, 0, 1, 1, 0, 3, 2, 1, 1, 0, 3, 3, 0, 2, 0, 0, 0, 2, 2, 0, 0, 0, 1, 3, 0, 1, 3, 3, 1, 3, 2, 2, 3, 3]","['0', '2', '1', '4', '8', '3', '5', '17', '11', '10', '12', '6', '13', '15', '19', '30', '7', '14', '16', '29', '82', '87', '28', '9', '21', '27', '35', '25', '24', '23', '46', '37', '45', '53', '26', '18', '54', '31', '44', '20', '43', '40', '55', '33', '22', '39', '50', '36', '38', '34', '77', '42', '57', '41', '32', '47', '52', '49', '48', '70', '56', '68', '51', '60', '61', '72', '58', '59', '74', '63', '64', '62', '67', '73', '79', '80', '65', '81', '85', '66', '69', '71', '75', '76', '78', '83', '84', '86', '88', '89']"
612,1822,2.0984739418370286,32853,1363,882,912.0492369709185,"[1, 0, 0, 2, 2, 0, 0, 2, 2, 1, 1, 3, 0, 1, 2, 1, 1, 3, 1, 3, 2, 3, 3, 1, 1, 1, 1, 3, 1, 2, 2, 2, 2, 2, 1, 1, 3, 2, 3, 2, 3, 2, 0, 0, 0, 2, 2, 2, 2, 1, 3, 0, 3, 3, 2, 3, 2, 3, 3, 0, 0, 2, 1, 2, 1, 0, 3, 2, 0, 2, 0, 0, 1, 0, 1, 2, 2, 2, 2, 2, 3, 3, 3, 2, 2, 1, 0, 2, 0, 0]","['0', '1', '5', '4', '10', '12', '7', '2', '17', '11', '6', '3', '8', '16', '14', '13', '9', '24', '87', '25', '28', '15', '23', '21', '34', '19', '37', '22', '29', '18', '30', '27', '82', '38', '26', '31', '40', '20', '36', '41', '35', '43', '33', '45', '51', '55', '48', '44', '50', '59', '47', '42', '54', '57', '46', '58', '52', '39', '56', '32', '68', '77', '60', '53', '67', '49', '72', '73', '62', '79', '70', '74', '80', '85', '81', '61', '63', '64', '65', '66', '69', '71', '75', '76', '78', '83', '84', '86', '88', '89']"
613,1889,2.295958675174719,31284,1492,1073,945.6479793375873,"[1, 0, 1, 1, 0, 0, 3, 2, 0, 3, 0, 1, 3, 3, 3, 2, 2, 3, 0, 2, 1, 0, 2, 2, 2, 0, 3, 1, 2, 2, 1, 3, 2, 1, 1, 2, 0, 1, 1, 1, 1, 2, 2, 1, 3, 1, 2, 1, 1, 2, 1, 2, 1, 1, 3, 0, 0, 1, 3, 0, 2, 3, 3, 2, 1, 3, 2, 2, 1, 2, 1, 1, 0, 0, 2, 1, 2, 3, 3, 2, 3, 3, 1, 1, 3, 2, 1, 1, 1, 1]","['0', '1', '7', '5', '4', '3', '8', '2', '17', '10', '6', '13', '16', '11', '14', '12', '28', '87', '9', '25', '21', '15', '22', '35', '24', '45', '36', '19', '55', '46', '27', '34', '37', '18', '23', '30', '38', '29', '53', '43', '44', '26', '82', '20', '41', '47', '33', '32', '54', '52', '42', '31', '49', '51', '60', '70', '48', '58', '40', '62', '59', '39', '50', '56', '67', '68', '57', '77', '72', '74', '61', '73', '63', '64', '65', '66', '69', '71', '80', '79', '75', '85', '81', '76', '78', '83', '84', '86', '88', '89']"
614,1437,1.7297622630153475,32092,1530,1115,719.3648811315077,"[3, 1, 2, 0, 1, 0, 2, 1, 1, 0, 3, 2, 2, 1, 0, 1, 0, 1, 3, 2, 0, 0, 1, 3, 2, 1, 3, 0, 3, 2, 0, 2, 0, 3, 1, 1, 1, 1, 3, 2, 0, 2, 1, 2, 0, 1, 1, 3, 2, 3, 0, 1, 0, 0, 3, 0, 1, 3, 0, 0, 0, 2, 1, 1, 2, 1, 0, 2, 2, 2, 3, 2, 3, 3, 2, 3, 1, 1, 1, 1, 0, 1, 0, 2, 3, 0, 2, 2, 0, 3]","['0', '2', '1', '4', '5', '3', '10', '7', '17', '6', '9', '24', '12', '13', '22', '21', '8', '34', '26', '11', '36', '16', '14', '15', '27', '18', '20', '33', '35', '25', '32', '19', '46', '29', '23', '43', '44', '82', '28', '87', '45', '41', '54', '53', '51', '30', '58', '59', '62', '60', '38', '55', '42', '48', '37', '31', '40', '47', '50', '49', '52', '56', '67', '39', '70', '57', '77', '68', '61', '72', '63', '73', '80', '64', '74', '79', '81', '85', '65', '66', '69', '71', '75', '76', '78', '83', '84', '86', '88', '89']"
615,1472,1.7597130902570233,29684,1453,1037,736.8798565451285,"[0, 2, 0, 1, 1, 1, 2, 0, 1, 3, 0, 1, 0, 1, 2, 0, 0, 1, 2, 0, 0, 0, 2, 0, 1, 1, 2, 0, 2, 0, 0, 1, 1, 0, 1, 2, 0, 3, 0, 1, 3, 0, 0, 0, 1, 1, 1, 1, 3, 2, 1, 0, 3, 3, 3, 2, 0, 0, 1, 3, 1, 0, 1, 2, 0, 1, 3, 2, 2, 0, 1, 2, 2, 2, 0, 3, 0, 2, 0, 3, 0, 3, 2, 2, 1, 1, 3, 3, 1, 1]","['0', '2', '1', '8', '5', '11', '3', '10', '4', '6', '17', '14', '9', '21', '7', '25', '15', '26', '12', '34', '36', '35', '19', '22', '29', '16', '18', '13', '46', '30', '28', '20', '45', '27', '32', '55', '24', '41', '31', '48', '23', '82', '38', '43', '51', '39', '44', '77', '58', '37', '40', '49', '70', '53', '50', '33', '60', '54', '56', '68', '62', '42', '57', '72', '87', '67', '47', '59', '74', '73', '79', '52', '80', '81', '85', '61', '63', '64', '65', '66', '69', '71', '75', '76', '78', '83', '84', '86', '88', '89']"
616,1576,1.8689593833382745,33089,1480,1089,788.9344796916691,"[0, 2, 2, 3, 1, 0, 3, 2, 3, 3, 1, 3, 0, 2, 3, 0, 1, 0, 3, 0, 2, 0, 0, 1, 1, 0, 2, 1, 0, 0, 2, 2, 0, 2, 2, 1, 1, 1, 1, 2, 1, 0, 2, 1, 2, 2, 0, 1, 2, 3, 2, 2, 1, 3, 3, 3, 2, 3, 0, 2, 3, 2, 2, 0, 1, 3, 0, 0, 0, 2, 0, 2, 0, 1, 3, 1, 0, 0, 0, 0, 0, 3, 2, 0, 1, 1, 1, 2, 0, 3]","['0', '2', '1', '17', '4', '6', '14', '5', '12', '7', '13', '3', '8', '9', '15', '23', '11', '22', '26', '21', '34', '18', '27', '20', '38', '32', '16', '41', '35', '10', '25', '36', '28', '19', '33', '45', '55', '43', '37', '46', '44', '47', '54', '24', '87', '49', '53', '51', '60', '30', '42', '31', '29', '39', '58', '82', '48', '59', '77', '40', '62', '50', '70', '56', '68', '72', '57', '52', '74', '73', '80', '81', '85', '61', '79', '67', '63', '64', '65', '66', '69', '71', '75', '76', '78', '83', '84', '86', '88', '89']"
617,1524,1.7961107837360046,33348,1495,1077,762.898055391868,"[1, 3, 3, 1, 1, 3, 3, 0, 0, 2, 3, 3, 2, 1, 3, 0, 1, 2, 0, 1, 0, 1, 3, 2, 1, 2, 3, 1, 1, 3, 0, 1, 0, 2, 0, 2, 0, 2, 1, 2, 0, 1, 2, 3, 0, 1, 1, 0, 3, 2, 0, 1, 0, 0, 0, 3, 2, 3, 3, 0, 1, 2, 0, 0, 0, 1, 0, 2, 2, 2, 1, 3, 0, 2, 1, 2, 3, 1, 1, 3, 1, 3, 0, 2, 0, 3, 3, 2, 1, 3]","['0', '1', '8', '4', '3', '5', '2', '12', '10', '6', '14', '17', '15', '7', '19', '30', '11', '16', '9', '26', '22', '25', '13', '21', '29', '35', '43', '46', '37', '45', '27', '31', '24', '18', '82', '23', '38', '39', '36', '40', '55', '54', '20', '33', '42', '34', '53', '44', '77', '41', '87', '51', '47', '50', '59', '52', '57', '48', '56', '32', '58', '49', '67', '68', '28', '70', '60', '72', '74', '73', '80', '62', '85', '61', '79', '81', '63', '64', '65', '66', '69', '71', '75', '76', '78', '83', '84', '86', '88', '89']"
618,1786,2.106753170156296,34899,1467,1047,894.0533765850781,"[3, 1, 0, 1, 0, 2, 0, 0, 3, 0, 2, 3, 2, 1, 2, 2, 2, 0, 1, 2, 3, 3, 0, 0, 3, 3, 2, 2, 0, 0, 0, 1, 1, 3, 2, 2, 0, 1, 0, 3, 2, 2, 3, 3, 0, 0, 3, 0, 1, 2, 0, 2, 2, 2, 0, 2, 0, 0, 3, 2, 0, 0, 2, 1, 0, 0, 1, 1, 3, 0, 2, 1, 2, 2, 2, 3, 2, 0, 2, 0, 3, 3, 0, 2, 0, 2, 0, 0, 2, 0]","['0', '1', '3', '8', '5', '2', '11', '7', '16', '87', '10', '4', '17', '12', '6', '9', '24', '21', '22', '15', '19', '35', '37', '26', '27', '14', '30', '44', '31', '23', '25', '13', '36', '29', '45', '38', '54', '28', '46', '43', '39', '82', '53', '40', '50', '57', '34', '77', '18', '20', '33', '32', '55', '42', '49', '41', '51', '48', '70', '47', '58', '52', '56', '67', '68', '59', '60', '61', '62', '72', '63', '64', '65', '74', '73', '79', '80', '66', '69', '85', '81', '71', '75', '76', '78', '83', '84', '86', '88', '89']"
619,1248,1.465218667449369,32860,1319,926,624.7326093337247,"[0, 2, 2, 0, 2, 2, 3, 3, 3, 0, 2, 3, 2, 2, 1, 2, 1, 0, 2, 3, 3, 0, 0, 3, 0, 2, 1, 3, 3, 2, 1, 1, 3, 0, 0, 0, 3, 2, 0, 2, 1, 0, 1, 0, 1, 3, 0, 2, 2, 2, 2, 0, 1, 3, 1, 0, 1, 1, 3, 0, 1, 0, 0, 1, 1, 3, 3, 2, 3, 0, 0, 2, 3, 1, 3, 1, 2, 3, 3, 2, 1, 3, 3, 2, 2, 1, 1, 2, 0, 2]","['0', '1', '5', '2', '3', '11', '4', '12', '8', '17', '6', '13', '7', '15', '19', '9', '16', '25', '18', '87', '20', '33', '30', '26', '27', '23', '22', '24', '21', '31', '35', '46', '34', '32', '43', '14', '38', '36', '42', '29', '41', '44', '39', '77', '45', '51', '10', '55', '54', '59', '82', '37', '53', '49', '58', '40', '62', '48', '60', '50', '28', '57', '47', '56', '68', '61', '67', '70', '52', '63', '72', '64', '65', '74', '73', '66', '80', '81', '69', '79', '71', '75', '76', '85', '78', '83', '84', '86', '88', '89']"
620,1542,1.8611949305974653,30864,1369,927,771.9305974652988,"[1, 3, 3, 2, 1, 3, 3, 1, 1, 1, 2, 2, 0, 2, 3, 0, 2, 3, 0, 0, 1, 0, 2, 2, 2, 2, 2, 3, 2, 1, 2, 3, 1, 3, 2, 1, 3, 3, 1, 0, 3, 3, 3, 2, 1, 0, 2, 3, 3, 1, 1, 0, 1, 1, 0, 0, 3, 3, 2, 3, 2, 3, 3, 2, 3, 0, 1, 2, 0, 0, 2, 1, 1, 0, 0, 2, 2, 1, 1, 1, 2, 1, 3, 2, 2, 0, 2, 0, 0, 3]","['0', '1', '7', '2', '8', '5', '10', '17', '12', '16', '87', '3', '4', '11', '6', '9', '14', '13', '27', '21', '15', '24', '35', '19', '44', '43', '36', '45', '54', '53', '55', '34', '30', '29', '28', '46', '82', '18', '25', '23', '37', '22', '38', '20', '26', '33', '32', '31', '41', '51', '49', '39', '40', '60', '47', '42', '48', '59', '58', '62', '70', '50', '56', '67', '77', '68', '72', '52', '73', '74', '57', '61', '80', '81', '63', '64', '65', '66', '85', '79', '69', '71', '75', '76', '78', '83', '84', '86', '88', '89']"
621,1474,1.7214598540145984,34213,1455,1027,737.8607299270074,"[1, 2, 3, 3, 2, 0, 2, 0, 0, 2, 2, 3, 1, 0, 0, 0, 1, 2, 2, 1, 3, 2, 2, 2, 1, 2, 2, 2, 3, 3, 0, 0, 3, 1, 3, 0, 3, 2, 2, 3, 0, 2, 3, 2, 0, 2, 3, 3, 1, 1, 0, 1, 0, 0, 0, 3, 1, 0, 3, 2, 1, 2, 1, 3, 0, 2, 2, 1, 0, 3, 1, 2, 0, 0, 3, 1, 0, 1, 0, 1, 1, 0, 1, 2, 2, 1, 0, 3, 2, 2]","['0', '2', '17', '1', '3', '5', '4', '11', '10', '12', '6', '15', '9', '19', '23', '26', '25', '8', '18', '30', '20', '21', '24', '37', '35', '13', '33', '7', '14', '32', '49', '22', '38', '34', '36', '46', '29', '45', '44', '70', '55', '53', '41', '42', '47', '43', '28', '54', '27', '82', '52', '16', '31', '48', '51', '59', '60', '58', '40', '87', '39', '50', '57', '62', '56', '61', '63', '64', '67', '68', '72', '73', '74', '65', '77', '79', '80', '81', '66', '85', '69', '71', '75', '76', '78', '83', '84', '86', '88', '89']"
622,1546,1.8492822966507176,31893,1486,966,773.9246411483253,"[1, 0, 1, 0, 0, 1, 0, 2, 3, 3, 3, 2, 1, 0, 1, 2, 0, 2, 0, 1, 1, 2, 0, 0, 3, 0, 0, 3, 2, 0, 1, 0, 2, 2, 2, 2, 1, 0, 3, 0, 0, 1, 0, 3, 3, 0, 0, 3, 0, 3, 1, 1, 3, 0, 2, 0, 2, 0, 3, 0, 2, 0, 3, 3, 1, 1, 1, 1, 0, 3, 3, 2, 2, 0, 0, 0, 1, 1, 2, 3, 3, 1, 1, 1, 0, 3, 2, 3, 2, 1]","['0', '1', '7', '3', '5', '11', '4', '6', '13', '10', '2', '9', '17', '21', '12', '18', '25', '22', '34', '26', '27', '8', '28', '36', '35', '37', '15', '14', '43', '23', '16', '46', '45', '44', '55', '24', '87', '53', '38', '20', '19', '30', '29', '41', '51', '58', '33', '32', '47', '31', '54', '59', '49', '60', '40', '82', '42', '70', '62', '50', '39', '48', '57', '61', '77', '63', '52', '64', '65', '66', '56', '67', '68', '72', '73', '69', '80', '71', '81', '74', '75', '76', '78', '85', '79', '83', '84', '86', '88', '89']"
623,1360,1.6137644615840996,34769,1519,1041,680.8068822307921,"[0, 1, 3, 3, 0, 2, 2, 0, 2, 3, 3, 1, 3, 1, 1, 1, 1, 3, 3, 2, 1, 2, 0, 0, 0, 1, 3, 1, 1, 1, 3, 2, 2, 3, 2, 0, 2, 0, 2, 0, 2, 0, 2, 1, 0, 1, 1, 2, 2, 3, 0, 0, 1, 2, 0, 3, 3, 3, 2, 0, 2, 1, 2, 0, 0, 2, 0, 3, 1, 2, 1, 1, 1, 2, 0, 0, 1, 3, 1, 1, 2, 0, 3, 1, 2, 1, 1, 0, 2, 1]","['0', '1', '8', '3', '5', '4', '7', '11', '6', '13', '10', '15', '28', '9', '23', '26', '24', '12', '22', '18', '20', '21', '37', '25', '2', '33', '34', '16', '17', '41', '48', '32', '36', '49', '70', '87', '35', '19', '43', '14', '30', '46', '47', '51', '44', '29', '27', '31', '60', '82', '40', '59', '38', '52', '42', '58', '39', '50', '56', '68', '57', '67', '45', '77', '55', '53', '62', '72', '73', '80', '61', '85', '74', '81', '54', '79', '63', '64', '65', '66', '69', '71', '75', '76', '78', '83', '84', '86', '88', '89']"
624,1320,1.5808383233532934,31326,1367,959,660.7904191616766,"[2, 3, 2, 0, 3, 0, 3, 3, 0, 0, 3, 3, 2, 0, 2, 2, 0, 1, 3, 2, 2, 1, 2, 3, 1, 3, 3, 2, 1, 3, 0, 0, 0, 3, 3, 2, 2, 3, 2, 2, 1, 3, 3, 3, 1, 0, 2, 2, 3, 3, 3, 2, 1, 1, 2, 0, 1, 0, 0, 1, 2, 1, 3, 2, 1, 1, 2, 0, 0, 1, 1, 1, 1, 3, 2, 3, 0, 2, 0, 1, 3, 1, 0, 1, 2, 3, 3, 3, 3, 0]","['0', '2', '17', '1', '7', '4', '8', '3', '5', '16', '6', '13', '11', '15', '12', '10', '28', '14', '87', '9', '26', '23', '25', '19', '24', '18', '20', '21', '35', '43', '27', '44', '37', '22', '33', '46', '38', '36', '42', '29', '30', '34', '32', '41', '31', '45', '54', '55', '51', '48', '39', '40', '77', '82', '59', '50', '53', '49', '47', '60', '56', '57', '58', '61', '70', '62', '52', '63', '68', '67', '72', '74', '73', '64', '65', '79', '80', '66', '85', '69', '71', '81', '75', '76', '78', '83', '84', '86', '88', '89']"
625,1517,1.8233173076923077,32161,1546,1098,759.4116586538462,"[3, 0, 1, 1, 3, 0, 1, 0, 3, 2, 1, 2, 1, 1, 0, 1, 1, 0, 3, 0, 2, 1, 2, 3, 0, 3, 2, 1, 3, 0, 3, 2, 1, 0, 2, 1, 1, 0, 0, 2, 0, 3, 0, 2, 1, 1, 1, 1, 2, 2, 1, 3, 3, 1, 3, 0, 1, 2, 0, 2, 3, 0, 2, 1, 2, 1, 2, 0, 0, 3, 3, 0, 3, 0, 0, 1, 1, 1, 3, 3, 1, 1, 2, 2, 3, 3, 3, 3, 2, 2]","['0', '2', '1', '8', '7', '3', '4', '6', '13', '17', '15', '5', '11', '10', '12', '14', '19', '28', '30', '29', '9', '18', '26', '25', '27', '22', '16', '24', '20', '32', '87', '33', '23', '38', '31', '21', '40', '35', '43', '34', '37', '45', '41', '50', '57', '55', '44', '54', '53', '82', '36', '39', '49', '77', '42', '51', '60', '70', '59', '58', '47', '61', '62', '46', '48', '56', '67', '68', '72', '73', '80', '85', '74', '79', '81', '52', '63', '64', '65', '66', '69', '71', '75', '76', '78', '83', '84', '86', '88', '89']"
626,1398,1.6894259818731119,31206,1397,938,699.8447129909365,"[2, 0, 0, 3, 1, 1, 1, 2, 1, 3, 1, 0, 1, 3, 1, 0, 0, 1, 0, 3, 3, 0, 2, 1, 2, 1, 3, 3, 1, 3, 3, 1, 2, 2, 0, 2, 0, 1, 3, 0, 0, 1, 0, 2, 0, 0, 3, 2, 2, 0, 1, 0, 2, 3, 3, 2, 1, 2, 1, 1, 2, 2, 2, 2, 2, 1, 0, 2, 3, 1, 1, 2, 1, 1, 1, 3, 2, 0, 0, 3, 2, 1, 1, 0, 3, 2, 1, 1, 0, 2]","['0', '2', '1', '17', '3', '4', '6', '14', '5', '11', '8', '7', '9', '24', '15', '21', '37', '23', '34', '25', '36', '13', '22', '12', '16', '38', '35', '87', '46', '44', '43', '45', '27', '10', '54', '28', '19', '29', '55', '30', '53', '82', '18', '26', '31', '39', '77', '20', '33', '42', '41', '48', '47', '51', '59', '32', '49', '60', '40', '58', '70', '62', '52', '50', '57', '61', '56', '68', '72', '74', '67', '63', '64', '65', '73', '66', '79', '69', '80', '81', '85', '71', '75', '76', '78', '83', '84', '86', '88', '89']"
627,1345,1.5823529411764705,32029,1321,858,673.2911764705882,"[1, 3, 3, 3, 3, 2, 3, 3, 3, 1, 3, 2, 2, 2, 2, 1, 2, 0, 1, 3, 0, 2, 3, 0, 3, 2, 1, 2, 3, 2, 3, 1, 3, 3, 3, 0, 1, 1, 2, 1, 2, 3, 3, 1, 2, 2, 3, 3, 0, 3, 0, 2, 1, 1, 1, 2, 0, 2, 0, 2, 2, 3, 1, 3, 3, 3, 2, 0, 1, 1, 2, 0, 0, 2, 1, 3, 1, 1, 0, 2, 0, 3, 0, 1, 2, 0, 2, 3, 1, 1]","['0', '1', '4', '2', '3', '8', '17', '5', '7', '10', '12', '16', '87', '11', '6', '14', '9', '18', '22', '15', '23', '26', '27', '19', '30', '21', '38', '25', '24', '13', '37', '29', '36', '35', '45', '46', '31', '39', '34', '40', '43', '54', '44', '53', '20', '77', '55', '32', '50', '82', '41', '51', '49', '33', '70', '47', '57', '28', '42', '52', '59', '48', '58', '56', '62', '67', '68', '60', '61', '72', '74', '73', '80', '79', '63', '81', '85', '64', '65', '66', '69', '71', '75', '76', '78', '83', '84', '86', '88', '89']"
628,1274,1.5560305343511451,31252,1350,965,637.7780152671755,"[3, 2, 3, 0, 1, 1, 1, 1, 0, 3, 0, 0, 2, 2, 0, 2, 3, 0, 3, 1, 0, 3, 1, 1, 2, 0, 0, 0, 1, 3, 0, 3, 3, 3, 1, 0, 2, 0, 2, 0, 1, 1, 0, 2, 0, 3, 0, 2, 0, 0, 1, 3, 1, 0, 2, 0, 2, 3, 1, 0, 2, 2, 3, 1, 2, 2, 0, 3, 2, 3, 2, 1, 2, 3, 2, 1, 0, 0, 3, 3, 2, 1, 1, 3, 3, 2, 0, 1, 1, 0]","['0', '1', '3', '2', '4', '6', '7', '8', '17', '16', '13', '5', '14', '11', '9', '12', '22', '23', '27', '26', '10', '25', '87', '24', '28', '38', '21', '34', '36', '37', '15', '19', '30', '35', '29', '43', '18', '82', '46', '31', '40', '45', '50', '44', '54', '53', '39', '77', '20', '41', '51', '47', '55', '59', '60', '57', '61', '48', '63', '58', '32', '62', '33', '64', '56', '68', '52', '49', '42', '65', '67', '72', '73', '79', '74', '66', '69', '71', '70', '75', '80', '85', '81', '76', '78', '83', '84', '86', '88', '89']"
629,1547,1.8318531675547662,31132,1401,973,774.4159265837774,"[2, 2, 1, 2, 2, 1, 1, 0, 2, 2, 3, 2, 1, 1, 1, 2, 1, 1, 2, 2, 3, 0, 3, 1, 2, 0, 3, 3, 2, 2, 0, 1, 3, 2, 0, 2, 1, 3, 2, 2, 3, 0, 3, 2, 3, 3, 1, 1, 3, 1, 0, 1, 0, 0, 0, 3, 3, 1, 0, 2, 1, 1, 2, 2, 1, 3, 2, 0, 3, 2, 0, 2, 1, 3, 3, 2, 0, 3, 2, 1, 2, 3, 2, 1, 1, 2, 1, 2, 2, 1]","['0', '1', '8', '2', '7', '16', '5', '11', '17', '10', '4', '12', '87', '6', '14', '9', '21', '36', '27', '35', '22', '23', '24', '26', '44', '18', '37', '13', '34', '15', '46', '3', '25', '19', '29', '82', '43', '28', '20', '33', '42', '30', '45', '55', '38', '41', '51', '54', '58', '59', '53', '60', '31', '48', '62', '39', '40', '50', '32', '56', '49', '68', '57', '72', '61', '63', '47', '67', '73', '64', '79', '65', '66', '80', '74', '70', '52', '85', '69', '77', '71', '75', '81', '76', '78', '83', '84', '86', '88', '89']"
630,1362,1.6479128856624319,31470,1381,982,681.8239564428312,"[2, 2, 0, 2, 1, 1, 2, 3, 3, 2, 0, 0, 2, 2, 0, 2, 0, 1, 3, 2, 1, 1, 1, 1, 0, 0, 0, 1, 1, 1, 0, 3, 0, 1, 3, 2, 1, 0, 3, 0, 3, 0, 0, 2, 1, 3, 1, 0, 1, 3, 1, 0, 0, 0, 0, 1, 3, 3, 3, 0, 1, 3, 0, 3, 2, 2, 1, 3, 0, 2, 2, 1, 0, 3, 3, 1, 2, 1, 2, 1, 0, 1, 2, 3, 1, 3, 3, 2, 3, 1]","['0', '2', '1', '8', '7', '17', '5', '10', '3', '12', '4', '16', '6', '9', '87', '22', '14', '23', '21', '13', '18', '38', '28', '36', '15', '19', '20', '35', '45', '54', '43', '27', '25', '44', '46', '33', '42', '32', '34', '30', '11', '53', '24', '29', '55', '41', '37', '49', '47', '48', '52', '26', '51', '58', '62', '59', '70', '31', '40', '82', '50', '60', '56', '67', '68', '72', '74', '57', '61', '39', '63', '73', '64', '65', '66', '69', '79', '77', '71', '75', '76', '80', '85', '81', '78', '83', '84', '86', '88', '89']"
631,1810,2.1151037101957346,32958,1245,916,906.0575518550978,"[2, 1, 1, 0, 0, 0, 1, 0, 2, 1, 2, 2, 0, 1, 1, 2, 2, 3, 3, 2, 0, 0, 0, 0, 3, 3, 0, 1, 0, 1, 1, 0, 1, 3, 2, 3, 1, 0, 0, 2, 1, 2, 3, 3, 1, 2, 0, 0, 3, 1, 2, 1, 2, 1, 1, 0, 0, 1, 0, 3, 3, 0, 3, 2, 0, 0, 3, 1, 0, 0, 2, 2, 1, 0, 0, 2, 0, 1, 3, 1, 0, 0, 0, 0, 2, 0, 0, 3, 3, 0]","['0', '1', '8', '4', '3', '7', '5', '12', '11', '10', '2', '16', '87', '6', '14', '9', '22', '26', '21', '17', '15', '35', '37', '45', '23', '34', '25', '46', '18', '44', '27', '36', '19', '38', '43', '13', '28', '53', '24', '55', '30', '29', '54', '31', '40', '50', '57', '39', '82', '77', '20', '33', '32', '49', '42', '41', '48', '70', '51', '58', '59', '62', '47', '56', '68', '67', '52', '72', '73', '79', '74', '80', '85', '60', '81', '61', '63', '64', '65', '66', '69', '71', '75', '76', '78', '83', '84', '86', '88', '89']"
632,1644,1.9363957597173145,28714,1350,863,822.9681978798586,"[3, 3, 2, 3, 3, 1, 2, 2, 1, 1, 3, 3, 1, 3, 2, 1, 2, 2, 2, 3, 2, 0, 2, 3, 2, 2, 1, 2, 3, 1, 2, 2, 3, 0, 3, 1, 0, 2, 2, 1, 3, 2, 3, 0, 3, 3, 0, 1, 3, 2, 3, 2, 1, 3, 1, 3, 0, 2, 1, 2, 2, 3, 3, 0, 0, 0, 2, 0, 0, 1, 2, 3, 2, 1, 3, 2, 1, 1, 2, 2, 1, 0, 2, 1, 2, 1, 1, 1, 0, 3]","['0', '1', '7', '5', '3', '11', '10', '2', '8', '16', '12', '4', '6', '17', '87', '15', '9', '25', '21', '22', '34', '36', '35', '43', '37', '45', '27', '13', '28', '46', '18', '14', '53', '54', '20', '24', '19', '41', '44', '30', '55', '51', '29', '23', '59', '33', '42', '32', '47', '58', '26', '62', '49', '60', '48', '38', '82', '70', '31', '52', '39', '77', '40', '50', '57', '61', '56', '68', '63', '67', '64', '65', '72', '66', '73', '69', '74', '71', '79', '80', '85', '75', '76', '78', '81', '83', '84', '86', '88', '89']"
633,1446,1.6668587896253602,33675,1436,939,723.8334293948127,"[3, 2, 0, 1, 0, 2, 1, 2, 0, 2, 0, 0, 1, 3, 2, 2, 2, 1, 0, 3, 1, 3, 3, 3, 1, 3, 0, 2, 1, 0, 1, 2, 2, 0, 0, 3, 3, 3, 2, 2, 0, 0, 3, 0, 2, 0, 1, 2, 2, 3, 3, 3, 1, 0, 2, 2, 2, 3, 0, 0, 1, 3, 1, 1, 2, 1, 2, 0, 0, 0, 1, 1, 2, 2, 0, 0, 0, 0, 3, 2, 2, 2, 3, 1, 3, 3, 3, 2, 0, 3]","['0', '2', '17', '1', '3', '5', '7', '4', '12', '8', '16', '6', '10', '15', '14', '9', '22', '26', '87', '11', '25', '21', '35', '44', '34', '37', '19', '43', '27', '18', '13', '30', '28', '31', '23', '20', '41', '45', '38', '53', '36', '32', '46', '24', '33', '29', '47', '82', '48', '39', '51', '58', '59', '77', '55', '62', '49', '42', '70', '54', '52', '60', '40', '50', '57', '56', '68', '67', '61', '63', '64', '65', '72', '73', '74', '66', '79', '69', '71', '80', '81', '75', '85', '76', '78', '83', '84', '86', '88', '89']"
634,1400,1.6816816816816818,31708,1382,912,700.8408408408409,"[2, 1, 0, 3, 1, 0, 0, 2, 1, 0, 0, 2, 0, 1, 0, 0, 2, 1, 0, 2, 2, 2, 2, 3, 1, 2, 3, 0, 3, 3, 1, 3, 0, 2, 1, 0, 2, 1, 1, 1, 2, 1, 3, 0, 2, 1, 2, 3, 0, 2, 0, 0, 1, 0, 2, 2, 1, 2, 0, 0, 0, 2, 3, 2, 2, 3, 1, 1, 1, 1, 0, 3, 0, 0, 1, 2, 0, 0, 1, 3, 2, 2, 0, 0, 3, 2, 3, 1, 1, 1]","['0', '1', '4', '6', '7', '3', '13', '2', '14', '17', '8', '15', '5', '16', '87', '12', '19', '30', '9', '21', '34', '11', '37', '24', '22', '29', '35', '36', '27', '23', '38', '10', '26', '45', '28', '18', '25', '31', '44', '40', '20', '55', '82', '32', '53', '50', '39', '41', '77', '46', '54', '47', '57', '49', '33', '48', '42', '52', '43', '56', '70', '68', '51', '72', '59', '67', '58', '73', '60', '79', '62', '80', '85', '74', '81', '61', '63', '64', '65', '66', '69', '71', '75', '76', '78', '83', '84', '86', '88', '89']"
635,1653,1.9579508439443294,31690,1476,1002,827.4789754219721,"[3, 3, 1, 3, 2, 2, 2, 0, 1, 1, 3, 2, 3, 3, 3, 1, 0, 0, 1, 1, 1, 2, 1, 1, 1, 1, 2, 1, 1, 1, 1, 2, 1, 2, 1, 3, 3, 2, 1, 2, 2, 1, 3, 1, 0, 3, 2, 3, 2, 0, 1, 2, 2, 2, 1, 3, 3, 1, 0, 3, 0, 2, 3, 2, 0, 1, 1, 2, 0, 0, 3, 1, 0, 1, 3, 3, 3, 3, 2, 0, 2, 1, 1, 2, 0, 3, 1, 3, 1, 0]","['0', '2', '1', '3', '7', '17', '8', '5', '16', '4', '87', '12', '11', '6', '15', '10', '9', '27', '19', '26', '21', '22', '36', '30', '35', '25', '14', '23', '37', '45', '31', '53', '18', '54', '43', '20', '40', '46', '55', '44', '32', '33', '49', '13', '50', '57', '28', '34', '29', '42', '70', '24', '82', '38', '41', '51', '47', '39', '77', '48', '56', '60', '59', '52', '68', '67', '61', '72', '73', '58', '74', '79', '63', '80', '64', '81', '62', '65', '85', '66', '69', '71', '75', '76', '78', '83', '84', '86', '88', '89']"
636,1358,1.6351595424443106,32116,1422,963,679.8175797712222,"[3, 0, 0, 1, 0, 0, 2, 1, 3, 1, 0, 2, 1, 3, 3, 1, 2, 0, 0, 2, 0, 3, 0, 1, 2, 3, 1, 0, 0, 3, 1, 2, 2, 2, 2, 2, 0, 3, 3, 1, 3, 0, 1, 0, 3, 1, 1, 2, 2, 0, 0, 1, 0, 1, 2, 1, 2, 2, 3, 1, 1, 2, 1, 0, 0, 2, 0, 0, 2, 0, 0, 1, 1, 3, 1, 2, 2, 1, 1, 3, 2, 2, 3, 1, 3, 1, 2, 2, 0, 0]","['0', '2', '17', '1', '8', '5', '7', '4', '16', '10', '11', '12', '6', '3', '14', '87', '13', '9', '21', '35', '37', '25', '44', '28', '18', '43', '15', '46', '24', '34', '22', '20', '27', '41', '45', '55', '47', '53', '48', '52', '36', '54', '33', '19', '26', '30', '23', '51', '38', '58', '60', '32', '62', '31', '49', '59', '29', '40', '82', '50', '39', '77', '57', '42', '61', '70', '56', '67', '68', '63', '72', '64', '74', '73', '80', '81', '85', '65', '66', '79', '69', '71', '75', '76', '78', '83', '84', '86', '88', '89']"
637,1350,1.630927212322561,29067,1454,1032,675.8154636061613,"[0, 0, 0, 3, 0, 1, 3, 3, 2, 3, 1, 0, 0, 3, 2, 3, 1, 3, 3, 2, 0, 1, 1, 1, 2, 0, 1, 1, 3, 1, 3, 1, 0, 1, 3, 0, 0, 0, 1, 2, 3, 1, 3, 1, 1, 0, 1, 2, 3, 3, 0, 2, 1, 2, 3, 3, 0, 0, 2, 2, 0, 3, 2, 1, 0, 3, 3, 1, 0, 1, 0, 2, 0, 0, 2, 2, 3, 2, 0, 1, 3, 1, 1, 0, 1, 1, 1, 3, 0, 0]","['0', '1', '5', '11', '12', '8', '4', '2', '3', '7', '10', '17', '6', '9', '24', '22', '23', '26', '25', '38', '27', '14', '13', '15', '18', '21', '34', '28', '36', '35', '37', '20', '44', '41', '33', '43', '46', '16', '42', '48', '45', '87', '32', '19', '51', '49', '29', '47', '55', '30', '59', '58', '31', '52', '70', '82', '54', '60', '39', '53', '40', '62', '77', '50', '56', '67', '68', '72', '73', '74', '80', '57', '85', '79', '81', '61', '63', '64', '65', '66', '69', '71', '75', '76', '78', '83', '84', '86', '88', '89']"
638,1437,1.7271634615384615,31900,1390,939,719.3635817307693,"[2, 2, 3, 3, 0, 1, 3, 2, 3, 1, 2, 2, 2, 0, 0, 0, 0, 3, 1, 1, 1, 0, 3, 1, 0, 0, 2, 3, 2, 0, 3, 3, 2, 1, 2, 0, 1, 3, 0, 1, 0, 2, 3, 0, 2, 2, 3, 3, 1, 0, 1, 1, 2, 2, 2, 2, 2, 2, 1, 1, 2, 3, 1, 0, 2, 2, 1, 1, 3, 1, 1, 1, 0, 1, 0, 3, 1, 3, 2, 3, 1, 1, 1, 3, 0, 1, 2, 2, 3, 2]","['0', '1', '2', '17', '3', '4', '5', '8', '10', '7', '16', '6', '13', '11', '28', '87', '9', '25', '26', '22', '15', '23', '27', '38', '12', '19', '24', '18', '20', '21', '33', '36', '42', '35', '14', '43', '44', '29', '32', '30', '82', '37', '46', '34', '41', '48', '47', '49', '52', '45', '51', '55', '31', '60', '58', '54', '53', '59', '39', '77', '62', '40', '70', '50', '56', '68', '57', '61', '63', '72', '67', '64', '65', '66', '69', '74', '73', '79', '80', '71', '75', '76', '81', '78', '85', '83', '84', '86', '88', '89']"
639,1572,1.8894230769230769,32112,1453,986,786.9447115384615,"[1, 3, 2, 0, 2, 2, 1, 3, 2, 1, 3, 3, 2, 0, 2, 1, 2, 3, 2, 3, 3, 1, 3, 1, 3, 1, 3, 0, 0, 2, 3, 0, 0, 1, 0, 3, 1, 0, 1, 1, 0, 3, 0, 2, 0, 1, 0, 3, 0, 2, 2, 3, 1, 3, 0, 2, 2, 3, 3, 2, 1, 3, 0, 2, 0, 3, 0, 0, 2, 1, 3, 3, 3, 2, 2, 0, 0, 2, 0, 3, 1, 0, 2, 1, 1, 0, 0, 3, 1, 1]","['0', '2', '1', '7', '4', '5', '11', '6', '12', '17', '3', '13', '9', '18', '22', '27', '8', '20', '14', '16', '10', '24', '25', '26', '33', '28', '23', '87', '21', '35', '36', '42', '38', '34', '15', '43', '44', '41', '45', '55', '47', '19', '30', '54', '37', '31', '48', '53', '32', '39', '46', '49', '40', '51', '59', '29', '70', '77', '58', '50', '60', '52', '62', '82', '57', '56', '67', '68', '72', '61', '74', '63', '73', '80', '79', '64', '65', '81', '66', '69', '71', '75', '85', '76', '78', '83', '84', '86', '88', '89']"
640,1493,1.8381040320098492,31835,1458,1000,747.4190520160049,"[0, 1, 3, 3, 1, 0, 0, 1, 3, 0, 1, 3, 2, 0, 0, 1, 3, 0, 2, 0, 3, 1, 2, 2, 0, 0, 1, 0, 2, 0, 2, 0, 0, 1, 3, 0, 3, 3, 3, 0, 0, 0, 0, 3, 1, 2, 1, 1, 0, 0, 3, 1, 1, 3, 0, 3, 0, 3, 2, 2, 3, 1, 3, 1, 2, 1, 0, 3, 1, 1, 2, 0, 0, 3, 3, 1, 1, 1, 3, 0, 0, 1, 3, 1, 1, 3, 2, 1, 1, 1]","['0', '1', '5', '11', '10', '7', '2', '17', '4', '3', '8', '6', '16', '9', '13', '27', '18', '87', '22', '28', '14', '24', '25', '12', '26', '21', '34', '15', '35', '43', '36', '46', '44', '23', '45', '54', '38', '53', '20', '37', '41', '55', '19', '32', '29', '33', '48', '30', '49', '31', '82', '42', '51', '70', '58', '47', '39', '59', '77', '52', '40', '50', '62', '57', '60', '61', '56', '63', '64', '68', '65', '66', '72', '74', '73', '79', '80', '81', '67', '85', '69', '71', '75', '76', '78', '83', '84', '86', '88', '89']"
641,1446,1.6809067131647777,31766,1286,876,723.8404533565824,"[3, 2, 0, 3, 1, 1, 1, 1, 3, 1, 3, 1, 2, 1, 1, 0, 3, 0, 2, 1, 1, 1, 3, 3, 0, 0, 3, 3, 0, 3, 2, 1, 2, 3, 3, 0, 0, 1, 1, 3, 3, 3, 0, 0, 0, 0, 0, 0, 2, 0, 3, 1, 2, 0, 1, 1, 2, 3, 1, 0, 3, 3, 0, 0, 0, 1, 1, 0, 0, 1, 3, 1, 0, 3, 0, 3, 1, 2, 1, 2, 1, 3, 3, 2, 1, 3, 0, 3, 3, 1]","['0', '1', '2', '3', '17', '7', '8', '5', '12', '11', '10', '16', '87', '4', '6', '9', '26', '21', '23', '37', '36', '25', '18', '24', '35', '46', '22', '45', '27', '43', '55', '34', '53', '44', '54', '20', '33', '13', '42', '32', '49', '70', '14', '41', '51', '58', '28', '48', '38', '47', '60', '59', '15', '52', '19', '62', '29', '82', '30', '31', '39', '40', '50', '77', '56', '68', '67', '57', '61', '72', '74', '73', '63', '80', '85', '81', '64', '79', '65', '66', '69', '71', '75', '76', '78', '83', '84', '86', '88', '89']"
642,1552,1.8448736998514117,32341,1473,1067,776.9224368499257,"[1, 1, 0, 0, 0, 3, 3, 0, 1, 2, 3, 1, 2, 1, 3, 2, 2, 3, 0, 1, 1, 3, 3, 2, 3, 2, 3, 0, 0, 3, 3, 0, 0, 2, 3, 1, 1, 2, 3, 0, 1, 2, 2, 1, 0, 2, 2, 2, 1, 1, 3, 0, 3, 0, 1, 2, 1, 0, 1, 2, 1, 2, 3, 0, 3, 1, 2, 1, 1, 3, 2, 2, 1, 0, 1, 0, 1, 2, 1, 0, 0, 1, 0, 1, 3, 1, 0, 0, 3, 0]","['0', '2', '1', '17', '7', '4', '8', '6', '16', '87', '13', '14', '15', '3', '5', '10', '11', '9', '25', '26', '24', '21', '18', '37', '22', '27', '20', '12', '19', '30', '29', '28', '35', '33', '23', '38', '44', '31', '36', '39', '82', '46', '34', '41', '43', '77', '42', '47', '51', '40', '48', '50', '59', '45', '56', '68', '55', '60', '53', '52', '54', '57', '58', '61', '62', '63', '64', '65', '66', '67', '32', '49', '72', '70', '74', '69', '71', '73', '80', '75', '79', '81', '85', '76', '78', '83', '84', '86', '88', '89']"
643,1288,1.5513399578440228,29860,1311,946,644.775669978922,"[1, 3, 0, 1, 1, 0, 1, 1, 1, 3, 1, 3, 0, 2, 0, 0, 1, 1, 3, 3, 0, 0, 2, 1, 2, 3, 1, 3, 2, 0, 2, 1, 0, 2, 0, 3, 3, 3, 3, 1, 2, 3, 1, 2, 1, 0, 2, 3, 0, 3, 3, 3, 3, 2, 3, 1, 3, 2, 0, 2, 0, 1, 2, 0, 1, 1, 3, 1, 0, 3, 2, 2, 0, 0, 3, 1, 3, 1, 2, 1, 1, 1, 0, 0, 2, 0, 1, 1, 0, 0]","['0', '1', '4', '2', '8', '17', '5', '12', '7', '3', '10', '11', '16', '87', '6', '14', '9', '22', '13', '27', '15', '21', '19', '35', '24', '34', '36', '30', '28', '18', '44', '45', '25', '54', '43', '26', '29', '53', '55', '31', '40', '82', '46', '39', '23', '77', '50', '37', '20', '33', '38', '41', '47', '51', '58', '62', '32', '57', '48', '52', '60', '59', '61', '63', '56', '42', '68', '67', '49', '72', '73', '70', '74', '79', '80', '64', '65', '66', '81', '69', '71', '75', '76', '78', '85', '83', '84', '86', '88', '89']"
644,1265,1.5240963855421688,31323,1343,922,633.2620481927711,"[3, 0, 2, 0, 1, 0, 2, 1, 2, 0, 1, 2, 3, 0, 2, 3, 3, 2, 1, 1, 2, 0, 3, 1, 3, 1, 0, 3, 3, 0, 0, 0, 1, 1, 3, 2, 2, 0, 0, 2, 0, 1, 3, 3, 3, 2, 1, 1, 0, 1, 2, 0, 0, 1, 1, 0, 2, 3, 2, 3, 2, 2, 3, 0, 1, 0, 1, 1, 0, 1, 0, 3, 1, 3, 2, 2, 2, 2, 1, 3, 2, 1, 2, 2, 3, 2, 1, 3, 1, 2]","['0', '2', '17', '1', '4', '7', '3', '5', '6', '11', '14', '15', '8', '13', '16', '9', '10', '22', '12', '87', '24', '26', '23', '19', '18', '30', '27', '20', '29', '21', '35', '46', '31', '34', '32', '45', '37', '40', '55', '43', '54', '49', '70', '50', '33', '25', '53', '36', '39', '28', '77', '44', '82', '41', '38', '51', '57', '59', '47', '60', '61', '58', '63', '64', '42', '48', '62', '52', '56', '65', '67', '68', '66', '72', '73', '79', '74', '69', '80', '81', '71', '85', '75', '76', '78', '83', '84', '86', '88', '89']"
645,1577,1.8657202011239278,30816,1214,828,789.4328601005619,"[1, 3, 0, 3, 1, 2, 2, 1, 3, 0, 3, 3, 2, 0, 0, 2, 3, 1, 2, 0, 0, 2, 3, 1, 1, 0, 1, 2, 1, 0, 2, 3, 3, 2, 3, 0, 3, 2, 3, 0, 3, 0, 3, 1, 3, 3, 3, 3, 1, 3, 3, 0, 0, 2, 0, 3, 2, 3, 2, 3, 0, 3, 1, 2, 3, 3, 0, 0, 0, 2, 2, 3, 2, 3, 3, 2, 2, 2, 3, 3, 2, 0, 1, 1, 3, 2, 2, 2, 2, 3]","['0', '1', '2', '4', '3', '6', '17', '15', '5', '13', '14', '8', '7', '16', '9', '12', '19', '22', '21', '18', '27', '87', '30', '25', '24', '11', '20', '33', '35', '43', '26', '44', '45', '34', '36', '32', '42', '53', '31', '55', '23', '40', '54', '41', '38', '37', '39', '51', '77', '10', '50', '29', '49', '46', '28', '58', '48', '59', '57', '62', '47', '56', '70', '52', '68', '60', '82', '67', '61', '63', '72', '74', '64', '65', '66', '73', '80', '79', '85', '81', '69', '71', '75', '76', '78', '83', '84', '86', '88', '89']"
646,1470,1.7073170731707317,32545,1367,993,735.8536585365854,"[1, 1, 3, 1, 0, 2, 0, 2, 0, 3, 2, 3, 2, 0, 3, 3, 0, 0, 0, 1, 0, 2, 1, 0, 1, 1, 3, 3, 1, 1, 0, 3, 1, 0, 1, 2, 3, 3, 3, 1, 0, 1, 1, 2, 3, 2, 0, 2, 2, 2, 1, 2, 1, 1, 3, 2, 3, 3, 1, 1, 0, 2, 1, 2, 1, 1, 1, 3, 3, 0, 0, 0, 2, 3, 0, 1, 2, 0, 0, 3, 0, 0, 1, 1, 1, 1, 2, 0, 1, 0]","['0', '2', '1', '7', '3', '5', '11', '8', '4', '17', '6', '15', '14', '13', '12', '19', '9', '29', '24', '30', '82', '26', '25', '16', '27', '23', '22', '87', '31', '38', '39', '18', '77', '20', '32', '40', '50', '57', '21', '36', '34', '35', '44', '10', '28', '46', '37', '49', '41', '45', '53', '55', '47', '33', '70', '54', '42', '43', '51', '59', '58', '48', '60', '56', '67', '61', '62', '68', '72', '52', '63', '64', '65', '74', '73', '80', '85', '79', '66', '69', '71', '75', '76', '78', '83', '81', '84', '86', '88', '89']"
647,1352,1.6220755848830235,29923,1459,1063,676.8110377924415,"[0, 3, 0, 1, 2, 2, 0, 1, 1, 1, 1, 0, 3, 2, 2, 0, 0, 1, 3, 3, 2, 1, 3, 3, 3, 2, 2, 2, 0, 3, 2, 1, 3, 2, 2, 2, 1, 1, 3, 3, 0, 1, 0, 3, 3, 3, 1, 1, 3, 2, 0, 3, 1, 3, 1, 1, 1, 2, 2, 3, 0, 0, 2, 2, 1, 0, 0, 0, 0, 1, 3, 2, 3, 2, 3, 1, 3, 0, 3, 2, 1, 2, 2, 1, 3, 3, 1, 3, 1, 2]","['0', '2', '1', '7', '4', '6', '15', '5', '17', '9', '14', '23', '22', '11', '8', '10', '26', '27', '13', '16', '28', '21', '36', '87', '18', '35', '43', '38', '37', '3', '46', '25', '24', '20', '32', '45', '54', '49', '44', '33', '12', '34', '55', '42', '19', '30', '29', '53', '82', '70', '41', '47', '52', '48', '51', '31', '60', '40', '50', '57', '56', '39', '67', '68', '77', '72', '61', '73', '58', '62', '79', '59', '74', '63', '80', '85', '81', '64', '65', '66', '69', '71', '75', '76', '78', '83', '84', '86', '88', '89']"
648,1416,1.7226277372262773,28911,1392,917,708.8613138686131,"[2, 2, 3, 1, 2, 3, 0, 0, 0, 3, 0, 0, 3, 3, 0, 1, 3, 0, 1, 2, 2, 0, 2, 3, 0, 1, 2, 1, 2, 1, 2, 1, 1, 2, 3, 2, 1, 1, 3, 0, 2, 1, 1, 2, 2, 0, 2, 2, 1, 2, 3, 2, 2, 2, 3, 0, 1, 1, 1, 2, 2, 0, 0, 2, 3, 1, 1, 3, 1, 2, 3, 1, 0, 0, 1, 3, 3, 3, 2, 2, 2, 2, 0, 0, 1, 1, 2, 3, 1, 1]","['0', '1', '2', '8', '7', '5', '17', '11', '16', '12', '87', '3', '4', '10', '6', '15', '19', '30', '9', '27', '26', '24', '22', '23', '25', '13', '28', '14', '31', '40', '38', '50', '21', '39', '29', '18', '37', '77', '20', '82', '57', '36', '32', '33', '42', '35', '34', '46', '49', '41', '43', '47', '45', '48', '70', '44', '52', '56', '54', '53', '55', '67', '51', '68', '59', '58', '72', '74', '60', '73', '80', '85', '79', '81', '61', '63', '62', '64', '65', '66', '69', '71', '75', '76', '78', '83', '84', '86', '88', '89']"
649,1431,1.7147992810065908,29658,1456,1085,716.3573996405033,"[3, 3, 0, 3, 1, 3, 1, 1, 1, 0, 1, 2, 1, 0, 1, 2, 2, 3, 2, 2, 1, 0, 2, 3, 3, 0, 0, 0, 1, 1, 1, 2, 1, 2, 3, 2, 0, 2, 1, 0, 0, 3, 2, 2, 1, 0, 2, 0, 1, 0, 1, 1, 3, 1, 1, 0, 1, 1, 2, 2, 0, 0, 0, 1, 2, 2, 2, 2, 3, 1, 0, 3, 3, 0, 0, 3, 1, 2, 2, 0, 2, 1, 0, 3, 3, 2, 0, 2, 3, 3]","['0', '1', '7', '8', '3', '5', '10', '4', '12', '2', '17', '16', '6', '9', '24', '27', '14', '26', '13', '23', '18', '11', '25', '28', '22', '20', '33', '21', '35', '34', '32', '38', '36', '37', '45', '15', '55', '44', '19', '87', '46', '49', '42', '70', '43', '30', '29', '31', '53', '82', '39', '54', '40', '50', '77', '41', '57', '47', '52', '48', '51', '58', '60', '61', '59', '63', '62', '56', '67', '68', '64', '72', '74', '73', '79', '65', '66', '69', '71', '75', '76', '80', '85', '78', '81', '83', '84', '86', '88', '89']"
650,1441,1.7298919567827131,32036,1424,976,721.3649459783913,"[3, 3, 0, 1, 0, 0, 3, 1, 2, 1, 0, 2, 0, 0, 0, 3, 3, 0, 2, 1, 1, 3, 3, 0, 3, 3, 2, 0, 2, 1, 1, 2, 1, 0, 0, 1, 3, 2, 3, 0, 1, 0, 2, 0, 2, 1, 0, 0, 1, 0, 3, 1, 2, 2, 3, 1, 2, 3, 1, 2, 2, 2, 3, 2, 2, 2, 0, 3, 1, 3, 3, 3, 1, 3, 3, 0, 1, 0, 3, 1, 1, 0, 2, 0, 2, 2, 2, 3, 2, 3]","['0', '2', '17', '1', '4', '7', '3', '8', '6', '13', '15', '16', '87', '5', '9', '23', '24', '21', '36', '10', '28', '37', '12', '18', '27', '20', '33', '26', '32', '19', '25', '35', '30', '46', '11', '22', '42', '38', '14', '43', '45', '31', '54', '40', '39', '50', '49', '70', '34', '57', '44', '53', '55', '41', '77', '47', '48', '52', '51', '29', '56', '67', '68', '60', '72', '61', '82', '59', '63', '73', '74', '80', '64', '81', '79', '85', '58', '62', '65', '66', '69', '71', '75', '76', '78', '83', '84', '86', '88', '89']"
651,1415,1.667157584683358,28499,1406,967,708.3335787923417,"[3, 3, 1, 0, 3, 1, 2, 0, 0, 1, 2, 2, 0, 0, 0, 0, 1, 1, 2, 1, 1, 1, 1, 3, 0, 0, 0, 2, 3, 2, 1, 3, 0, 2, 0, 3, 2, 1, 2, 0, 0, 3, 2, 1, 3, 1, 0, 2, 0, 0, 3, 1, 0, 1, 2, 3, 0, 1, 1, 2, 1, 0, 1, 2, 0, 0, 3, 2, 1, 0, 2, 2, 1, 3, 1, 3, 2, 1, 0, 2, 1, 2, 1, 2, 2, 0, 3, 3, 1, 3]","['0', '1', '4', '2', '5', '17', '8', '10', '12', '3', '7', '16', '6', '14', '15', '9', '87', '23', '24', '26', '27', '18', '21', '22', '35', '20', '44', '36', '46', '19', '13', '30', '43', '32', '38', '37', '11', '29', '25', '31', '49', '39', '33', '70', '28', '45', '40', '34', '41', '55', '54', '42', '50', '47', '52', '77', '48', '56', '82', '67', '51', '57', '53', '59', '58', '60', '61', '68', '62', '63', '64', '65', '72', '74', '73', '66', '79', '80', '85', '69', '71', '81', '75', '76', '78', '83', '84', '86', '88', '89']"
652,1550,1.8272914824638962,33142,1344,1032,775.9136457412319,"[1, 2, 2, 1, 0, 3, 1, 2, 1, 2, 1, 3, 3, 0, 0, 0, 2, 0, 1, 2, 0, 1, 1, 1, 3, 0, 0, 3, 2, 0, 0, 0, 3, 3, 3, 0, 0, 0, 0, 0, 3, 1, 2, 1, 2, 2, 0, 3, 2, 3, 0, 3, 1, 2, 1, 0, 2, 0, 1, 0, 0, 0, 3, 2, 0, 0, 0, 3, 3, 3, 3, 3, 1, 0, 3, 0, 1, 1, 3, 1, 3, 3, 0, 2, 3, 1, 2, 0, 3, 0]","['0', '2', '1', '8', '3', '5', '11', '10', '17', '12', '4', '6', '7', '13', '9', '28', '21', '27', '34', '22', '26', '23', '16', '18', '36', '25', '14', '15', '35', '46', '45', '20', '41', '37', '54', '33', '44', '38', '55', '42', '53', '48', '87', '32', '47', '52', '24', '19', '29', '82', '30', '49', '43', '70', '31', '51', '60', '39', '77', '58', '40', '62', '59', '50', '57', '61', '56', '68', '72', '67', '73', '80', '79', '63', '81', '85', '74', '64', '65', '66', '69', '71', '75', '76', '78', '83', '84', '86', '88', '89']"
653,1622,1.9212318625999407,31803,1478,994,811.9606159313,"[1, 3, 1, 1, 0, 3, 3, 2, 3, 2, 2, 2, 3, 0, 1, 1, 2, 2, 1, 3, 0, 1, 3, 2, 3, 1, 3, 0, 3, 1, 2, 3, 0, 3, 1, 3, 0, 0, 0, 0, 2, 2, 1, 2, 1, 2, 1, 3, 0, 1, 3, 1, 2, 0, 1, 0, 1, 1, 1, 0, 0, 3, 2, 0, 0, 2, 2, 0, 0, 0, 1, 0, 2, 0, 3, 1, 0, 0, 3, 0, 0, 2, 0, 1, 2, 3, 0, 0, 3, 3]","['0', '2', '17', '1', '5', '11', '7', '12', '4', '6', '8', '3', '9', '15', '13', '24', '14', '22', '23', '21', '19', '36', '29', '82', '37', '26', '25', '10', '30', '28', '27', '38', '31', '34', '16', '39', '18', '35', '43', '77', '20', '32', '49', '87', '46', '33', '40', '50', '70', '44', '41', '45', '57', '54', '51', '47', '52', '55', '59', '48', '60', '42', '58', '56', '61', '63', '68', '72', '64', '53', '73', '62', '74', '67', '80', '81', '85', '79', '65', '66', '69', '71', '75', '76', '78', '83', '84', '86', '88', '89']"
654,1401,1.617782909930716,34292,1456,1096,701.3088914549653,"[0, 1, 2, 2, 0, 3, 1, 1, 2, 1, 1, 0, 0, 3, 2, 3, 0, 0, 1, 3, 2, 3, 1, 1, 0, 3, 0, 0, 3, 0, 2, 1, 0, 0, 1, 0, 0, 1, 1, 2, 2, 0, 1, 0, 3, 1, 0, 3, 1, 2, 2, 1, 3, 2, 3, 1, 2, 0, 1, 1, 0, 0, 2, 2, 3, 0, 1, 1, 3, 3, 2, 0, 1, 3, 3, 2, 1, 0, 1, 3, 3, 0, 1, 3, 0, 3, 2, 3, 0, 0]","['0', '1', '8', '7', '4', '3', '2', '16', '6', '17', '13', '15', '87', '14', '5', '12', '19', '10', '30', '9', '26', '11', '29', '22', '23', '21', '27', '37', '31', '34', '36', '38', '24', '18', '82', '35', '20', '33', '28', '42', '45', '43', '25', '41', '32', '47', '40', '51', '53', '55', '39', '59', '49', '48', '54', '44', '50', '57', '60', '70', '61', '52', '46', '56', '77', '58', '62', '63', '64', '67', '68', '72', '65', '74', '73', '80', '66', '81', '69', '79', '85', '71', '75', '76', '78', '83', '84', '86', '88', '89']"
655,1718,2.033136094674556,31894,1411,1002,860.0165680473373,"[3, 0, 1, 3, 2, 1, 3, 2, 3, 3, 1, 1, 1, 3, 3, 2, 0, 3, 3, 2, 1, 2, 2, 1, 2, 3, 1, 1, 2, 1, 1, 1, 2, 2, 0, 2, 1, 2, 3, 2, 3, 2, 3, 0, 0, 1, 1, 2, 0, 0, 0, 2, 2, 1, 2, 3, 2, 2, 1, 2, 0, 2, 0, 3, 3, 3, 0, 1, 0, 2, 2, 3, 0, 2, 1, 0, 3, 1, 0, 2, 2, 0, 1, 0, 0, 0, 3, 2, 3, 3]","['0', '1', '7', '8', '5', '4', '12', '10', '11', '3', '6', '9', '14', '25', '13', '22', '18', '28', '2', '16', '23', '20', '87', '27', '32', '24', '15', '38', '26', '33', '21', '17', '19', '30', '35', '34', '45', '55', '41', '43', '48', '37', '44', '36', '31', '40', '29', '54', '39', '82', '50', '77', '46', '51', '47', '49', '42', '57', '59', '56', '52', '58', '53', '68', '67', '60', '62', '72', '70', '74', '73', '61', '79', '80', '63', '64', '81', '85', '65', '66', '69', '71', '75', '76', '78', '83', '84', '86', '88', '89']"
656,1661,2.0262275083867034,28907,1289,925,831.5131137541933,"[2, 2, 2, 0, 1, 2, 0, 2, 0, 0, 1, 2, 3, 1, 2, 3, 0, 3, 3, 2, 0, 1, 1, 1, 3, 2, 0, 3, 3, 0, 3, 1, 1, 3, 3, 3, 1, 2, 0, 3, 0, 0, 3, 2, 3, 3, 0, 2, 3, 0, 3, 1, 0, 0, 3, 0, 2, 1, 0, 2, 0, 3, 0, 2, 0, 0, 2, 2, 0, 3, 1, 1, 2, 0, 3, 1, 0, 0, 3, 3, 0, 1, 0, 3, 1, 0, 1, 0, 2, 2]","['0', '1', '4', '6', '8', '14', '2', '15', '3', '17', '13', '5', '9', '23', '22', '27', '21', '12', '19', '34', '37', '26', '10', '38', '25', '35', '30', '18', '7', '11', '45', '36', '46', '31', '28', '24', '54', '29', '55', '40', '39', '44', '53', '20', '50', '43', '32', '33', '42', '82', '57', '77', '16', '49', '87', '41', '48', '56', '51', '70', '67', '47', '58', '60', '59', '52', '68', '62', '72', '74', '73', '80', '79', '61', '81', '85', '63', '64', '65', '66', '69', '71', '75', '76', '78', '83', '84', '86', '88', '89']"
657,1312,1.544437904649794,31820,1318,948,656.7722189523249,"[1, 3, 1, 1, 2, 2, 3, 1, 1, 1, 0, 1, 3, 2, 3, 2, 1, 1, 1, 1, 1, 0, 3, 3, 1, 0, 3, 1, 0, 0, 1, 0, 2, 1, 0, 1, 3, 0, 0, 1, 0, 0, 3, 2, 2, 0, 3, 0, 2, 2, 3, 3, 0, 1, 0, 1, 0, 2, 3, 2, 1, 3, 0, 2, 3, 2, 2, 2, 3, 2, 2, 2, 0, 2, 0, 2, 0, 3, 1, 3, 3, 3, 2, 2, 3, 1, 1, 1, 0, 0]","['0', '1', '7', '3', '4', '8', '5', '11', '2', '16', '6', '10', '87', '14', '12', '13', '15', '28', '9', '18', '25', '22', '21', '17', '19', '20', '33', '32', '34', '35', '41', '43', '51', '44', '24', '60', '26', '36', '46', '29', '23', '48', '37', '27', '47', '42', '45', '38', '55', '49', '59', '52', '30', '82', '70', '31', '40', '53', '39', '54', '50', '56', '57', '77', '58', '62', '67', '61', '63', '68', '64', '72', '73', '65', '80', '81', '74', '66', '79', '69', '85', '71', '75', '76', '78', '83', '84', '86', '88', '89']"
658,1458,1.7503001200480193,31872,1470,1028,729.875150060024,"[3, 0, 0, 3, 2, 1, 1, 2, 2, 2, 0, 2, 3, 1, 3, 1, 1, 2, 0, 1, 2, 3, 2, 2, 1, 1, 0, 2, 3, 0, 2, 0, 1, 2, 3, 2, 0, 0, 3, 0, 0, 3, 1, 1, 3, 0, 3, 3, 1, 1, 1, 1, 1, 2, 3, 1, 3, 3, 1, 2, 2, 2, 2, 1, 1, 2, 3, 1, 3, 3, 0, 2, 3, 2, 1, 1, 1, 2, 1, 1, 0, 3, 0, 3, 3, 2, 2, 3, 2, 0]","['0', '1', '2', '8', '3', '5', '17', '11', '10', '4', '6', '9', '12', '7', '16', '25', '15', '22', '21', '35', '87', '37', '46', '34', '44', '45', '14', '13', '18', '43', '55', '24', '26', '19', '23', '54', '29', '28', '20', '53', '38', '36', '27', '82', '33', '41', '51', '30', '59', '48', '60', '47', '32', '52', '31', '40', '39', '42', '49', '50', '57', '56', '70', '67', '61', '68', '77', '58', '62', '72', '74', '73', '79', '80', '85', '63', '64', '65', '66', '81', '69', '71', '75', '76', '78', '83', '84', '86', '88', '89']"
659,1403,1.6628148148148147,31556,1436,1011,702.3314074074074,"[1, 3, 2, 0, 0, 3, 2, 3, 1, 0, 2, 1, 1, 2, 0, 0, 3, 2, 1, 3, 2, 3, 0, 1, 3, 3, 2, 0, 1, 2, 1, 0, 1, 0, 2, 0, 0, 0, 1, 2, 2, 0, 1, 2, 3, 0, 0, 0, 0, 1, 3, 2, 3, 3, 1, 2, 3, 1, 3, 0, 3, 1, 0, 2, 0, 1, 2, 2, 2, 3, 2, 2, 0, 2, 0, 1, 0, 1, 1, 0, 0, 1, 1, 0, 1, 1, 2, 0, 2, 3]","['0', '1', '3', '8', '7', '4', '5', '12', '2', '6', '11', '14', '15', '10', '16', '17', '87', '19', '30', '29', '82', '13', '9', '24', '25', '22', '21', '34', '18', '20', '28', '36', '37', '23', '35', '44', '26', '41', '47', '38', '32', '49', '46', '48', '27', '45', '31', '43', '53', '51', '55', '52', '39', '70', '58', '62', '54', '40', '50', '60', '56', '57', '77', '61', '33', '67', '42', '68', '59', '63', '72', '73', '74', '80', '85', '79', '81', '64', '65', '66', '69', '71', '75', '76', '78', '83', '84', '86', '88', '89']"
660,1509,1.7974985110184634,32221,1507,967,755.3987492555092,"[2, 2, 0, 1, 2, 0, 3, 3, 1, 3, 3, 3, 2, 0, 2, 2, 0, 3, 3, 0, 0, 2, 3, 0, 1, 0, 2, 2, 0, 2, 3, 2, 3, 0, 1, 2, 2, 3, 3, 3, 3, 1, 2, 2, 2, 3, 1, 1, 3, 0, 2, 1, 3, 2, 1, 1, 1, 0, 1, 3, 2, 0, 2, 0, 1, 3, 0, 0, 0, 1, 3, 1, 3, 0, 0, 0, 2, 2, 0, 0, 0, 1, 0, 2, 3, 0, 0, 3, 0, 2]","['0', '2', '17', '1', '3', '8', '7', '16', '87', '4', '6', '14', '13', '15', '5', '10', '28', '12', '11', '9', '18', '25', '24', '23', '19', '29', '30', '21', '37', '27', '34', '82', '20', '26', '41', '36', '33', '48', '31', '47', '22', '38', '32', '35', '39', '44', '42', '40', '43', '45', '77', '51', '49', '53', '70', '46', '59', '60', '54', '50', '52', '56', '67', '57', '55', '58', '68', '61', '63', '72', '64', '73', '79', '74', '62', '65', '80', '81', '85', '66', '69', '71', '75', '76', '78', '83', '84', '86', '88', '89']"
661,1325,1.5304649148137452,34060,1278,920,663.2652324574069,"[3, 3, 3, 1, 1, 1, 0, 2, 1, 3, 2, 1, 0, 1, 0, 3, 1, 2, 3, 3, 3, 0, 2, 3, 2, 0, 3, 2, 1, 0, 0, 2, 3, 1, 1, 0, 1, 1, 1, 1, 2, 2, 0, 1, 0, 1, 0, 3, 2, 2, 2, 2, 2, 3, 3, 3, 1, 2, 1, 1, 0, 2, 3, 1, 0, 0, 0, 0, 2, 2, 1, 0, 3, 1, 1, 0, 3, 2, 2, 2, 1, 3, 2, 2, 3, 1, 3, 0, 3, 0]","['0', '2', '17', '1', '8', '3', '5', '4', '11', '12', '7', '16', '10', '6', '14', '87', '13', '15', '28', '19', '30', '9', '21', '36', '37', '27', '35', '44', '23', '34', '29', '45', '82', '46', '22', '53', '25', '18', '24', '43', '55', '20', '41', '51', '60', '48', '58', '62', '32', '59', '26', '38', '49', '33', '31', '42', '54', '39', '77', '70', '40', '50', '57', '47', '52', '61', '63', '64', '65', '56', '66', '67', '68', '69', '72', '71', '75', '74', '76', '73', '80', '81', '85', '79', '78', '83', '84', '86', '88', '89']"
662,1474,1.7791188895594447,32750,1438,987,737.8895594447797,"[3, 0, 3, 1, 1, 2, 1, 1, 1, 0, 1, 3, 3, 2, 1, 3, 0, 1, 3, 0, 3, 3, 1, 1, 2, 3, 2, 3, 0, 3, 1, 2, 0, 0, 1, 0, 1, 1, 2, 0, 2, 3, 2, 3, 1, 1, 1, 0, 1, 1, 2, 3, 3, 2, 2, 2, 3, 2, 1, 1, 0, 0, 0, 3, 0, 1, 0, 1, 2, 0, 2, 1, 0, 3, 0, 1, 3, 0, 1, 3, 3, 1, 3, 2, 0, 3, 2, 3, 3, 0]","['0', '2', '17', '1', '3', '5', '8', '7', '4', '16', '11', '10', '87', '12', '6', '14', '15', '9', '18', '19', '21', '20', '26', '32', '27', '35', '22', '25', '44', '37', '33', '49', '46', '36', '24', '13', '43', '30', '29', '82', '31', '42', '23', '39', '38', '40', '45', '77', '28', '50', '55', '53', '34', '70', '41', '51', '58', '47', '52', '60', '54', '48', '62', '56', '59', '67', '68', '72', '74', '57', '73', '61', '63', '64', '79', '65', '66', '80', '81', '69', '85', '71', '75', '76', '78', '83', '84', '86', '88', '89']"
663,1530,1.8165627782724845,30385,1418,945,765.9082813891363,"[2, 2, 3, 0, 1, 3, 3, 0, 3, 3, 0, 1, 2, 1, 0, 1, 1, 0, 2, 1, 0, 3, 3, 2, 2, 0, 1, 1, 3, 0, 1, 0, 3, 2, 3, 0, 2, 1, 3, 2, 2, 2, 0, 0, 1, 0, 2, 2, 2, 2, 2, 1, 1, 1, 0, 0, 2, 1, 3, 2, 3, 1, 3, 3, 1, 1, 1, 1, 2, 1, 1, 3, 1, 1, 2, 3, 3, 0, 0, 3, 1, 0, 1, 0, 0, 2, 0, 1, 1, 3]","['0', '2', '17', '1', '3', '8', '4', '5', '12', '7', '16', '6', '14', '9', '26', '24', '21', '15', '13', '35', '25', '36', '22', '27', '87', '34', '18', '43', '44', '23', '10', '28', '37', '45', '53', '54', '46', '20', '32', '41', '48', '11', '51', '59', '38', '49', '55', '60', '70', '33', '47', '58', '19', '52', '30', '31', '62', '42', '29', '40', '39', '82', '77', '50', '56', '67', '68', '72', '73', '79', '74', '57', '80', '81', '85', '61', '63', '64', '65', '66', '69', '71', '75', '76', '78', '83', '84', '86', '88', '89']"
664,1506,1.7875370919881306,28988,1279,858,753.893768545994,"[0, 0, 3, 0, 1, 1, 3, 3, 3, 1, 0, 2, 3, 1, 0, 2, 0, 2, 3, 0, 1, 1, 3, 2, 2, 2, 3, 0, 2, 2, 2, 1, 2, 2, 3, 2, 2, 1, 2, 1, 1, 3, 2, 2, 1, 3, 3, 0, 3, 1, 3, 2, 2, 2, 1, 3, 1, 1, 2, 3, 2, 3, 1, 0, 3, 2, 1, 1, 2, 3, 3, 3, 1, 2, 3, 2, 3, 3, 2, 3, 3, 3, 1, 0, 2, 0, 3, 1, 2, 2]","['0', '1', '5', '7', '11', '12', '4', '10', '6', '2', '8', '14', '9', '15', '26', '17', '24', '13', '27', '3', '22', '16', '19', '87', '23', '28', '21', '29', '37', '82', '38', '35', '18', '44', '20', '32', '43', '33', '34', '49', '70', '41', '45', '53', '30', '55', '36', '42', '48', '46', '51', '25', '59', '60', '47', '52', '58', '62', '54', '31', '40', '50', '56', '39', '77', '57', '67', '61', '68', '63', '72', '64', '74', '73', '65', '79', '66', '69', '80', '71', '75', '81', '76', '78', '85', '83', '84', '86', '88', '89']"
665,1542,1.851140456182473,31574,1380,999,771.9255702280913,"[0, 2, 3, 2, 0, 0, 1, 1, 2, 3, 1, 2, 2, 1, 1, 3, 3, 2, 1, 0, 2, 2, 1, 1, 3, 1, 2, 1, 0, 3, 3, 2, 1, 3, 2, 0, 2, 2, 2, 2, 1, 1, 2, 3, 3, 1, 0, 3, 0, 3, 1, 3, 0, 2, 1, 2, 3, 1, 3, 1, 2, 1, 3, 3, 3, 3, 2, 2, 2, 3, 2, 3, 2, 2, 0, 1, 3, 1, 1, 3, 3, 3, 2, 0, 0, 2, 0, 0, 2, 3]","['0', '2', '17', '1', '8', '3', '4', '5', '10', '7', '12', '16', '11', '87', '6', '13', '14', '9', '23', '26', '18', '27', '24', '25', '20', '15', '22', '32', '28', '21', '36', '37', '49', '19', '29', '38', '70', '34', '82', '33', '42', '35', '41', '48', '47', '45', '44', '43', '53', '46', '52', '54', '51', '59', '58', '62', '30', '60', '31', '40', '55', '39', '50', '57', '77', '56', '67', '61', '68', '63', '72', '64', '65', '66', '69', '74', '73', '80', '81', '71', '75', '76', '78', '79', '83', '84', '85', '86', '88', '89']"
666,1805,2.160383004189108,30555,1302,926,903.5801915020945,"[2, 2, 3, 3, 1, 0, 1, 0, 0, 1, 2, 1, 1, 0, 3, 0, 3, 3, 2, 2, 3, 2, 3, 3, 1, 1, 3, 0, 1, 0, 3, 1, 1, 3, 1, 3, 0, 1, 2, 3, 2, 1, 2, 0, 1, 1, 0, 2, 0, 3, 0, 2, 1, 1, 1, 0, 0, 0, 3, 1, 2, 3, 0, 2, 1, 1, 3, 0, 2, 3, 3, 3, 1, 3, 1, 2, 1, 1, 1, 2, 1, 3, 0, 1, 1, 1, 3, 2, 0, 1]","['0', '1', '2', '4', '17', '5', '10', '6', '8', '13', '3', '15', '28', '7', '9', '12', '22', '27', '18', '25', '26', '14', '21', '36', '23', '37', '34', '11', '38', '20', '35', '41', '32', '45', '49', '16', '19', '33', '55', '43', '51', '54', '29', '44', '53', '47', '30', '59', '48', '31', '70', '87', '46', '82', '42', '52', '60', '40', '24', '39', '58', '62', '77', '50', '56', '67', '68', '72', '73', '80', '79', '81', '74', '85', '57', '61', '63', '64', '65', '66', '69', '71', '75', '76', '78', '83', '84', '86', '88', '89']"
667,1468,1.7209847596717467,34080,1475,1037,734.8604923798358,"[2, 1, 3, 2, 0, 0, 3, 0, 2, 2, 0, 3, 0, 3, 3, 2, 1, 0, 2, 0, 0, 3, 2, 1, 1, 3, 3, 3, 3, 1, 0, 1, 1, 2, 3, 3, 1, 1, 1, 2, 2, 3, 0, 0, 2, 1, 3, 3, 3, 1, 0, 0, 3, 2, 1, 0, 2, 0, 0, 2, 0, 3, 0, 1, 3, 2, 3, 1, 3, 0, 3, 3, 3, 1, 3, 3, 2, 1, 3, 3, 1, 0, 0, 0, 2, 3, 1, 2, 3, 2]","['0', '1', '3', '7', '4', '8', '2', '16', '87', '6', '5', '17', '14', '13', '9', '22', '12', '25', '21', '23', '24', '27', '35', '11', '38', '44', '15', '18', '46', '45', '34', '10', '20', '36', '26', '37', '55', '28', '32', '53', '19', '43', '33', '49', '29', '70', '30', '82', '41', '31', '54', '40', '39', '48', '51', '59', '77', '42', '50', '56', '68', '58', '62', '67', '57', '72', '47', '60', '73', '79', '80', '85', '81', '52', '61', '74', '63', '64', '65', '66', '69', '71', '75', '76', '78', '83', '84', '86', '88', '89']"
668,1798,2.1584633853541417,33162,1432,990,900.0792316926771,"[2, 1, 0, 2, 3, 2, 0, 3, 2, 0, 0, 0, 3, 2, 0, 2, 3, 0, 2, 2, 1, 3, 1, 2, 0, 2, 1, 2, 0, 1, 1, 1, 2, 2, 2, 3, 3, 0, 2, 0, 0, 1, 2, 3, 1, 2, 2, 3, 3, 2, 3, 3, 3, 0, 2, 0, 3, 3, 1, 0, 0, 2, 2, 3, 2, 1, 3, 2, 1, 2, 0, 1, 3, 1, 3, 0, 3, 3, 0, 1, 2, 1, 2, 2, 0, 2, 3, 2, 2, 1]","['0', '1', '3', '4', '5', '11', '8', '2', '12', '6', '7', '14', '10', '15', '17', '13', '28', '16', '9', '24', '87', '21', '35', '19', '27', '45', '55', '22', '18', '29', '43', '34', '26', '25', '30', '82', '54', '20', '36', '53', '23', '46', '32', '38', '44', '37', '41', '51', '47', '58', '49', '48', '33', '60', '62', '52', '70', '59', '31', '40', '39', '77', '42', '50', '56', '68', '72', '57', '67', '61', '74', '63', '64', '65', '73', '79', '80', '66', '81', '85', '69', '71', '75', '76', '78', '83', '84', '86', '88', '89']"
669,1306,1.5598686174977605,31082,1338,952,653.7799343087489,"[3, 0, 0, 2, 3, 3, 2, 1, 0, 2, 2, 2, 1, 2, 1, 3, 3, 2, 0, 0, 2, 2, 3, 3, 2, 0, 1, 1, 0, 1, 0, 3, 3, 2, 2, 0, 0, 3, 1, 0, 0, 2, 3, 2, 2, 3, 0, 1, 3, 1, 2, 0, 0, 2, 3, 3, 3, 1, 0, 1, 2, 3, 2, 0, 3, 2, 3, 2, 2, 2, 0, 1, 1, 3, 3, 3, 1, 0, 1, 0, 3, 1, 1, 0, 3, 0, 0, 2, 1, 1]","['0', '2', '17', '1', '8', '4', '7', '3', '6', '14', '13', '16', '87', '5', '15', '11', '12', '10', '9', '22', '24', '27', '23', '38', '21', '26', '19', '34', '30', '35', '37', '45', '55', '28', '43', '31', '36', '54', '46', '18', '20', '33', '32', '44', '42', '49', '25', '39', '70', '41', '40', '51', '29', '77', '60', '50', '82', '57', '59', '58', '61', '47', '53', '52', '63', '62', '64', '48', '65', '56', '68', '72', '74', '67', '66', '69', '71', '75', '76', '73', '79', '80', '81', '85', '78', '83', '84', '86', '88', '89']"
670,1322,1.5719381688466112,31037,1408,929,661.7859690844233,"[1, 1, 3, 3, 0, 1, 3, 2, 0, 3, 0, 3, 0, 3, 2, 3, 2, 0, 2, 3, 3, 0, 2, 2, 1, 1, 1, 1, 3, 1, 0, 2, 0, 1, 0, 1, 2, 3, 3, 1, 1, 2, 1, 2, 3, 0, 0, 0, 1, 2, 1, 1, 0, 3, 0, 2, 1, 3, 2, 0, 3, 2, 1, 0, 0, 3, 3, 1, 0, 0, 3, 1, 2, 3, 1, 1, 1, 3, 1, 0, 0, 0, 0, 3, 1, 3, 3, 2, 3, 1]","['0', '1', '7', '5', '3', '2', '8', '16', '10', '4', '11', '17', '12', '6', '13', '87', '15', '19', '30', '28', '14', '9', '21', '37', '27', '26', '22', '29', '24', '35', '82', '44', '25', '31', '34', '18', '36', '23', '20', '39', '46', '41', '40', '32', '33', '77', '48', '45', '38', '47', '54', '55', '53', '43', '52', '42', '51', '49', '59', '70', '58', '62', '60', '50', '57', '56', '67', '68', '61', '72', '63', '64', '74', '65', '73', '79', '80', '81', '85', '66', '69', '71', '75', '76', '78', '83', '84', '86', '88', '89']"
671,1457,1.7417812313209802,32884,1468,1027,729.3708906156605,"[0, 1, 1, 2, 0, 1, 3, 0, 3, 0, 3, 1, 0, 1, 1, 3, 3, 1, 3, 1, 1, 3, 1, 0, 1, 3, 1, 0, 3, 1, 3, 3, 2, 3, 0, 0, 2, 3, 0, 0, 3, 2, 3, 2, 2, 3, 2, 0, 1, 1, 1, 2, 0, 3, 1, 3, 3, 0, 3, 1, 0, 0, 3, 2, 0, 0, 1, 1, 3, 3, 2, 0, 1, 1, 1, 0, 2, 0, 1, 0, 2, 3, 1, 1, 3, 1, 1, 0, 0, 2]","['0', '1', '4', '8', '6', '3', '13', '5', '2', '10', '15', '28', '7', '11', '17', '14', '12', '9', '22', '21', '23', '35', '45', '55', '38', '44', '54', '18', '20', '53', '43', '24', '32', '27', '19', '36', '29', '37', '33', '34', '82', '46', '16', '49', '42', '30', '41', '25', '26', '31', '39', '77', '51', '70', '60', '58', '40', '47', '48', '62', '59', '52', '50', '57', '56', '87', '67', '61', '68', '63', '72', '73', '64', '74', '79', '80', '81', '65', '85', '66', '69', '71', '75', '76', '78', '83', '84', '86', '88', '89']"
672,1491,1.7624113475177305,32349,1369,975,746.3812056737588,"[2, 3, 0, 1, 1, 3, 0, 2, 3, 1, 2, 0, 2, 2, 3, 0, 1, 1, 0, 0, 0, 2, 0, 1, 1, 2, 2, 3, 1, 3, 2, 0, 0, 2, 0, 0, 1, 0, 2, 2, 1, 2, 1, 2, 3, 0, 0, 0, 0, 3, 3, 2, 0, 3, 2, 2, 3, 2, 2, 0, 3, 3, 0, 3, 3, 1, 3, 3, 3, 0, 0, 3, 1, 1, 0, 3, 0, 2, 2, 2, 0, 0, 2, 0, 3, 0, 1, 3, 1, 3]","['0', '2', '17', '1', '3', '4', '8', '7', '6', '14', '15', '16', '87', '5', '9', '21', '36', '26', '25', '37', '34', '35', '11', '18', '46', '43', '22', '20', '44', '32', '10', '24', '49', '12', '70', '19', '45', '29', '54', '23', '33', '27', '82', '13', '42', '28', '38', '30', '55', '41', '31', '51', '48', '53', '39', '58', '60', '62', '47', '40', '52', '50', '77', '56', '59', '67', '57', '68', '72', '73', '80', '79', '81', '85', '61', '63', '74', '64', '65', '66', '69', '71', '75', '76', '78', '83', '84', '86', '88', '89']"
673,1640,1.9818731117824773,32097,1501,1053,820.9909365558913,"[3, 0, 3, 2, 1, 0, 2, 3, 0, 3, 1, 2, 3, 3, 1, 1, 3, 3, 2, 1, 1, 0, 0, 0, 1, 3, 2, 0, 2, 2, 2, 0, 2, 0, 1, 0, 0, 2, 2, 3, 2, 1, 1, 3, 2, 3, 1, 3, 1, 2, 0, 3, 2, 3, 2, 2, 2, 3, 2, 2, 2, 3, 3, 3, 2, 1, 0, 1, 3, 3, 0, 0, 3, 1, 2, 1, 3, 2, 2, 1, 1, 2, 3, 2, 0, 2, 3, 1, 2, 2]","['0', '2', '17', '1', '5', '3', '8', '12', '4', '11', '6', '13', '15', '14', '9', '18', '10', '20', '22', '26', '33', '27', '24', '21', '28', '36', '37', '32', '23', '38', '19', '29', '25', '49', '42', '7', '70', '16', '82', '35', '87', '45', '30', '53', '55', '43', '46', '31', '34', '44', '41', '39', '54', '51', '59', '58', '47', '77', '60', '62', '48', '40', '50', '56', '68', '67', '72', '52', '73', '74', '79', '57', '61', '63', '64', '65', '66', '69', '71', '80', '85', '75', '81', '76', '78', '83', '84', '86', '88', '89']"
674,1402,1.6455399061032865,32109,1449,1016,701.8227699530516,"[2, 0, 2, 3, 1, 1, 2, 0, 2, 2, 0, 3, 3, 0, 0, 0, 3, 3, 3, 3, 1, 0, 3, 2, 2, 2, 2, 0, 2, 2, 1, 1, 3, 1, 0, 2, 2, 0, 1, 1, 1, 3, 3, 0, 3, 2, 1, 3, 0, 2, 3, 3, 1, 1, 1, 2, 3, 2, 3, 3, 3, 0, 1, 0, 1, 2, 3, 0, 1, 1, 0, 1, 2, 2, 0, 1, 0, 1, 2, 1, 3, 3, 3, 2, 1, 1, 3, 1, 0, 3]","['0', '2', '17', '1', '5', '10', '4', '6', '15', '12', '7', '19', '30', '14', '8', '3', '13', '28', '9', '26', '11', '16', '18', '21', '36', '27', '25', '34', '24', '22', '87', '31', '35', '20', '33', '23', '39', '29', '37', '43', '42', '44', '45', '38', '46', '53', '77', '55', '40', '82', '50', '54', '41', '51', '48', '32', '59', '60', '56', '49', '57', '68', '47', '61', '63', '70', '72', '74', '73', '64', '79', '67', '58', '80', '81', '52', '85', '62', '65', '66', '69', '71', '75', '76', '78', '83', '84', '86', '88', '89']"
675,1332,1.6224116930572472,32643,1385,975,666.8112058465287,"[3, 2, 3, 0, 1, 3, 1, 1, 0, 2, 0, 0, 2, 2, 2, 0, 2, 2, 1, 1, 3, 3, 2, 2, 2, 2, 1, 0, 3, 0, 2, 0, 1, 1, 0, 3, 0, 3, 3, 0, 0, 3, 3, 1, 1, 2, 1, 0, 1, 0, 1, 3, 3, 1, 3, 3, 0, 1, 2, 3, 1, 1, 0, 0, 3, 3, 0, 2, 1, 1, 0, 2, 3, 3, 1, 1, 1, 3, 0, 0, 2, 3, 3, 3, 0, 2, 0, 2, 3, 2]","['0', '1', '2', '8', '17', '7', '16', '87', '3', '5', '10', '4', '12', '6', '9', '14', '18', '26', '11', '23', '13', '21', '28', '27', '25', '37', '22', '35', '38', '45', '24', '54', '46', '44', '20', '32', '34', '53', '55', '15', '36', '41', '48', '49', '70', '33', '43', '47', '51', '52', '19', '30', '58', '42', '62', '59', '60', '31', '39', '40', '77', '29', '82', '50', '56', '68', '72', '73', '67', '74', '80', '57', '79', '85', '61', '63', '81', '64', '65', '66', '69', '71', '75', '76', '78', '83', '84', '86', '88', '89']"
676,1504,1.7725397760754271,34512,1463,1011,752.8862698880378,"[2, 0, 1, 1, 0, 0, 0, 1, 3, 3, 1, 2, 1, 3, 3, 3, 2, 2, 2, 0, 0, 0, 1, 0, 1, 0, 2, 0, 1, 2, 2, 0, 1, 0, 1, 2, 3, 1, 1, 2, 1, 1, 2, 3, 3, 3, 1, 2, 3, 1, 3, 2, 0, 2, 2, 2, 2, 0, 0, 3, 3, 3, 1, 1, 0, 3, 2, 3, 2, 3, 1, 3, 0, 0, 2, 3, 1, 2, 2, 0, 1, 3, 2, 2, 3, 1, 2, 0, 3, 2]","['0', '1', '3', '5', '11', '8', '7', '12', '2', '10', '16', '4', '6', '87', '9', '18', '24', '21', '25', '27', '26', '34', '37', '35', '23', '22', '15', '46', '45', '20', '41', '43', '36', '38', '55', '33', '42', '47', '54', '53', '44', '52', '13', '32', '17', '51', '14', '58', '60', '59', '49', '62', '19', '30', '29', '48', '31', '70', '40', '28', '39', '50', '82', '77', '56', '67', '57', '68', '61', '72', '74', '63', '64', '65', '73', '66', '79', '80', '69', '71', '81', '85', '75', '76', '78', '83', '84', '86', '88', '89']"
677,1619,1.9559045605557233,28478,1383,990,810.4779522802779,"[3, 3, 1, 1, 3, 0, 1, 2, 2, 2, 2, 0, 1, 3, 0, 1, 3, 0, 0, 3, 3, 2, 1, 3, 0, 1, 0, 0, 2, 2, 2, 1, 1, 0, 2, 1, 2, 0, 1, 1, 1, 2, 0, 0, 2, 3, 1, 1, 1, 1, 2, 1, 1, 0, 2, 1, 2, 0, 3, 0, 0, 1, 0, 2, 2, 0, 2, 1, 1, 0, 0, 1, 0, 0, 3, 1, 1, 1, 2, 2, 0, 0, 0, 1, 2, 0, 1, 2, 0, 0]","['0', '1', '2', '17', '5', '12', '11', '8', '4', '10', '7', '6', '16', '3', '87', '15', '14', '19', '30', '13', '28', '29', '9', '23', '22', '21', '37', '18', '26', '36', '38', '27', '35', '46', '43', '82', '45', '31', '34', '25', '40', '20', '44', '53', '55', '33', '50', '57', '42', '41', '24', '32', '51', '49', '58', '39', '48', '60', '62', '77', '59', '61', '54', '56', '63', '47', '64', '52', '67', '68', '65', '66', '69', '72', '73', '79', '80', '74', '71', '85', '70', '75', '81', '76', '78', '83', '84', '86', '88', '89']"
678,1185,1.4161936062145204,31966,1284,794,593.2080968031073,"[1, 0, 0, 0, 1, 0, 0, 1, 1, 0, 2, 1, 3, 1, 2, 1, 1, 2, 1, 1, 1, 2, 0, 1, 2, 2, 2, 0, 1, 1, 3, 0, 0, 3, 0, 2, 0, 1, 0, 1, 3, 0, 1, 1, 1, 2, 3, 0, 2, 0, 0, 1, 3, 3, 3, 0, 1, 3, 2, 2, 3, 3, 3, 0, 0, 1, 0, 1, 3, 2, 3, 2, 1, 3, 2, 0, 3, 0, 2, 2, 3, 3, 3, 3, 3, 3, 0, 3, 2, 0]","['0', '1', '3', '7', '8', '5', '11', '2', '16', '17', '10', '87', '12', '4', '6', '14', '15', '19', '30', '9', '25', '23', '26', '27', '13', '31', '29', '82', '40', '18', '24', '20', '32', '28', '21', '36', '34', '41', '22', '38', '39', '48', '77', '37', '35', '44', '43', '45', '53', '51', '59', '54', '60', '55', '50', '33', '58', '46', '49', '57', '56', '67', '70', '47', '52', '68', '61', '42', '63', '72', '64', '73', '62', '65', '79', '74', '66', '69', '71', '80', '85', '75', '76', '78', '83', '84', '81', '86', '88', '89']"
679,1492,1.7719714964370545,32786,1455,994,746.8859857482186,"[2, 2, 3, 1, 0, 1, 3, 1, 0, 0, 1, 0, 2, 0, 0, 0, 1, 2, 1, 1, 3, 3, 3, 2, 0, 2, 3, 0, 1, 2, 2, 1, 2, 2, 1, 1, 3, 0, 2, 0, 2, 0, 1, 0, 0, 3, 1, 3, 2, 0, 1, 0, 2, 0, 2, 3, 3, 1, 1, 0, 1, 3, 2, 3, 3, 2, 2, 0, 3, 0, 0, 0, 1, 0, 0, 3, 3, 2, 0, 2, 3, 3, 2, 0, 0, 0, 0, 0, 3, 2]","['0', '2', '17', '1', '3', '7', '8', '4', '5', '12', '11', '16', '10', '87', '6', '13', '15', '14', '28', '19', '29', '9', '18', '27', '30', '23', '82', '21', '34', '20', '22', '32', '41', '35', '37', '38', '25', '47', '45', '33', '43', '54', '44', '52', '24', '49', '36', '53', '46', '70', '42', '51', '59', '60', '48', '55', '26', '58', '62', '31', '39', '40', '50', '56', '77', '68', '67', '57', '61', '72', '74', '63', '73', '80', '85', '81', '64', '79', '65', '66', '69', '71', '75', '76', '78', '83', '84', '86', '88', '89']"
680,1490,1.7701217701217702,32964,1480,1013,745.8850608850609,"[1, 1, 1, 2, 3, 0, 1, 3, 2, 3, 0, 0, 0, 3, 0, 0, 3, 1, 3, 1, 1, 2, 2, 0, 0, 3, 1, 1, 2, 1, 2, 2, 0, 1, 2, 3, 0, 3, 0, 0, 2, 3, 0, 2, 2, 1, 0, 0, 1, 1, 3, 3, 2, 1, 2, 2, 2, 1, 1, 3, 0, 0, 2, 2, 2, 1, 0, 3, 1, 2, 2, 1, 3, 3, 1, 2, 3, 0, 3, 2, 0, 0, 3, 3, 1, 2, 2, 2, 2, 2]","['0', '2', '17', '1', '3', '4', '6', '7', '13', '15', '8', '16', '5', '12', '87', '10', '11', '14', '9', '19', '22', '29', '27', '18', '26', '30', '28', '20', '82', '25', '32', '24', '21', '31', '35', '44', '33', '43', '23', '45', '54', '38', '46', '37', '39', '40', '55', '50', '77', '53', '36', '49', '34', '70', '42', '57', '41', '48', '56', '47', '68', '72', '74', '51', '60', '73', '52', '80', '85', '81', '58', '62', '79', '61', '59', '63', '67', '64', '65', '66', '69', '71', '75', '76', '78', '83', '84', '86', '88', '89']"
681,1455,1.7326585293242036,32028,1588,1083,728.3663292646621,"[1, 0, 0, 1, 1, 3, 1, 3, 2, 3, 0, 2, 0, 3, 0, 3, 0, 0, 1, 0, 1, 3, 1, 1, 0, 3, 2, 2, 1, 2, 0, 3, 1, 0, 3, 2, 3, 2, 1, 0, 3, 2, 2, 3, 0, 1, 1, 3, 2, 0, 1, 3, 1, 2, 3, 0, 3, 0, 1, 3, 1, 3, 1, 1, 1, 3, 3, 2, 2, 0, 1, 3, 2, 0, 1, 3, 3, 3, 0, 0, 1, 0, 2, 1, 3, 1, 1, 3, 0, 1]","['0', '2', '17', '1', '8', '4', '5', '3', '7', '16', '12', '6', '9', '15', '11', '23', '25', '18', '10', '27', '14', '20', '26', '19', '30', '31', '29', '24', '21', '35', '40', '44', '45', '13', '50', '36', '54', '28', '46', '53', '82', '57', '34', '43', '39', '87', '22', '37', '55', '33', '32', '41', '42', '51', '60', '38', '48', '49', '59', '58', '61', '56', '47', '67', '70', '62', '63', '77', '64', '68', '72', '52', '73', '79', '74', '80', '81', '65', '85', '66', '69', '71', '75', '76', '78', '83', '84', '86', '88', '89']"
682,1658,1.960390186225244,33461,1546,1067,829.9801950931126,"[0, 1, 3, 2, 0, 3, 2, 2, 1, 1, 2, 3, 2, 3, 3, 3, 1, 1, 3, 1, 2, 3, 3, 2, 1, 2, 1, 0, 0, 1, 0, 2, 0, 0, 1, 2, 2, 2, 2, 0, 3, 3, 0, 1, 2, 0, 2, 0, 2, 0, 1, 3, 1, 3, 2, 1, 0, 2, 1, 2, 0, 2, 2, 3, 2, 1, 3, 0, 2, 3, 2, 1, 3, 3, 3, 2, 1, 2, 0, 3, 2, 3, 0, 2, 3, 0, 3, 1, 2, 3]","['0', '1', '3', '5', '7', '12', '8', '4', '10', '2', '11', '6', '13', '16', '15', '9', '21', '37', '22', '17', '87', '28', '19', '30', '23', '34', '14', '26', '18', '29', '25', '27', '31', '35', '44', '38', '82', '40', '36', '45', '53', '54', '20', '32', '55', '33', '24', '43', '49', '46', '42', '39', '41', '48', '70', '50', '77', '56', '51', '67', '60', '57', '58', '59', '68', '62', '61', '47', '63', '52', '72', '64', '74', '73', '79', '80', '65', '81', '66', '85', '69', '71', '75', '76', '78', '83', '84', '86', '88', '89']"
683,1369,1.6558814635621408,30978,1333,848,685.327940731781,"[1, 0, 0, 0, 3, 0, 0, 0, 0, 0, 3, 3, 3, 3, 1, 3, 0, 3, 3, 2, 3, 3, 0, 2, 3, 2, 3, 0, 1, 1, 2, 2, 1, 1, 1, 2, 1, 2, 1, 0, 1, 1, 2, 2, 0, 2, 3, 3, 2, 1, 3, 2, 2, 1, 1, 1, 3, 1, 1, 1, 2, 2, 0, 2, 0, 0, 3, 3, 1, 2, 1, 2, 1, 1, 1, 3, 1, 2, 2, 2, 2, 0, 2, 3, 3, 3, 0, 1, 1, 0]","['0', '2', '17', '1', '5', '11', '10', '3', '7', '8', '4', '16', '87', '6', '12', '13', '14', '9', '28', '18', '25', '27', '15', '20', '21', '37', '19', '33', '36', '34', '26', '23', '35', '32', '42', '30', '22', '43', '38', '29', '45', '53', '46', '82', '54', '31', '41', '49', '55', '40', '24', '39', '47', '51', '48', '70', '58', '44', '60', '62', '50', '57', '59', '77', '61', '52', '56', '67', '68', '72', '73', '74', '80', '79', '81', '63', '64', '65', '66', '69', '85', '71', '75', '76', '78', '83', '84', '86', '88', '89']"
684,1604,1.9549055453991468,31760,1552,1098,802.9774527726996,"[2, 0, 0, 3, 0, 3, 3, 0, 2, 0, 1, 0, 0, 3, 2, 0, 1, 0, 1, 3, 2, 1, 1, 1, 2, 3, 1, 1, 0, 1, 0, 0, 2, 1, 1, 0, 1, 0, 3, 1, 3, 0, 1, 3, 3, 3, 0, 1, 0, 0, 1, 0, 2, 3, 2, 0, 1, 1, 2, 0, 2, 2, 3, 1, 2, 0, 2, 0, 3, 2, 3, 2, 3, 1, 0, 2, 0, 1, 2, 1, 0, 1, 0, 2, 1, 1, 3, 3, 0, 3]","['0', '2', '17', '1', '8', '5', '4', '7', '16', '87', '11', '12', '6', '13', '15', '10', '9', '22', '18', '20', '26', '24', '19', '25', '30', '21', '3', '34', '37', '14', '33', '27', '28', '41', '29', '82', '47', '23', '48', '35', '45', '32', '46', '49', '31', '40', '36', '53', '54', '70', '44', '55', '42', '38', '39', '50', '77', '43', '57', '52', '56', '67', '51', '58', '60', '59', '68', '61', '72', '62', '74', '73', '80', '63', '81', '64', '79', '65', '66', '85', '69', '71', '75', '76', '78', '83', '84', '86', '88', '89']"
685,1424,1.6674473067915692,31403,1344,896,712.8337236533957,"[3, 0, 0, 0, 2, 0, 2, 0, 0, 0, 1, 1, 2, 1, 2, 1, 1, 2, 2, 1, 1, 3, 2, 0, 0, 1, 0, 1, 3, 0, 3, 3, 2, 2, 3, 3, 0, 0, 2, 1, 2, 1, 3, 0, 0, 0, 3, 3, 1, 3, 0, 0, 3, 0, 1, 0, 2, 0, 0, 3, 3, 0, 1, 2, 2, 1, 3, 1, 3, 0, 2, 2, 0, 1, 2, 0, 3, 0, 3, 3, 0, 1, 0, 1, 3, 1, 2, 2, 2, 1]","['0', '1', '3', '5', '8', '11', '10', '4', '12', '2', '6', '7', '9', '13', '18', '15', '28', '27', '17', '22', '14', '26', '19', '23', '25', '38', '16', '30', '29', '21', '36', '31', '24', '35', '46', '20', '37', '34', '40', '87', '50', '39', '43', '41', '33', '45', '54', '82', '57', '44', '32', '53', '55', '47', '49', '48', '77', '52', '70', '56', '51', '59', '42', '67', '68', '60', '72', '58', '62', '61', '74', '73', '63', '80', '64', '81', '85', '79', '65', '66', '69', '71', '75', '76', '78', '83', '84', '86', '88', '89']"
686,1584,1.8542581211589113,31948,1450,1019,792.9271290605794,"[2, 3, 3, 3, 1, 0, 3, 1, 0, 1, 3, 3, 1, 1, 1, 1, 2, 3, 3, 1, 2, 3, 2, 0, 1, 3, 3, 0, 0, 2, 0, 3, 3, 2, 2, 3, 0, 0, 3, 1, 0, 3, 3, 0, 2, 2, 2, 1, 0, 0, 1, 2, 2, 2, 0, 0, 3, 3, 2, 3, 0, 1, 0, 2, 0, 1, 2, 3, 3, 3, 3, 0, 0, 3, 2, 0, 0, 1, 1, 0, 0, 3, 0, 2, 1, 0, 0, 3, 0, 1]","['0', '1', '2', '3', '17', '4', '8', '6', '5', '9', '11', '22', '21', '18', '24', '10', '13', '27', '34', '28', '12', '35', '7', '46', '44', '26', '15', '25', '36', '19', '23', '38', '43', '45', '37', '20', '33', '53', '54', '55', '14', '32', '42', '29', '49', '16', '87', '82', '30', '70', '31', '39', '41', '48', '77', '51', '60', '47', '58', '62', '40', '52', '59', '50', '56', '68', '67', '72', '57', '61', '63', '64', '74', '65', '73', '80', '66', '69', '81', '85', '79', '71', '75', '76', '78', '83', '84', '86', '88', '89']"
687,1414,1.7077294685990339,32768,1596,1061,707.8538647342995,"[0, 1, 1, 0, 1, 3, 3, 1, 1, 2, 1, 0, 0, 2, 1, 2, 1, 1, 2, 3, 0, 0, 2, 1, 2, 0, 1, 3, 0, 1, 0, 3, 1, 3, 0, 2, 2, 3, 2, 2, 1, 1, 2, 2, 1, 0, 3, 2, 2, 0, 2, 2, 3, 3, 3, 2, 0, 3, 0, 0, 0, 0, 1, 3, 0, 3, 2, 1, 2, 1, 2, 2, 2, 3, 1, 1, 1, 0, 0, 3, 3, 1, 0, 3, 1, 0, 3, 2, 1, 0]","['0', '1', '7', '5', '8', '10', '12', '2', '11', '3', '17', '4', '16', '6', '9', '87', '23', '13', '21', '34', '25', '37', '22', '15', '28', '36', '26', '24', '38', '35', '14', '43', '18', '46', '27', '44', '19', '30', '31', '40', '39', '29', '50', '77', '57', '82', '45', '53', '55', '20', '54', '33', '41', '42', '48', '47', '56', '32', '52', '51', '68', '60', '49', '67', '61', '58', '72', '59', '62', '63', '70', '74', '73', '79', '80', '64', '81', '85', '65', '66', '69', '71', '75', '76', '78', '83', '84', '86', '88', '89']"
688,1547,1.8275251033668045,33151,1508,1034,774.4137625516834,"[3, 0, 3, 0, 2, 3, 1, 0, 2, 2, 1, 2, 2, 0, 1, 0, 1, 1, 2, 1, 2, 2, 3, 0, 2, 0, 0, 1, 3, 3, 0, 0, 2, 1, 0, 1, 3, 2, 0, 2, 2, 1, 0, 1, 3, 3, 2, 3, 3, 3, 1, 1, 0, 3, 1, 2, 1, 1, 3, 2, 3, 1, 3, 1, 1, 2, 2, 1, 2, 0, 0, 2, 0, 3, 3, 3, 3, 1, 1, 0, 1, 2, 0, 1, 0, 1, 0, 1, 2, 1]","['0', '2', '17', '1', '7', '5', '11', '3', '4', '10', '12', '8', '16', '87', '6', '15', '19', '13', '28', '14', '9', '27', '26', '22', '25', '30', '31', '24', '18', '20', '40', '29', '39', '32', '50', '82', '77', '21', '36', '35', '57', '37', '43', '45', '49', '53', '34', '33', '23', '42', '46', '38', '41', '51', '47', '58', '59', '70', '44', '54', '48', '60', '62', '56', '67', '68', '55', '72', '52', '61', '74', '73', '79', '80', '85', '81', '63', '64', '65', '66', '69', '71', '75', '76', '78', '83', '84', '86', '88', '89']"
689,1587,1.8714622641509433,33083,1380,903,794.4357311320755,"[0, 1, 2, 1, 0, 1, 2, 2, 0, 1, 1, 0, 1, 0, 0, 0, 3, 0, 1, 2, 3, 3, 3, 3, 1, 0, 3, 1, 2, 0, 3, 3, 2, 2, 0, 1, 2, 2, 1, 0, 0, 2, 1, 0, 1, 3, 0, 0, 0, 3, 3, 2, 2, 0, 1, 0, 0, 0, 1, 1, 3, 2, 1, 1, 2, 2, 2, 2, 1, 2, 1, 1, 3, 1, 0, 0, 0, 2, 1, 2, 3, 0, 3, 0, 0, 3, 0, 0, 1, 0]","['0', '1', '5', '7', '12', '3', '2', '17', '4', '8', '11', '6', '15', '14', '10', '13', '19', '30', '9', '24', '16', '22', '23', '87', '28', '29', '21', '26', '38', '27', '82', '25', '31', '39', '37', '18', '35', '43', '34', '45', '36', '40', '50', '57', '54', '20', '46', '41', '51', '48', '47', '32', '44', '59', '53', '60', '77', '55', '58', '62', '61', '56', '49', '70', '63', '33', '68', '42', '64', '52', '72', '74', '65', '66', '73', '80', '81', '79', '85', '67', '69', '71', '75', '76', '78', '83', '84', '86', '88', '89']"
690,1696,2.0130563798219585,32614,1441,1031,849.006528189911,"[1, 2, 1, 0, 1, 0, 3, 1, 3, 0, 2, 2, 2, 2, 1, 1, 1, 2, 3, 2, 1, 0, 1, 3, 1, 2, 2, 0, 3, 0, 1, 1, 3, 2, 2, 2, 2, 3, 3, 2, 3, 1, 0, 2, 3, 2, 0, 3, 3, 0, 1, 0, 0, 0, 1, 1, 2, 1, 2, 2, 0, 3, 1, 2, 2, 3, 2, 3, 3, 1, 0, 2, 2, 0, 2, 2, 2, 2, 1, 2, 3, 2, 1, 0, 1, 3, 2, 0, 3, 1]","['0', '1', '7', '2', '5', '10', '3', '8', '16', '12', '87', '11', '4', '6', '13', '14', '9', '22', '21', '34', '25', '36', '26', '17', '15', '28', '23', '38', '35', '44', '37', '43', '18', '27', '20', '19', '32', '46', '45', '55', '30', '31', '40', '33', '54', '41', '42', '51', '50', '24', '57', '39', '60', '58', '49', '77', '29', '70', '53', '62', '61', '59', '47', '63', '52', '48', '64', '56', '65', '66', '82', '68', '67', '72', '73', '74', '79', '80', '69', '71', '75', '85', '81', '76', '78', '83', '84', '86', '88', '89']"
691,1364,1.6028202115158636,30294,1459,925,682.8014101057579,"[0, 1, 0, 3, 3, 3, 3, 0, 2, 2, 0, 0, 0, 3, 1, 1, 1, 1, 2, 1, 2, 3, 3, 2, 1, 1, 1, 2, 0, 2, 0, 0, 1, 2, 0, 0, 2, 0, 1, 2, 3, 2, 0, 0, 1, 1, 3, 2, 3, 2, 2, 0, 0, 1, 0, 2, 0, 2, 0, 2, 3, 0, 0, 0, 1, 1, 3, 2, 1, 3, 0, 2, 3, 0, 1, 2, 3, 0, 3, 1, 2, 1, 3, 2, 1, 0, 1, 1, 3, 1]","['0', '2', '17', '1', '5', '7', '11', '8', '3', '12', '10', '4', '6', '14', '13', '16', '28', '87', '15', '19', '9', '30', '26', '18', '24', '20', '25', '23', '22', '21', '29', '34', '27', '41', '35', '45', '54', '43', '33', '53', '31', '82', '55', '38', '47', '44', '36', '46', '52', '48', '37', '32', '40', '39', '50', '77', '49', '42', '51', '57', '59', '58', '70', '56', '62', '67', '60', '61', '63', '64', '68', '65', '72', '73', '79', '80', '85', '81', '74', '66', '69', '71', '75', '76', '78', '83', '84', '86', '88', '89']"
692,1267,1.5343627005752347,31749,1428,990,634.2671813502876,"[2, 0, 0, 3, 1, 3, 2, 1, 0, 3, 0, 2, 0, 2, 3, 1, 0, 1, 3, 0, 0, 3, 3, 1, 0, 2, 1, 3, 2, 0, 2, 0, 0, 3, 0, 2, 2, 3, 0, 0, 2, 1, 3, 0, 1, 2, 0, 0, 3, 1, 2, 2, 2, 1, 1, 1, 1, 2, 2, 3, 3, 0, 2, 0, 0, 3, 1, 1, 2, 0, 3, 3, 3, 1, 3, 2, 2, 1, 3, 3, 2, 1, 1, 2, 1, 1, 2, 3, 1, 1]","['0', '2', '17', '1', '8', '5', '7', '16', '11', '3', '4', '12', '10', '6', '14', '9', '23', '25', '24', '27', '22', '38', '87', '15', '26', '21', '18', '13', '36', '20', '33', '37', '32', '34', '28', '19', '42', '49', '41', '48', '70', '35', '45', '47', '55', '30', '46', '53', '44', '29', '43', '31', '52', '54', '39', '77', '82', '40', '51', '60', '58', '50', '56', '59', '57', '62', '68', '61', '63', '64', '67', '65', '72', '74', '73', '79', '80', '85', '66', '81', '69', '71', '75', '76', '78', '83', '84', '86', '88', '89']"
693,1370,1.6471295461376616,32083,1399,1026,685.8235647730688,"[0, 3, 2, 2, 3, 2, 0, 3, 0, 2, 3, 1, 2, 1, 3, 1, 3, 0, 1, 3, 3, 0, 0, 0, 2, 3, 1, 1, 1, 1, 1, 1, 3, 0, 3, 0, 0, 0, 1, 3, 1, 3, 2, 0, 3, 0, 3, 2, 0, 2, 3, 2, 1, 3, 3, 0, 2, 3, 0, 3, 0, 2, 2, 3, 1, 2, 1, 1, 0, 3, 1, 2, 1, 0, 0, 3, 2, 3, 2, 0, 2, 1, 3, 2, 3, 0, 0, 3, 3, 1]","['0', '1', '4', '3', '8', '6', '15', '5', '13', '7', '10', '2', '16', '14', '17', '11', '12', '9', '26', '21', '34', '25', '36', '22', '28', '24', '19', '30', '37', '87', '18', '27', '23', '31', '39', '77', '20', '33', '41', '32', '40', '42', '38', '29', '35', '82', '49', '46', '44', '48', '45', '70', '43', '50', '47', '54', '51', '56', '67', '60', '55', '68', '53', '72', '58', '73', '52', '59', '79', '74', '57', '80', '81', '62', '61', '85', '63', '64', '65', '66', '69', '71', '75', '76', '78', '83', '84', '86', '88', '89']"
694,1408,1.654524089306698,33769,1465,1020,704.8272620446534,"[3, 1, 1, 2, 0, 0, 1, 2, 0, 3, 1, 1, 0, 0, 3, 3, 2, 1, 3, 1, 1, 0, 2, 2, 1, 1, 3, 3, 2, 3, 1, 0, 3, 3, 2, 0, 0, 3, 2, 0, 0, 1, 0, 2, 1, 0, 0, 1, 2, 1, 1, 1, 0, 3, 2, 0, 2, 1, 2, 1, 2, 3, 2, 0, 3, 1, 1, 2, 0, 0, 1, 0, 1, 0, 1, 2, 1, 0, 3, 1, 3, 3, 3, 0, 1, 0, 1, 2, 0, 0]","['0', '2', '1', '17', '7', '5', '4', '11', '8', '16', '3', '6', '14', '15', '12', '87', '10', '13', '9', '27', '24', '22', '19', '29', '25', '18', '23', '28', '21', '30', '38', '26', '37', '36', '34', '20', '33', '31', '39', '40', '35', '46', '77', '43', '41', '32', '45', '50', '53', '57', '49', '55', '54', '51', '44', '42', '58', '60', '47', '82', '61', '62', '70', '48', '56', '68', '72', '59', '52', '67', '74', '73', '80', '63', '85', '79', '81', '64', '65', '66', '69', '71', '75', '76', '78', '83', '84', '86', '88', '89']"
695,1366,1.6137034849379799,33608,1304,1007,683.806851742469,"[1, 2, 1, 3, 1, 1, 1, 3, 3, 0, 0, 1, 2, 2, 1, 3, 1, 0, 3, 2, 1, 3, 3, 3, 2, 3, 3, 3, 0, 2, 0, 2, 2, 0, 0, 0, 2, 2, 3, 0, 2, 2, 1, 0, 3, 1, 3, 0, 3, 2, 0, 0, 2, 0, 2, 2, 1, 3, 1, 2, 3, 1, 2, 0, 0, 2, 1, 2, 0, 3, 0, 0, 3, 0, 0, 2, 0, 3, 3, 1, 0, 3, 2, 2, 1, 0, 2, 1, 2, 2]","['0', '1', '7', '2', '17', '8', '5', '3', '4', '12', '11', '10', '16', '6', '13', '9', '22', '25', '14', '26', '24', '87', '27', '18', '23', '21', '34', '15', '19', '35', '28', '38', '43', '46', '29', '45', '55', '53', '37', '44', '20', '36', '32', '82', '30', '41', '51', '49', '54', '33', '42', '59', '58', '70', '31', '62', '47', '39', '77', '60', '40', '48', '52', '50', '57', '61', '56', '68', '67', '63', '64', '72', '74', '73', '79', '65', '80', '66', '69', '71', '75', '76', '85', '78', '83', '84', '81', '86', '88', '89']"
696,1540,1.861589604110003,32258,1493,1018,770.930794802055,"[1, 3, 0, 0, 1, 1, 0, 2, 3, 1, 3, 3, 1, 2, 3, 0, 2, 0, 0, 3, 1, 3, 1, 0, 0, 0, 3, 3, 2, 0, 1, 3, 3, 3, 2, 1, 1, 0, 3, 0, 3, 3, 3, 2, 0, 1, 1, 2, 1, 2, 1, 3, 1, 2, 3, 2, 1, 2, 0, 3, 2, 0, 2, 0, 2, 0, 1, 2, 0, 2, 1, 3, 0, 0, 1, 0, 3, 2, 0, 0, 1, 0, 3, 3, 3, 0, 2, 1, 3, 1]","['0', '1', '7', '4', '6', '5', '13', '15', '9', '23', '8', '14', '22', '25', '21', '37', '18', '11', '36', '38', '24', '34', '35', '20', '43', '44', '32', '33', '3', '41', '51', '49', '10', '45', '28', '47', '42', '53', '70', '54', '46', '48', '2', '52', '16', '60', '26', '59', '58', '62', '27', '55', '87', '12', '17', '19', '30', '31', '39', '40', '50', '56', '29', '68', '67', '77', '82', '72', '74', '57', '73', '80', '79', '61', '63', '64', '81', '65', '85', '66', '69', '71', '75', '76', '78', '83', '84', '86', '88', '89']"
697,1499,1.8011414839291078,31646,1238,870,750.4005707419645,"[0, 3, 2, 1, 1, 1, 0, 3, 0, 1, 0, 3, 0, 1, 1, 2, 3, 3, 1, 3, 2, 1, 0, 3, 2, 3, 3, 0, 0, 2, 0, 0, 3, 1, 3, 3, 3, 1, 0, 0, 0, 2, 3, 0, 3, 1, 1, 3, 2, 0, 1, 0, 2, 1, 3, 3, 3, 3, 0, 1, 3, 3, 0, 2, 0, 1, 0, 3, 0, 1, 0, 3, 1, 3, 1, 1, 0, 0, 2, 0, 1, 2, 0, 0, 2, 3, 3, 0, 0, 1]","['0', '2', '17', '1', '4', '7', '5', '10', '8', '16', '11', '6', '3', '14', '15', '87', '9', '12', '21', '27', '24', '37', '36', '35', '34', '25', '19', '18', '43', '13', '29', '22', '28', '45', '55', '53', '23', '20', '44', '41', '46', '48', '33', '47', '82', '26', '32', '30', '42', '31', '52', '40', '38', '50', '56', '51', '49', '59', '68', '60', '58', '62', '70', '54', '72', '74', '57', '61', '39', '73', '79', '67', '80', '63', '81', '64', '85', '77', '65', '66', '69', '71', '75', '76', '78', '83', '84', '86', '88', '89']"
698,1480,1.7852834740651387,32782,1357,948,740.8926417370326,"[1, 3, 2, 0, 0, 0, 1, 3, 1, 3, 0, 2, 2, 0, 3, 1, 0, 1, 1, 0, 1, 0, 1, 2, 3, 1, 1, 3, 0, 0, 0, 0, 2, 3, 1, 2, 3, 1, 1, 0, 2, 0, 2, 1, 2, 1, 0, 2, 0, 1, 0, 2, 3, 1, 1, 3, 2, 2, 1, 0, 1, 1, 2, 0, 1, 0, 2, 3, 0, 3, 3, 1, 2, 0, 0, 0, 3, 1, 0, 1, 2, 2, 3, 3, 3, 1, 1, 2, 3, 3]","['0', '2', '1', '17', '3', '8', '7', '16', '4', '87', '5', '6', '14', '13', '10', '11', '12', '28', '15', '9', '25', '23', '27', '19', '18', '22', '21', '30', '24', '20', '26', '38', '33', '29', '36', '32', '82', '42', '34', '41', '35', '44', '47', '37', '48', '52', '49', '31', '46', '45', '39', '40', '50', '70', '77', '43', '57', '53', '56', '67', '68', '51', '59', '54', '60', '72', '74', '73', '55', '80', '79', '58', '61', '81', '63', '62', '85', '64', '65', '66', '69', '71', '75', '76', '78', '83', '84', '86', '88', '89']"
699,1485,1.76,30983,1439,982,743.38,"[2, 0, 3, 0, 1, 2, 2, 2, 0, 3, 2, 3, 1, 3, 1, 1, 3, 3, 0, 1, 0, 3, 0, 0, 0, 0, 2, 3, 1, 1, 1, 3, 2, 3, 2, 3, 2, 0, 2, 0, 2, 2, 3, 3, 1, 2, 0, 3, 2, 0, 0, 3, 2, 0, 0, 1, 2, 1, 1, 1, 1, 2, 3, 1, 2, 1, 2, 2, 0, 3, 0, 0, 3, 3, 2, 0, 0, 0, 3, 3, 3, 1, 2, 0, 1, 0, 3, 2, 2, 1]","['0', '2', '1', '3', '8', '17', '5', '12', '7', '16', '11', '4', '6', '14', '87', '13', '9', '27', '22', '26', '10', '21', '28', '34', '36', '15', '24', '23', '35', '38', '46', '44', '19', '43', '29', '82', '30', '45', '54', '37', '53', '55', '31', '40', '25', '39', '77', '18', '20', '50', '32', '41', '47', '48', '51', '57', '58', '33', '62', '49', '60', '61', '59', '42', '70', '63', '56', '64', '65', '68', '67', '66', '72', '52', '74', '69', '71', '75', '76', '78', '73', '79', '83', '84', '80', '85', '86', '88', '81', '89']"
700,1433,1.7396054628224582,28387,1291,811,717.3698027314113,"[1, 1, 1, 1, 0, 0, 3, 2, 1, 2, 3, 2, 1, 3, 0, 2, 2, 1, 1, 1, 2, 2, 1, 3, 0, 0, 0, 0, 0, 1, 1, 2, 3, 3, 3, 0, 0, 3, 2, 1, 0, 3, 0, 1, 3, 0, 3, 3, 3, 1, 0, 3, 0, 3, 3, 2, 0, 3, 1, 0, 3, 1, 2, 3, 1, 1, 1, 1, 3, 3, 3, 3, 3, 1, 0, 0, 2, 3, 1, 0, 1, 3, 1, 3, 0, 3, 3, 2, 0, 3]","['0', '2', '1', '5', '12', '8', '3', '10', '7', '11', '4', '16', '87', '6', '9', '21', '34', '27', '15', '35', '26', '44', '23', '37', '14', '22', '24', '25', '46', '45', '43', '53', '36', '55', '18', '54', '17', '13', '19', '38', '28', '30', '20', '33', '29', '32', '41', '51', '47', '48', '31', '52', '59', '58', '49', '42', '62', '39', '60', '70', '82', '77', '40', '50', '56', '68', '72', '74', '67', '57', '61', '63', '64', '73', '79', '80', '65', '81', '66', '69', '71', '85', '75', '76', '78', '83', '84', '86', '88', '89']"
701,1595,1.9274924471299093,30778,1395,992,798.463746223565,"[1, 1, 2, 0, 0, 0, 1, 2, 3, 2, 3, 0, 1, 3, 0, 3, 3, 1, 0, 3, 0, 3, 0, 1, 1, 2, 3, 3, 0, 2, 3, 3, 0, 0, 0, 1, 2, 3, 2, 2, 1, 0, 3, 1, 2, 2, 1, 2, 0, 3, 3, 0, 1, 0, 0, 1, 1, 3, 3, 2, 0, 1, 2, 1, 0, 1, 1, 2, 3, 3, 3, 2, 2, 3, 0, 0, 0, 3, 1, 1, 2, 3, 3, 2, 3, 1, 3, 1, 3, 0]","['0', '1', '4', '6', '13', '5', '14', '9', '11', '7', '24', '15', '8', '12', '27', '2', '26', '23', '17', '3', '18', '25', '16', '19', '87', '29', '22', '38', '10', '21', '37', '82', '34', '28', '30', '36', '35', '31', '40', '39', '43', '50', '45', '57', '55', '20', '77', '46', '41', '48', '54', '56', '67', '68', '32', '53', '44', '49', '33', '47', '52', '42', '70', '72', '74', '73', '79', '80', '81', '85', '51', '59', '60', '61', '58', '62', '63', '64', '65', '66', '69', '71', '75', '76', '78', '83', '84', '86', '88', '89']"
702,1411,1.642129764329357,31107,1490,1114,706.3210648821647,"[1, 1, 1, 0, 3, 3, 2, 2, 0, 2, 3, 0, 3, 0, 2, 2, 2, 0, 3, 3, 0, 3, 1, 1, 1, 0, 1, 2, 1, 3, 3, 0, 0, 2, 3, 2, 1, 2, 2, 0, 3, 1, 2, 3, 1, 0, 2, 3, 0, 0, 3, 1, 0, 1, 1, 0, 2, 0, 3, 0, 0, 0, 1, 3, 0, 0, 0, 1, 2, 0, 3, 2, 3, 1, 1, 0, 2, 2, 0, 2, 0, 3, 1, 0, 2, 1, 3, 3, 2, 1]","['0', '1', '4', '5', '3', '6', '7', '8', '9', '26', '23', '15', '25', '21', '2', '13', '10', '22', '28', '27', '18', '17', '12', '24', '14', '34', '37', '38', '36', '19', '11', '20', '41', '48', '29', '30', '33', '16', '47', '31', '42', '39', '82', '77', '87', '40', '50', '35', '57', '32', '46', '56', '43', '68', '51', '49', '44', '52', '70', '67', '60', '59', '45', '72', '55', '53', '54', '74', '73', '80', '81', '58', '61', '79', '62', '63', '85', '64', '65', '66', '69', '71', '75', '76', '78', '83', '84', '86', '88', '89']"
703,1536,1.8145304193738925,33887,1481,961,768.9072652096869,"[3, 1, 1, 2, 0, 2, 2, 2, 3, 1, 3, 0, 2, 2, 0, 0, 1, 1, 1, 3, 2, 1, 1, 1, 2, 3, 3, 2, 1, 2, 1, 0, 2, 2, 1, 0, 0, 3, 3, 1, 3, 3, 3, 1, 3, 3, 0, 3, 2, 1, 2, 0, 1, 0, 2, 3, 2, 2, 0, 0, 3, 3, 3, 3, 1, 1, 2, 1, 1, 3, 0, 2, 3, 2, 2, 3, 2, 1, 3, 3, 2, 1, 3, 0, 3, 1, 2, 3, 0, 0]","['0', '1', '2', '4', '8', '6', '14', '5', '11', '3', '15', '12', '10', '17', '9', '13', '28', '18', '20', '33', '21', '26', '25', '7', '16', '19', '24', '37', '29', '82', '32', '27', '30', '34', '41', '47', '35', '87', '23', '43', '22', '45', '49', '48', '44', '54', '70', '31', '38', '46', '51', '53', '52', '59', '40', '36', '39', '55', '42', '77', '60', '50', '58', '56', '62', '68', '67', '72', '74', '57', '73', '80', '81', '61', '63', '79', '85', '64', '65', '66', '69', '71', '75', '76', '78', '83', '84', '86', '88', '89']"
704,1427,1.7434331093463653,30277,1477,1043,714.3717165546732,"[3, 0, 3, 1, 0, 2, 0, 1, 1, 3, 3, 3, 3, 0, 1, 0, 3, 3, 1, 3, 1, 0, 3, 2, 0, 2, 1, 3, 2, 3, 0, 0, 0, 0, 3, 1, 3, 2, 1, 3, 1, 3, 3, 1, 1, 1, 2, 3, 0, 1, 1, 3, 0, 2, 2, 2, 3, 3, 3, 3, 2, 0, 0, 1, 2, 2, 3, 1, 2, 2, 0, 2, 1, 1, 0, 1, 1, 0, 0, 1, 1, 0, 2, 3, 2, 3, 1, 3, 0, 1]","['0', '2', '1', '17', '5', '10', '3', '8', '4', '7', '11', '16', '12', '87', '6', '15', '14', '13', '28', '9', '18', '20', '23', '32', '21', '27', '25', '35', '45', '33', '46', '54', '19', '30', '36', '42', '43', '26', '31', '40', '50', '55', '53', '34', '57', '24', '44', '29', '37', '82', '49', '41', '22', '51', '59', '48', '56', '67', '38', '39', '60', '77', '47', '52', '61', '58', '63', '62', '70', '68', '72', '73', '80', '85', '64', '65', '81', '74', '66', '69', '79', '71', '75', '76', '78', '83', '84', '86', '88', '89']"
705,1557,1.8798671898581347,32012,1498,1043,779.439933594929,"[3, 2, 2, 3, 0, 0, 1, 3, 0, 2, 1, 1, 0, 3, 1, 3, 2, 2, 0, 3, 3, 0, 0, 1, 0, 3, 0, 1, 3, 1, 0, 0, 1, 3, 1, 1, 1, 3, 1, 3, 3, 3, 3, 3, 1, 2, 2, 2, 0, 0, 0, 3, 2, 1, 3, 3, 3, 0, 3, 0, 3, 1, 1, 3, 1, 2, 0, 1, 3, 1, 3, 0, 1, 3, 0, 2, 3, 1, 3, 3, 1, 0, 0, 0, 1, 2, 0, 3, 1, 1]","['0', '1', '2', '4', '6', '14', '17', '3', '5', '9', '26', '24', '22', '23', '10', '8', '11', '25', '12', '18', '20', '7', '21', '36', '27', '16', '37', '35', '46', '45', '87', '43', '32', '33', '15', '19', '44', '29', '13', '42', '49', '34', '53', '41', '54', '30', '70', '28', '47', '82', '55', '38', '52', '51', '31', '48', '60', '59', '40', '39', '50', '77', '57', '61', '63', '58', '64', '56', '68', '67', '72', '74', '73', '79', '80', '85', '81', '62', '65', '66', '69', '71', '75', '76', '78', '83', '84', '86', '88', '89']"
706,1376,1.6683843588966354,30322,1372,973,688.8341921794483,"[2, 2, 0, 3, 3, 1, 3, 0, 0, 2, 2, 3, 3, 3, 0, 1, 3, 3, 0, 1, 1, 1, 1, 2, 0, 3, 0, 3, 0, 2, 2, 1, 3, 3, 0, 0, 2, 1, 3, 0, 2, 0, 3, 3, 2, 0, 0, 3, 0, 0, 2, 0, 2, 2, 1, 0, 1, 3, 3, 2, 1, 2, 3, 0, 3, 1, 3, 0, 2, 1, 2, 0, 2, 0, 1, 1, 0, 0, 0, 2, 2, 2, 3, 0, 1, 0, 3, 2, 1, 2]","['0', '2', '17', '1', '4', '5', '6', '7', '8', '9', '27', '22', '18', '15', '25', '26', '11', '12', '3', '10', '20', '33', '19', '21', '36', '37', '42', '30', '35', '14', '45', '34', '31', '55', '53', '44', '54', '24', '32', '49', '46', '23', '41', '38', '40', '13', '48', '50', '70', '43', '51', '28', '29', '59', '57', '16', '87', '47', '52', '39', '60', '58', '77', '82', '62', '56', '61', '68', '67', '63', '72', '73', '74', '79', '80', '64', '81', '85', '65', '66', '69', '71', '75', '76', '78', '83', '84', '86', '88', '89']"
707,1551,1.836589698046181,31674,1347,934,776.4182948490231,"[2, 3, 2, 1, 3, 2, 0, 2, 3, 0, 3, 1, 2, 3, 0, 0, 1, 2, 3, 1, 1, 3, 1, 0, 2, 0, 2, 2, 0, 2, 1, 2, 1, 0, 3, 2, 0, 1, 3, 2, 2, 3, 3, 3, 2, 0, 1, 2, 3, 1, 2, 2, 2, 3, 3, 1, 2, 3, 2, 0, 1, 2, 2, 3, 2, 2, 1, 3, 2, 0, 3, 1, 3, 1, 1, 2, 1, 1, 0, 3, 1, 1, 0, 0, 2, 2, 3, 0, 2, 2]","['0', '1', '3', '2', '7', '8', '5', '4', '17', '10', '11', '12', '16', '6', '14', '9', '22', '13', '87', '27', '26', '23', '38', '21', '28', '18', '15', '35', '20', '33', '25', '44', '24', '43', '34', '36', '46', '37', '32', '49', '70', '42', '41', '19', '47', '29', '30', '31', '51', '52', '59', '39', '48', '60', '82', '40', '45', '55', '53', '54', '50', '77', '56', '57', '61', '67', '58', '62', '63', '68', '72', '74', '73', '64', '65', '80', '81', '85', '66', '69', '71', '75', '79', '76', '78', '83', '84', '86', '88', '89']"
708,1459,1.746259724715739,31375,1448,955,730.3731298623578,"[1, 3, 0, 1, 1, 2, 1, 0, 3, 2, 2, 2, 1, 1, 1, 3, 1, 1, 0, 1, 2, 1, 3, 1, 2, 2, 3, 2, 0, 2, 2, 2, 0, 0, 3, 1, 3, 0, 2, 1, 2, 2, 3, 2, 2, 2, 2, 0, 0, 0, 3, 0, 3, 1, 0, 1, 0, 2, 0, 1, 1, 0, 2, 0, 3, 2, 1, 3, 1, 3, 1, 0, 3, 1, 3, 3, 0, 1, 2, 1, 0, 0, 0, 2, 1, 1, 2, 2, 0, 1]","['0', '2', '17', '1', '7', '3', '8', '4', '5', '10', '11', '6', '9', '15', '14', '23', '27', '16', '12', '26', '25', '87', '21', '35', '37', '43', '24', '22', '44', '19', '18', '46', '45', '38', '20', '53', '33', '54', '13', '34', '29', '55', '82', '41', '51', '59', '47', '32', '58', '48', '60', '30', '31', '49', '62', '36', '52', '42', '28', '40', '39', '77', '50', '56', '68', '57', '72', '74', '61', '63', '70', '73', '79', '67', '64', '80', '81', '65', '85', '66', '69', '71', '75', '76', '78', '83', '84', '86', '88', '89']"
709,1730,2.05402196497477,33180,1517,1033,866.0270109824874,"[1, 0, 3, 1, 2, 1, 1, 3, 2, 1, 2, 2, 0, 1, 3, 1, 2, 3, 3, 3, 3, 0, 1, 0, 3, 2, 1, 1, 1, 1, 2, 0, 1, 0, 1, 3, 1, 1, 2, 2, 1, 0, 3, 1, 3, 1, 2, 2, 3, 2, 3, 0, 3, 0, 0, 1, 2, 1, 3, 3, 3, 3, 3, 0, 1, 3, 3, 0, 1, 0, 1, 2, 1, 3, 0, 3, 3, 1, 1, 0, 1, 0, 1, 0, 2, 3, 1, 2, 2, 2]","['0', '2', '1', '4', '7', '6', '8', '3', '14', '13', '5', '16', '10', '12', '9', '11', '26', '22', '17', '27', '24', '23', '87', '18', '25', '38', '15', '21', '34', '20', '19', '29', '30', '35', '32', '45', '44', '41', '55', '43', '51', '46', '48', '36', '54', '28', '33', '59', '82', '37', '31', '40', '50', '60', '42', '39', '47', '53', '58', '77', '62', '52', '57', '49', '56', '70', '68', '67', '61', '72', '74', '73', '79', '80', '85', '63', '64', '65', '81', '66', '69', '71', '75', '76', '78', '83', '84', '86', '88', '89']"
710,1640,1.9848714069591529,32475,1559,1190,820.9924357034796,"[2, 0, 3, 1, 3, 3, 3, 3, 1, 1, 1, 1, 3, 3, 0, 0, 2, 2, 0, 1, 2, 1, 3, 1, 1, 2, 1, 3, 2, 1, 3, 2, 0, 0, 2, 3, 0, 0, 2, 0, 0, 2, 1, 0, 1, 1, 3, 0, 0, 1, 3, 1, 1, 2, 2, 3, 2, 2, 2, 1, 2, 3, 2, 2, 3, 3, 3, 0, 3, 2, 2, 1, 0, 0, 3, 2, 2, 2, 1, 3, 2, 1, 2, 0, 2, 1, 2, 3, 0, 3]","['0', '1', '5', '7', '8', '11', '4', '10', '2', '12', '3', '6', '15', '13', '16', '17', '28', '87', '9', '23', '27', '25', '18', '19', '30', '20', '22', '33', '38', '32', '24', '21', '35', '43', '46', '26', '36', '34', '41', '14', '45', '42', '29', '31', '40', '51', '39', '59', '77', '55', '58', '50', '37', '49', '53', '60', '82', '44', '62', '57', '48', '47', '52', '56', '70', '54', '67', '68', '72', '73', '74', '79', '61', '80', '63', '81', '64', '85', '65', '66', '69', '71', '75', '76', '78', '83', '84', '86', '88', '89']"
711,1292,1.6024806201550388,29322,1325,947,646.8012403100776,"[2, 3, 1, 0, 3, 3, 0, 0, 2, 0, 0, 2, 1, 0, 3, 1, 0, 1, 2, 3, 0, 3, 3, 0, 0, 2, 1, 3, 1, 3, 1, 1, 0, 1, 2, 1, 2, 1, 1, 0, 3, 0, 1, 3, 3, 3, 0, 3, 2, 2, 0, 2, 2, 3, 3, 2, 1, 2, 2, 3, 0, 3, 2, 3, 3, 1, 1, 0, 1, 2, 3, 3, 3, 1, 1, 3, 1, 3, 3, 2, 1, 1, 0, 0, 0, 2, 3, 1, 3, 2]","['0', '1', '8', '4', '5', '12', '10', '7', '11', '2', '3', '17', '16', '6', '9', '21', '22', '34', '18', '24', '27', '20', '14', '32', '15', '25', '37', '41', '47', '13', '36', '23', '35', '46', '28', '26', '33', '87', '44', '43', '52', '19', '29', '51', '48', '45', '54', '30', '59', '55', '58', '31', '60', '82', '49', '39', '42', '77', '70', '53', '38', '40', '62', '50', '57', '56', '61', '67', '68', '63', '72', '74', '64', '65', '73', '66', '80', '79', '81', '69', '71', '85', '75', '76', '78', '83', '84', '86', '88', '89']"
712,1594,1.8670571010248902,32161,1506,989,797.9335285505124,"[3, 0, 0, 0, 0, 1, 3, 3, 2, 3, 0, 3, 1, 1, 3, 0, 2, 3, 3, 2, 2, 2, 2, 1, 0, 3, 1, 1, 3, 3, 2, 3, 1, 1, 2, 3, 1, 0, 2, 2, 3, 3, 3, 1, 3, 2, 1, 0, 2, 3, 3, 0, 0, 1, 1, 1, 2, 1, 3, 3, 3, 1, 1, 2, 2, 3, 1, 3, 1, 0, 1, 0, 3, 1, 3, 3, 2, 2, 3, 3, 2, 0, 2, 0, 0, 1, 1, 2, 0, 3]","['0', '2', '17', '1', '5', '7', '3', '4', '6', '11', '8', '16', '12', '87', '15', '13', '19', '10', '30', '9', '23', '21', '34', '28', '36', '37', '35', '45', '25', '54', '44', '22', '53', '38', '18', '20', '41', '26', '32', '33', '27', '48', '31', '43', '51', '59', '47', '24', '55', '49', '42', '46', '70', '40', '52', '50', '39', '14', '58', '56', '60', '29', '68', '67', '57', '77', '72', '82', '62', '73', '61', '79', '74', '63', '80', '85', '81', '64', '65', '66', '69', '71', '75', '76', '78', '83', '84', '86', '88', '89']"
713,1346,1.606684571769621,29277,1309,912,673.8033422858848,"[3, 3, 3, 3, 1, 2, 1, 3, 0, 1, 3, 0, 3, 0, 3, 2, 1, 2, 3, 1, 2, 1, 1, 1, 0, 1, 2, 2, 3, 0, 0, 0, 3, 3, 1, 0, 3, 2, 2, 0, 0, 3, 3, 0, 0, 0, 2, 1, 1, 3, 3, 1, 1, 1, 3, 1, 1, 1, 2, 2, 3, 2, 0, 1, 3, 2, 3, 1, 2, 2, 0, 0, 2, 0, 1, 1, 2, 1, 2, 3, 0, 1, 0, 1, 0, 0, 2, 2, 1, 1]","['0', '1', '3', '2', '8', '7', '5', '12', '10', '4', '6', '9', '17', '24', '25', '26', '15', '14', '18', '27', '23', '16', '11', '22', '21', '37', '38', '20', '19', '87', '30', '29', '36', '33', '35', '34', '45', '54', '82', '32', '42', '46', '55', '31', '53', '41', '48', '43', '40', '49', '70', '44', '39', '47', '13', '52', '51', '59', '60', '28', '58', '50', '56', '62', '57', '61', '67', '68', '63', '77', '64', '72', '73', '65', '79', '66', '80', '74', '85', '69', '71', '81', '75', '76', '78', '83', '84', '86', '88', '89']"
714,1305,1.552185548617306,32809,1575,1124,653.2760927743086,"[1, 0, 2, 1, 1, 0, 0, 2, 3, 0, 2, 3, 2, 1, 0, 3, 3, 2, 2, 0, 3, 3, 1, 2, 0, 3, 0, 3, 1, 1, 3, 0, 1, 2, 3, 1, 2, 0, 2, 3, 1, 3, 1, 1, 1, 1, 2, 2, 2, 0, 1, 0, 2, 2, 0, 2, 2, 1, 3, 3, 0, 1, 0, 0, 1, 3, 3, 2, 3, 3, 1, 2, 3, 1, 0, 0, 2, 3, 1, 0, 3, 3, 2, 1, 3, 3, 0, 2, 1, 0]","['0', '1', '4', '3', '5', '11', '8', '12', '6', '10', '9', '7', '21', '35', '46', '23', '18', '26', '25', '14', '43', '15', '44', '20', '27', '2', '13', '45', '24', '36', '37', '54', '34', '17', '22', '19', '33', '32', '16', '38', '41', '49', '29', '53', '48', '87', '82', '55', '30', '51', '47', '59', '60', '52', '70', '58', '28', '42', '62', '31', '39', '40', '50', '57', '61', '77', '63', '56', '67', '64', '65', '66', '68', '72', '69', '74', '73', '80', '85', '79', '81', '71', '75', '76', '78', '83', '84', '86', '88', '89']"
715,1407,1.6700296735905045,31176,1408,924,704.3350148367953,"[0, 1, 1, 2, 1, 1, 0, 1, 3, 0, 1, 1, 3, 1, 0, 3, 2, 0, 0, 0, 2, 3, 3, 0, 3, 3, 1, 2, 1, 1, 2, 0, 3, 3, 3, 0, 1, 0, 0, 1, 2, 2, 1, 0, 2, 2, 1, 2, 2, 3, 0, 0, 1, 1, 0, 0, 0, 0, 1, 0, 0, 0, 2, 2, 1, 3, 3, 0, 2, 3, 2, 0, 3, 3, 1, 0, 1, 0, 1, 1, 3, 2, 2, 2, 1, 0, 1, 2, 0, 3]","['0', '2', '1', '17', '7', '5', '8', '10', '3', '12', '4', '11', '16', '87', '6', '13', '28', '15', '14', '19', '29', '30', '82', '9', '18', '21', '20', '22', '32', '26', '37', '33', '36', '27', '25', '35', '24', '42', '46', '49', '31', '43', '70', '44', '23', '45', '38', '54', '39', '40', '77', '53', '55', '50', '34', '57', '41', '47', '51', '60', '59', '52', '48', '58', '62', '61', '63', '64', '56', '65', '68', '66', '67', '72', '69', '73', '74', '80', '79', '71', '81', '75', '76', '85', '78', '83', '84', '86', '88', '89']"
716,1292,1.5547533092659447,32018,1447,1021,646.7773766546329,"[1, 1, 3, 1, 2, 0, 1, 2, 0, 0, 2, 3, 0, 2, 1, 0, 1, 2, 3, 0, 3, 0, 0, 3, 0, 3, 1, 2, 2, 2, 3, 1, 0, 3, 3, 1, 0, 1, 0, 3, 2, 1, 2, 2, 1, 0, 2, 1, 3, 0, 1, 3, 1, 2, 1, 3, 1, 3, 2, 2, 2, 3, 3, 1, 0, 1, 1, 1, 3, 3, 0, 3, 3, 0, 1, 0, 2, 2, 2, 1, 0, 3, 0, 1, 3, 3, 1, 2, 2, 1]","['0', '2', '17', '1', '4', '3', '8', '6', '14', '15', '7', '16', '13', '87', '5', '12', '11', '9', '25', '23', '24', '26', '22', '19', '29', '82', '38', '18', '27', '10', '28', '30', '20', '33', '32', '31', '39', '40', '21', '37', '36', '35', '45', '50', '44', '49', '70', '42', '57', '34', '46', '53', '41', '77', '47', '43', '51', '52', '54', '60', '58', '55', '62', '48', '61', '59', '63', '56', '67', '68', '64', '65', '66', '72', '74', '73', '80', '69', '79', '81', '71', '75', '85', '76', '78', '83', '84', '86', '88', '89']"
717,1414,1.6054499006528526,34317,1437,1027,707.8027249503265,"[2, 1, 2, 1, 0, 3, 1, 2, 2, 3, 3, 1, 2, 1, 2, 3, 2, 1, 0, 0, 0, 3, 1, 1, 3, 0, 3, 0, 3, 3, 0, 3, 3, 2, 0, 0, 3, 1, 1, 1, 1, 3, 0, 2, 0, 2, 3, 2, 3, 0, 3, 0, 3, 0, 2, 2, 0, 1, 3, 1, 3, 1, 1, 3, 2, 3, 0, 3, 1, 2, 3, 3, 2, 0, 1, 3, 0, 2, 1, 1, 3, 1, 0, 2, 0, 0, 2, 1, 1, 3]","['0', '1', '7', '8', '3', '4', '5', '10', '6', '12', '11', '13', '15', '14', '28', '2', '16', '17', '87', '19', '9', '26', '21', '24', '36', '23', '27', '37', '22', '29', '25', '38', '35', '82', '34', '45', '44', '18', '55', '30', '31', '20', '39', '33', '77', '32', '40', '54', '49', '50', '46', '57', '41', '43', '53', '51', '59', '70', '60', '61', '48', '63', '47', '64', '56', '68', '67', '52', '58', '62', '65', '72', '74', '66', '69', '71', '42', '75', '76', '78', '73', '80', '85', '81', '79', '83', '84', '86', '88', '89']"
718,1438,1.7435586541376176,31425,1422,934,719.8717793270688,"[1, 2, 1, 1, 0, 1, 3, 2, 1, 2, 1, 0, 2, 3, 0, 2, 0, 0, 0, 3, 2, 1, 1, 1, 2, 0, 3, 0, 3, 1, 2, 2, 0, 3, 3, 3, 2, 0, 1, 0, 0, 1, 0, 0, 0, 3, 2, 1, 0, 1, 1, 1, 1, 3, 0, 2, 2, 1, 0, 2, 0, 0, 2, 2, 0, 3, 2, 3, 3, 3, 3, 1, 1, 3, 0, 1, 1, 1, 0, 0, 1, 3, 1, 1, 1, 3, 0, 0, 3, 1]","['0', '1', '4', '3', '6', '14', '8', '13', '2', '5', '12', '9', '22', '15', '7', '11', '10', '17', '26', '25', '18', '24', '20', '16', '27', '21', '32', '37', '36', '34', '19', '49', '28', '41', '33', '48', '47', '42', '23', '30', '29', '70', '38', '87', '35', '31', '39', '44', '45', '46', '54', '40', '82', '55', '52', '43', '53', '50', '57', '51', '58', '60', '77', '59', '56', '68', '62', '67', '61', '63', '72', '64', '73', '74', '79', '80', '81', '65', '66', '69', '85', '71', '75', '76', '78', '83', '84', '86', '88', '89']"
719,1568,1.8339181286549708,32223,1383,951,784.9169590643274,"[3, 1, 1, 3, 1, 2, 2, 3, 1, 0, 2, 1, 1, 2, 1, 3, 3, 3, 3, 2, 0, 0, 0, 2, 2, 0, 2, 0, 1, 2, 2, 1, 0, 2, 2, 2, 2, 3, 1, 1, 0, 0, 2, 0, 3, 2, 2, 1, 1, 2, 1, 1, 1, 0, 0, 3, 1, 1, 3, 0, 2, 2, 1, 1, 3, 3, 1, 2, 2, 0, 2, 0, 1, 2, 0, 2, 3, 2, 3, 3, 0, 1, 2, 2, 2, 0, 1, 0, 2, 2]","['0', '1', '4', '8', '6', '15', '2', '14', '17', '13', '5', '3', '10', '12', '11', '9', '22', '18', '28', '19', '24', '20', '23', '27', '29', '21', '25', '32', '36', '30', '26', '31', '38', '40', '50', '82', '34', '33', '35', '45', '39', '43', '46', '37', '49', '54', '57', '70', '42', '7', '53', '16', '55', '41', '48', '44', '56', '77', '51', '60', '47', '68', '61', '52', '67', '58', '59', '87', '62', '63', '64', '65', '66', '72', '73', '80', '74', '85', '79', '81', '69', '71', '75', '76', '78', '83', '84', '86', '88', '89']"
720,1243,1.4810843014596367,30975,1226,837,622.2405421507298,"[0, 0, 0, 2, 0, 1, 2, 0, 1, 0, 1, 3, 0, 0, 1, 1, 1, 1, 2, 3, 3, 0, 0, 0, 0, 3, 2, 2, 2, 2, 2, 1, 3, 3, 1, 3, 0, 2, 2, 2, 0, 2, 3, 3, 0, 0, 3, 2, 3, 0, 1, 2, 2, 1, 2, 0, 0, 2, 1, 2, 2, 2, 3, 1, 2, 3, 1, 3, 0, 3, 1, 3, 2, 1, 3, 3, 3, 2, 0, 3, 1, 2, 1, 3, 0, 1, 1, 3, 2, 1]","['0', '2', '17', '1', '3', '8', '4', '7', '5', '6', '13', '16', '87', '12', '10', '14', '11', '28', '15', '9', '18', '25', '19', '21', '35', '24', '34', '43', '27', '22', '23', '20', '37', '41', '26', '51', '48', '38', '45', '55', '30', '59', '54', '44', '60', '46', '58', '29', '47', '32', '52', '36', '82', '33', '42', '49', '70', '31', '39', '53', '40', '50', '62', '77', '57', '61', '63', '64', '56', '68', '67', '65', '72', '74', '66', '69', '73', '80', '81', '85', '71', '79', '75', '76', '78', '83', '84', '86', '88', '89']"
721,1774,2.0876728449543984,34482,1488,1063,888.0438364224772,"[0, 2, 3, 1, 3, 2, 1, 0, 2, 3, 2, 1, 3, 2, 3, 0, 2, 0, 2, 2, 1, 3, 2, 2, 2, 2, 3, 1, 0, 2, 3, 0, 3, 2, 2, 0, 3, 2, 0, 0, 3, 0, 0, 1, 3, 1, 2, 3, 3, 1, 2, 3, 0, 1, 3, 3, 2, 2, 1, 1, 0, 1, 1, 2, 1, 2, 0, 3, 2, 2, 3, 1, 0, 0, 0, 1, 2, 2, 0, 2, 3, 3, 0, 2, 0, 2, 3, 2, 3, 2]","['0', '2', '17', '1', '5', '10', '3', '12', '7', '4', '6', '15', '13', '28', '8', '14', '11', '16', '9', '23', '18', '25', '27', '20', '87', '32', '24', '26', '21', '33', '19', '37', '49', '36', '22', '35', '29', '44', '70', '42', '82', '45', '30', '55', '53', '43', '54', '31', '40', '39', '34', '50', '57', '41', '48', '38', '77', '46', '51', '56', '58', '68', '62', '47', '72', '73', '52', '79', '59', '67', '80', '85', '74', '60', '81', '61', '63', '64', '65', '66', '69', '71', '75', '76', '78', '83', '84', '86', '88', '89']"
722,1286,1.5245998814463544,31545,1297,920,643.7622999407232,"[1, 3, 0, 3, 0, 3, 2, 2, 1, 0, 1, 3, 2, 2, 1, 1, 2, 1, 0, 2, 1, 0, 3, 3, 1, 0, 3, 2, 1, 2, 1, 2, 1, 3, 1, 0, 3, 1, 1, 3, 2, 0, 1, 0, 1, 2, 3, 0, 3, 3, 1, 0, 0, 3, 3, 0, 0, 3, 2, 2, 2, 0, 2, 2, 2, 2, 2, 1, 0, 1, 1, 1, 0, 1, 3, 2, 1, 3, 2, 1, 1, 0, 1, 0, 0, 1, 2, 0, 1, 2]","['0', '2', '17', '1', '7', '3', '5', '8', '16', '10', '87', '4', '6', '13', '9', '23', '15', '22', '28', '26', '25', '12', '19', '11', '24', '38', '21', '37', '14', '30', '18', '35', '45', '36', '55', '46', '29', '20', '44', '34', '41', '53', '33', '82', '42', '47', '52', '54', '48', '32', '43', '27', '51', '59', '58', '62', '49', '60', '70', '31', '39', '77', '40', '50', '57', '61', '63', '64', '65', '66', '56', '67', '68', '69', '71', '72', '75', '74', '76', '73', '80', '78', '79', '81', '85', '83', '84', '86', '88', '89']"
723,1619,1.921091664194601,32737,1535,1080,810.4605458320973,"[2, 0, 2, 1, 3, 2, 1, 1, 3, 1, 1, 1, 0, 2, 0, 3, 3, 1, 2, 3, 0, 2, 3, 3, 1, 0, 1, 3, 2, 3, 1, 1, 1, 2, 3, 1, 1, 0, 3, 0, 1, 1, 0, 0, 2, 3, 0, 0, 0, 1, 1, 2, 0, 3, 1, 3, 1, 2, 0, 0, 1, 2, 3, 2, 3, 1, 1, 2, 1, 2, 3, 3, 0, 2, 3, 3, 0, 1, 1, 0, 2, 1, 2, 0, 1, 0, 3, 1, 0, 3]","['0', '1', '3', '5', '12', '7', '10', '8', '11', '2', '17', '4', '16', '6', '14', '15', '87', '13', '28', '19', '9', '24', '25', '18', '27', '23', '22', '21', '38', '34', '26', '29', '37', '36', '30', '82', '35', '45', '31', '44', '39', '20', '77', '55', '40', '46', '33', '32', '43', '42', '41', '54', '49', '53', '48', '47', '51', '70', '50', '56', '58', '57', '52', '59', '67', '62', '68', '72', '74', '73', '80', '60', '79', '81', '85', '61', '63', '64', '65', '66', '69', '71', '75', '76', '78', '83', '84', '86', '88', '89']"
724,1699,2.0725831046050627,28824,1346,933,850.5362915523025,"[3, 3, 3, 0, 0, 0, 1, 3, 3, 3, 2, 1, 3, 1, 2, 0, 0, 1, 2, 1, 1, 1, 1, 0, 2, 2, 3, 0, 2, 0, 2, 3, 3, 3, 2, 2, 3, 1, 2, 2, 3, 3, 2, 1, 1, 2, 1, 2, 1, 0, 2, 2, 0, 1, 3, 2, 1, 2, 2, 2, 3, 0, 1, 2, 1, 1, 1, 2, 0, 1, 3, 1, 2, 3, 3, 0, 3, 3, 3, 1, 2, 1, 2, 2, 0, 2, 0, 2, 3, 0]","['0', '1', '2', '17', '8', '5', '10', '7', '16', '3', '12', '11', '4', '6', '14', '15', '13', '19', '87', '29', '82', '28', '9', '22', '21', '24', '30', '25', '34', '35', '37', '43', '26', '18', '27', '20', '33', '32', '41', '23', '38', '47', '48', '51', '59', '58', '49', '70', '60', '44', '36', '46', '45', '31', '39', '53', '62', '55', '40', '42', '50', '54', '57', '56', '67', '52', '68', '61', '72', '74', '73', '79', '80', '77', '85', '81', '63', '64', '65', '66', '69', '71', '75', '76', '78', '83', '84', '86', '88', '89']"
725,1380,1.6418798334324807,33032,1390,970,690.8209399167163,"[1, 2, 0, 2, 2, 1, 3, 0, 2, 3, 3, 2, 2, 3, 0, 0, 2, 0, 0, 0, 0, 3, 3, 3, 1, 1, 1, 3, 1, 3, 1, 1, 0, 2, 2, 2, 0, 1, 3, 2, 1, 3, 3, 2, 0, 1, 3, 0, 3, 0, 3, 0, 2, 0, 1, 2, 2, 2, 3, 1, 3, 1, 1, 0, 3, 1, 2, 0, 1, 1, 2, 0, 0, 0, 2, 0, 1, 0, 0, 2, 1, 3, 3, 1, 1, 1, 0, 0, 3, 3]","['0', '1', '7', '3', '4', '8', '5', '10', '6', '9', '12', '27', '24', '22', '14', '25', '13', '18', '21', '2', '23', '34', '36', '15', '16', '38', '11', '35', '44', '17', '87', '37', '26', '43', '20', '32', '49', '33', '45', '28', '46', '70', '53', '55', '41', '54', '42', '48', '47', '19', '29', '51', '82', '60', '30', '59', '58', '62', '52', '31', '39', '77', '40', '50', '57', '61', '63', '56', '64', '65', '66', '68', '67', '72', '69', '71', '75', '74', '76', '78', '73', '80', '79', '81', '85', '83', '84', '86', '88', '89']"
726,1297,1.5850901313779406,31807,1446,1050,649.292545065689,"[3, 2, 0, 2, 3, 1, 0, 1, 0, 1, 0, 0, 1, 3, 0, 1, 1, 0, 0, 0, 0, 3, 1, 2, 3, 2, 2, 0, 0, 3, 0, 2, 1, 1, 0, 0, 2, 3, 1, 3, 3, 1, 2, 0, 3, 3, 1, 2, 3, 1, 0, 1, 0, 3, 2, 2, 1, 3, 2, 2, 0, 2, 1, 3, 1, 1, 2, 1, 0, 3, 0, 2, 1, 1, 1, 1, 3, 1, 1, 3, 3, 2, 1, 0, 0, 0, 2, 2, 2, 2]","['0', '2', '1', '3', '7', '8', '16', '4', '17', '5', '12', '6', '15', '9', '87', '24', '14', '26', '13', '11', '27', '25', '21', '36', '37', '19', '29', '30', '82', '10', '22', '18', '23', '20', '31', '40', '35', '50', '33', '34', '39', '42', '77', '46', '32', '43', '41', '28', '45', '55', '57', '38', '54', '49', '51', '59', '70', '48', '60', '61', '58', '53', '63', '44', '56', '64', '47', '68', '72', '73', '79', '62', '65', '66', '52', '74', '67', '80', '85', '81', '69', '71', '75', '76', '78', '83', '84', '86', '88', '89']"
727,1448,1.7005284791544333,34635,1539,1077,724.8502642395772,"[3, 1, 1, 0, 0, 3, 2, 0, 3, 0, 1, 0, 3, 2, 0, 1, 0, 3, 2, 2, 0, 3, 1, 1, 3, 1, 2, 2, 2, 0, 3, 3, 3, 0, 2, 3, 1, 1, 3, 2, 2, 2, 0, 0, 0, 3, 2, 3, 0, 0, 3, 2, 3, 3, 1, 1, 3, 0, 3, 1, 0, 2, 3, 3, 2, 3, 1, 3, 0, 3, 2, 2, 0, 3, 0, 2, 0, 0, 1, 3, 1, 2, 3, 3, 0, 1, 3, 2, 3, 2]","['0', '1', '5', '10', '8', '4', '11', '7', '2', '12', '3', '16', '17', '6', '9', '13', '87', '28', '23', '21', '22', '35', '27', '36', '14', '26', '45', '54', '55', '53', '34', '37', '15', '25', '43', '18', '19', '24', '29', '44', '20', '38', '46', '33', '32', '42', '82', '30', '49', '31', '39', '41', '40', '47', '51', '48', '58', '60', '77', '59', '50', '56', '68', '62', '70', '67', '72', '74', '73', '80', '85', '81', '52', '57', '61', '63', '79', '64', '65', '66', '69', '71', '75', '76', '78', '83', '84', '86', '88', '89']"
728,1537,1.8675577156743621,31537,1306,1008,769.4337788578372,"[2, 1, 3, 0, 1, 0, 3, 1, 2, 3, 0, 2, 3, 2, 0, 3, 1, 1, 1, 3, 2, 0, 3, 3, 1, 1, 1, 0, 1, 2, 3, 0, 1, 3, 2, 0, 1, 0, 1, 1, 0, 3, 1, 3, 3, 3, 1, 0, 3, 0, 0, 3, 3, 2, 3, 0, 3, 0, 2, 3, 3, 2, 0, 1, 0, 1, 3, 1, 3, 2, 0, 3, 2, 0, 1, 3, 3, 0, 0, 0, 2, 0, 1, 0, 3, 1, 0, 0, 1, 2]","['0', '2', '17', '1', '3', '7', '5', '12', '11', '8', '16', '10', '87', '4', '6', '13', '9', '21', '37', '27', '26', '24', '14', '22', '28', '23', '18', '38', '36', '35', '15', '44', '19', '20', '25', '29', '43', '45', '32', '30', '33', '54', '42', '53', '55', '31', '34', '82', '46', '40', '39', '41', '48', '49', '77', '51', '58', '47', '50', '62', '52', '57', '70', '59', '60', '61', '56', '68', '63', '64', '72', '74', '65', '73', '79', '66', '80', '81', '67', '85', '69', '71', '75', '76', '78', '83', '84', '86', '88', '89']"
729,1377,1.6422182468694098,31021,1399,976,689.3211091234347,"[1, 1, 2, 1, 1, 1, 1, 0, 3, 0, 1, 2, 3, 3, 0, 1, 1, 1, 2, 2, 1, 0, 3, 0, 2, 0, 0, 2, 3, 3, 1, 3, 2, 3, 1, 0, 2, 0, 0, 1, 3, 0, 1, 2, 3, 2, 0, 0, 3, 2, 1, 2, 0, 3, 0, 1, 0, 0, 0, 0, 1, 0, 3, 3, 1, 3, 1, 3, 1, 3, 1, 0, 3, 1, 2, 3, 2, 2, 1, 2, 1, 2, 2, 1, 1, 0, 1, 2, 0, 2]","['0', '2', '1', '5', '3', '8', '17', '10', '12', '7', '16', '11', '87', '4', '6', '14', '15', '9', '26', '18', '25', '27', '13', '21', '28', '35', '36', '20', '45', '55', '34', '46', '41', '47', '54', '37', '53', '19', '44', '48', '22', '32', '29', '52', '33', '49', '42', '30', '24', '31', '70', '23', '82', '39', '43', '51', '59', '38', '40', '58', '62', '60', '50', '56', '77', '67', '57', '61', '68', '63', '72', '73', '80', '81', '64', '85', '79', '65', '66', '69', '74', '71', '75', '76', '78', '83', '84', '86', '88', '89']"
730,1493,1.7912417516496701,32491,1379,993,747.3956208758249,"[3, 1, 3, 1, 1, 1, 0, 0, 1, 0, 0, 1, 3, 3, 3, 3, 0, 1, 2, 2, 3, 1, 0, 2, 1, 1, 3, 0, 1, 1, 1, 0, 0, 0, 0, 0, 1, 2, 2, 2, 0, 1, 3, 2, 1, 1, 0, 2, 2, 0, 1, 3, 1, 0, 2, 0, 0, 1, 3, 0, 0, 0, 3, 2, 3, 3, 0, 2, 3, 3, 0, 2, 1, 2, 0, 1, 1, 3, 0, 3, 2, 1, 2, 2, 2, 2, 2, 2, 1, 1]","['0', '2', '17', '1', '4', '3', '8', '5', '11', '12', '7', '10', '16', '6', '15', '87', '13', '14', '9', '23', '18', '27', '28', '22', '19', '26', '20', '33', '32', '25', '21', '38', '30', '34', '41', '31', '29', '82', '47', '24', '37', '39', '49', '77', '35', '44', '40', '48', '50', '57', '45', '70', '43', '54', '36', '42', '55', '51', '60', '46', '56', '58', '67', '61', '68', '52', '53', '59', '72', '73', '63', '64', '74', '62', '65', '80', '81', '79', '85', '66', '69', '71', '75', '76', '78', '83', '84', '86', '88', '89']"
731,1208,1.4423880597014926,29883,1319,902,604.7211940298507,"[2, 2, 2, 2, 3, 1, 0, 2, 1, 0, 0, 2, 1, 0, 2, 2, 1, 0, 1, 3, 0, 3, 2, 3, 3, 3, 2, 1, 3, 0, 0, 1, 3, 2, 3, 3, 1, 3, 3, 3, 0, 0, 1, 2, 3, 2, 3, 2, 1, 0, 0, 3, 0, 3, 1, 1, 0, 1, 3, 3, 2, 0, 3, 2, 1, 0, 3, 0, 0, 2, 3, 2, 2, 3, 0, 0, 2, 1, 1, 2, 2, 2, 0, 0, 1, 2, 2, 1, 3, 0]","['0', '2', '17', '1', '4', '6', '14', '8', '15', '7', '5', '16', '9', '21', '26', '12', '24', '13', '19', '36', '10', '22', '25', '30', '3', '18', '37', '23', '87', '34', '28', '20', '11', '27', '35', '38', '29', '31', '82', '33', '39', '32', '44', '77', '42', '43', '49', '70', '41', '48', '45', '53', '46', '40', '54', '55', '51', '58', '62', '47', '60', '50', '59', '56', '68', '52', '72', '73', '80', '85', '79', '67', '74', '81', '57', '61', '63', '64', '65', '66', '69', '71', '75', '76', '78', '83', '84', '86', '88', '89']"
732,1602,1.9324487334137515,30087,1583,1122,801.9662243667069,"[0, 0, 3, 0, 3, 3, 2, 3, 2, 2, 1, 2, 0, 1, 2, 0, 2, 2, 3, 3, 3, 1, 2, 3, 3, 2, 0, 0, 1, 0, 2, 3, 1, 2, 0, 0, 1, 2, 0, 1, 0, 2, 0, 1, 2, 2, 2, 2, 3, 1, 1, 0, 1, 0, 2, 3, 3, 3, 3, 0, 1, 2, 2, 3, 2, 1, 2, 3, 0, 1, 2, 2, 0, 1, 0, 1, 3, 1, 3, 2, 1, 0, 3, 1, 1, 0, 2, 3, 1, 0]","['0', '1', '2', '3', '4', '17', '5', '6', '8', '13', '11', '14', '12', '15', '19', '29', '10', '9', '7', '18', '27', '25', '22', '24', '20', '26', '28', '21', '30', '23', '35', '82', '45', '54', '53', '36', '38', '46', '16', '43', '55', '44', '87', '32', '31', '33', '37', '39', '49', '42', '40', '70', '50', '77', '34', '41', '57', '48', '56', '51', '68', '67', '59', '47', '58', '62', '60', '61', '63', '52', '64', '72', '65', '74', '73', '79', '80', '85', '66', '81', '69', '71', '75', '76', '78', '83', '84', '86', '88', '89']"
733,1524,1.8132064247471742,32048,1307,979,762.9066032123736,"[0, 2, 0, 3, 2, 0, 1, 2, 3, 1, 1, 3, 1, 2, 3, 2, 3, 2, 2, 3, 2, 2, 3, 0, 2, 3, 2, 0, 0, 2, 0, 1, 2, 0, 2, 1, 0, 0, 2, 0, 2, 1, 0, 3, 0, 2, 3, 2, 0, 0, 1, 2, 3, 0, 0, 2, 3, 1, 1, 1, 0, 3, 0, 0, 1, 2, 1, 2, 3, 2, 2, 3, 2, 1, 3, 2, 3, 1, 3, 0, 2, 3, 2, 3, 3, 2, 2, 1, 2, 3]","['0', '1', '8', '2', '4', '17', '7', '5', '16', '87', '3', '12', '10', '6', '11', '9', '27', '25', '24', '15', '22', '23', '38', '13', '18', '19', '20', '30', '14', '26', '31', '29', '39', '82', '28', '32', '40', '33', '77', '21', '37', '36', '34', '50', '41', '47', '48', '49', '42', '35', '45', '43', '44', '57', '52', '46', '56', '68', '53', '55', '54', '51', '72', '58', '60', '74', '70', '67', '61', '73', '80', '81', '79', '59', '62', '63', '85', '64', '65', '66', '69', '71', '75', '76', '78', '83', '84', '86', '88', '89']"
734,1348,1.5826240093924273,32232,1476,1071,674.7913120046962,"[2, 0, 1, 1, 3, 2, 3, 0, 3, 0, 1, 1, 0, 2, 1, 0, 2, 1, 0, 0, 1, 3, 2, 2, 2, 3, 3, 0, 2, 3, 1, 1, 2, 3, 1, 1, 2, 3, 0, 1, 3, 0, 0, 1, 0, 3, 1, 0, 3, 3, 2, 2, 0, 0, 0, 2, 0, 1, 1, 3, 3, 2, 3, 0, 1, 2, 3, 3, 1, 0, 3, 1, 1, 3, 1, 2, 0, 0, 2, 0, 2, 0, 3, 1, 1, 1, 3, 2, 3, 3]","['0', '1', '4', '2', '3', '8', '17', '6', '7', '15', '5', '12', '19', '14', '30', '11', '29', '16', '10', '82', '87', '13', '28', '9', '21', '27', '26', '24', '22', '31', '25', '23', '37', '36', '40', '18', '34', '39', '38', '35', '43', '44', '46', '20', '32', '49', '45', '77', '50', '33', '41', '54', '70', '51', '60', '48', '47', '57', '59', '52', '53', '58', '42', '56', '62', '67', '68', '72', '74', '73', '55', '61', '80', '63', '81', '64', '85', '79', '65', '66', '69', '71', '75', '76', '78', '83', '84', '86', '88', '89']"
735,1450,1.691948658109685,32994,1378,1000,725.8459743290548,"[0, 1, 1, 1, 0, 0, 1, 0, 2, 2, 1, 0, 2, 3, 3, 3, 2, 2, 1, 3, 3, 2, 1, 1, 1, 2, 0, 3, 0, 3, 1, 2, 3, 2, 3, 1, 2, 2, 0, 2, 2, 0, 0, 0, 1, 1, 3, 0, 0, 3, 2, 3, 0, 1, 1, 2, 3, 3, 1, 1, 3, 0, 3, 1, 2, 1, 1, 1, 0, 0, 3, 2, 1, 2, 1, 1, 1, 2, 0, 2, 1, 1, 3, 3, 3, 2, 2, 3, 1, 1]","['0', '2', '1', '4', '17', '7', '6', '15', '3', '14', '8', '5', '16', '10', '87', '12', '11', '19', '13', '30', '28', '9', '24', '23', '25', '26', '27', '21', '36', '34', '37', '22', '31', '40', '29', '18', '82', '39', '77', '20', '35', '32', '50', '57', '44', '45', '54', '46', '53', '49', '33', '42', '55', '41', '48', '47', '38', '70', '56', '52', '68', '43', '72', '51', '59', '73', '79', '74', '67', '80', '85', '58', '62', '81', '60', '61', '63', '64', '65', '66', '69', '71', '75', '76', '78', '83', '84', '86', '88', '89']"
736,1231,1.4507955215085444,31608,1375,899,616.2253977607543,"[0, 2, 1, 3, 1, 3, 2, 0, 3, 1, 3, 2, 3, 2, 2, 3, 2, 1, 0, 3, 1, 0, 1, 1, 0, 2, 0, 1, 0, 3, 0, 2, 3, 3, 1, 0, 1, 0, 3, 2, 0, 2, 0, 2, 2, 0, 3, 1, 2, 0, 2, 1, 2, 0, 0, 1, 1, 2, 1, 0, 1, 1, 2, 3, 3, 2, 3, 0, 0, 3, 3, 2, 0, 3, 1, 0, 1, 3, 2, 0, 2, 1, 3, 3, 1, 2, 0, 2, 2, 3]","['0', '2', '1', '3', '4', '17', '5', '7', '11', '10', '12', '8', '16', '6', '13', '9', '18', '28', '87', '21', '34', '24', '36', '23', '35', '43', '20', '45', '32', '55', '33', '15', '27', '54', '46', '26', '22', '53', '19', '44', '42', '14', '29', '38', '25', '37', '30', '41', '47', '82', '52', '51', '48', '59', '60', '58', '49', '62', '31', '40', '50', '57', '61', '63', '70', '64', '56', '39', '67', '68', '65', '66', '69', '72', '73', '80', '77', '79', '74', '85', '81', '71', '75', '76', '78', '83', '84', '86', '88', '89']"
737,1426,1.7332117897295656,32147,1533,1053,713.8666058948647,"[2, 1, 0, 3, 1, 0, 0, 1, 2, 3, 0, 0, 0, 0, 0, 3, 0, 0, 1, 3, 2, 0, 3, 0, 2, 0, 1, 0, 2, 2, 0, 3, 2, 2, 2, 1, 2, 1, 1, 1, 2, 1, 1, 1, 2, 2, 2, 0, 2, 0, 3, 3, 1, 3, 3, 1, 3, 1, 0, 2, 1, 1, 2, 0, 1, 3, 2, 0, 0, 1, 3, 0, 2, 2, 0, 0, 0, 2, 0, 2, 2, 0, 3, 1, 2, 2, 0, 2, 1, 3]","['0', '2', '17', '1', '4', '8', '6', '5', '7', '15', '13', '3', '9', '10', '12', '11', '23', '16', '26', '19', '27', '30', '31', '24', '87', '18', '14', '29', '28', '40', '20', '33', '25', '21', '36', '22', '39', '82', '77', '50', '37', '38', '34', '57', '42', '41', '47', '32', '49', '35', '43', '45', '48', '55', '46', '56', '44', '54', '53', '68', '72', '51', '58', '60', '52', '62', '61', '70', '59', '63', '64', '65', '73', '74', '67', '79', '80', '66', '69', '81', '85', '71', '75', '76', '78', '83', '84', '86', '88', '89']"
738,1376,1.6474109548039508,32754,1557,1097,688.823705477402,"[3, 0, 2, 0, 1, 3, 2, 0, 1, 0, 2, 0, 3, 3, 0, 2, 2, 1, 0, 2, 1, 2, 3, 2, 2, 0, 1, 0, 3, 1, 3, 2, 0, 0, 3, 1, 2, 2, 2, 0, 1, 3, 1, 3, 0, 2, 0, 2, 2, 0, 0, 0, 0, 0, 2, 3, 1, 1, 3, 3, 2, 2, 0, 2, 1, 0, 3, 3, 3, 2, 0, 3, 3, 1, 3, 2, 0, 2, 2, 1, 1, 2, 0, 3, 2, 3, 0, 1, 3, 0]","['0', '1', '5', '11', '4', '6', '7', '3', '9', '2', '24', '14', '10', '23', '22', '27', '38', '15', '12', '17', '25', '13', '8', '21', '16', '26', '35', '44', '45', '53', '46', '19', '87', '43', '54', '36', '29', '18', '34', '28', '82', '20', '37', '30', '31', '39', '41', '51', '33', '60', '42', '77', '59', '48', '47', '52', '58', '62', '55', '40', '50', '56', '67', '32', '68', '49', '72', '73', '79', '74', '80', '57', '85', '61', '81', '70', '63', '64', '65', '66', '69', '71', '75', '76', '78', '83', '84', '86', '88', '89']"
739,1467,1.7664057796508128,29646,1306,887,734.3832028898254,"[0, 0, 3, 3, 1, 3, 3, 2, 2, 1, 3, 3, 3, 1, 1, 1, 3, 0, 3, 2, 1, 1, 2, 1, 3, 0, 1, 3, 1, 2, 3, 1, 2, 2, 3, 3, 3, 3, 2, 3, 0, 1, 1, 1, 0, 2, 2, 3, 2, 1, 1, 2, 3, 2, 1, 2, 3, 3, 3, 2, 3, 1, 2, 1, 3, 2, 2, 3, 0, 1, 2, 1, 1, 3, 2, 3, 0, 2, 1, 0, 1, 1, 1, 1, 1, 3, 2, 2, 0, 3]","['0', '1', '7', '3', '8', '2', '17', '5', '4', '6', '15', '12', '13', '11', '9', '27', '21', '26', '34', '22', '37', '23', '24', '19', '30', '25', '14', '36', '18', '35', '10', '20', '33', '16', '45', '28', '46', '44', '29', '54', '53', '55', '38', '31', '39', '42', '87', '43', '82', '32', '40', '49', '41', '70', '48', '51', '59', '77', '60', '50', '58', '57', '61', '47', '63', '52', '62', '64', '56', '67', '68', '72', '73', '74', '79', '65', '80', '81', '85', '66', '69', '71', '75', '76', '78', '83', '84', '86', '88', '89']"
740,1343,1.6348143639683506,31347,1372,937,672.3174071819842,"[2, 3, 3, 3, 0, 1, 2, 0, 3, 2, 1, 2, 1, 2, 0, 0, 1, 3, 2, 0, 3, 3, 0, 0, 3, 2, 1, 0, 2, 3, 1, 0, 0, 3, 3, 3, 2, 3, 2, 3, 0, 2, 0, 2, 2, 2, 2, 1, 3, 0, 0, 1, 1, 2, 2, 1, 2, 3, 0, 2, 0, 0, 0, 3, 0, 1, 3, 2, 3, 0, 0, 2, 2, 3, 2, 0, 3, 1, 1, 1, 3, 1, 1, 0, 3, 3, 3, 1, 3, 1]","['0', '2', '17', '1', '7', '3', '4', '5', '6', '11', '14', '13', '15', '9', '18', '22', '24', '23', '25', '26', '8', '27', '10', '28', '21', '35', '45', '44', '46', '37', '38', '16', '12', '87', '54', '55', '53', '20', '19', '43', '33', '29', '82', '34', '30', '31', '32', '40', '36', '50', '57', '42', '49', '70', '41', '48', '47', '52', '51', '58', '56', '68', '59', '62', '39', '60', '61', '63', '64', '77', '72', '65', '74', '73', '79', '67', '66', '80', '85', '69', '81', '71', '75', '76', '78', '83', '84', '86', '88', '89']"
741,1425,1.6853932584269662,31206,1405,1014,713.3426966292135,"[3, 1, 1, 2, 3, 0, 3, 0, 1, 1, 0, 1, 2, 3, 1, 0, 2, 3, 3, 1, 3, 2, 3, 3, 3, 2, 3, 0, 0, 3, 2, 0, 3, 3, 2, 0, 3, 2, 0, 3, 2, 1, 0, 3, 3, 1, 3, 2, 2, 2, 0, 0, 2, 0, 2, 1, 1, 0, 3, 3, 1, 0, 0, 3, 2, 1, 1, 3, 2, 0, 1, 2, 2, 1, 3, 0, 3, 1, 0, 2, 0, 1, 2, 0, 2, 3, 0, 0, 3, 3]","['0', '1', '4', '7', '2', '8', '6', '13', '3', '5', '15', '9', '27', '24', '11', '22', '16', '25', '12', '87', '14', '23', '18', '10', '26', '20', '32', '33', '21', '34', '37', '49', '70', '35', '43', '46', '28', '45', '53', '54', '38', '55', '44', '17', '19', '41', '47', '29', '36', '82', '48', '42', '51', '60', '52', '58', '62', '59', '30', '31', '40', '39', '50', '57', '77', '56', '61', '63', '67', '68', '64', '65', '66', '72', '69', '74', '71', '75', '76', '78', '73', '79', '80', '81', '85', '83', '84', '86', '88', '89']"
742,1293,1.5443415945058225,31330,1434,955,647.2721707972529,"[1, 2, 0, 3, 0, 3, 0, 0, 3, 0, 2, 1, 1, 2, 3, 2, 1, 1, 2, 0, 3, 0, 1, 2, 3, 1, 3, 0, 0, 3, 1, 2, 1, 3, 1, 2, 0, 2, 0, 2, 0, 1, 0, 3, 1, 3, 0, 2, 1, 3, 0, 2, 2, 3, 2, 3, 0, 3, 3, 0, 1, 1, 2, 1, 2, 0, 0, 0, 2, 2, 1, 3, 2, 1, 1, 3, 3, 2, 0, 0, 3, 2, 0, 2, 3, 2, 0, 3, 1, 0]","['0', '1', '8', '7', '3', '2', '5', '11', '17', '10', '4', '6', '15', '13', '28', '16', '9', '24', '21', '25', '87', '37', '23', '27', '14', '35', '22', '38', '45', '18', '55', '44', '53', '46', '34', '20', '33', '43', '12', '36', '19', '41', '42', '29', '26', '48', '30', '54', '47', '51', '31', '32', '60', '58', '62', '59', '40', '52', '39', '77', '50', '49', '70', '82', '56', '57', '61', '67', '68', '72', '74', '63', '73', '64', '80', '79', '81', '85', '65', '66', '69', '71', '75', '76', '78', '83', '84', '86', '88', '89']"
743,1419,1.6679400528945048,30795,1423,1017,710.3339700264472,"[1, 3, 0, 3, 3, 0, 2, 0, 2, 0, 0, 1, 3, 2, 3, 3, 0, 3, 0, 3, 1, 1, 0, 3, 3, 1, 1, 0, 0, 3, 2, 2, 2, 0, 1, 0, 0, 3, 1, 3, 1, 1, 1, 2, 3, 2, 0, 3, 1, 3, 1, 0, 0, 3, 2, 1, 3, 0, 3, 1, 0, 3, 1, 2, 0, 1, 2, 2, 1, 3, 3, 2, 0, 0, 3, 1, 3, 2, 0, 2, 1, 2, 1, 0, 3, 1, 0, 3, 3, 3]","['0', '1', '3', '2', '4', '6', '17', '14', '7', '8', '13', '16', '5', '10', '12', '9', '23', '24', '15', '18', '28', '11', '21', '22', '26', '27', '25', '87', '38', '37', '34', '20', '41', '19', '32', '36', '48', '49', '47', '35', '70', '29', '43', '44', '46', '45', '82', '53', '30', '52', '55', '51', '33', '54', '59', '31', '39', '42', '60', '58', '77', '62', '40', '50', '57', '56', '61', '67', '63', '64', '68', '65', '66', '69', '71', '72', '74', '73', '75', '79', '76', '78', '80', '85', '81', '83', '84', '86', '88', '89']"
744,1549,1.8451459201905895,32308,1484,1067,775.4225729600953,"[0, 1, 2, 0, 0, 0, 3, 3, 1, 0, 2, 3, 3, 3, 0, 2, 0, 1, 1, 2, 3, 3, 2, 0, 1, 3, 3, 2, 0, 3, 3, 1, 0, 1, 0, 0, 0, 2, 1, 2, 3, 1, 3, 1, 2, 1, 2, 1, 1, 1, 3, 0, 0, 1, 2, 0, 2, 3, 2, 2, 0, 1, 2, 3, 0, 1, 2, 0, 3, 1, 2, 2, 0, 1, 2, 2, 1, 1, 0, 0, 2, 2, 1, 0, 2, 1, 2, 0, 1, 1]","['0', '1', '3', '4', '6', '7', '2', '5', '13', '10', '12', '9', '24', '11', '26', '15', '28', '18', '27', '8', '21', '25', '14', '37', '20', '17', '19', '36', '16', '29', '35', '82', '22', '87', '43', '30', '33', '23', '38', '46', '34', '41', '47', '42', '32', '49', '31', '51', '59', '39', '70', '44', '40', '60', '45', '48', '54', '77', '52', '53', '58', '50', '56', '55', '68', '72', '73', '79', '67', '57', '74', '61', '80', '63', '85', '81', '64', '62', '65', '66', '69', '71', '75', '76', '78', '83', '84', '86', '88', '89']"
745,1375,1.6556291390728477,31545,1452,1040,688.3278145695364,"[3, 0, 1, 1, 2, 3, 1, 3, 0, 3, 3, 2, 3, 1, 1, 0, 1, 1, 3, 0, 2, 0, 1, 3, 0, 2, 1, 2, 2, 0, 0, 0, 2, 3, 0, 1, 1, 3, 0, 0, 3, 2, 2, 1, 3, 0, 1, 3, 2, 0, 3, 1, 3, 0, 0, 2, 1, 1, 3, 0, 0, 3, 3, 1, 2, 1, 2, 3, 0, 0, 0, 3, 3, 0, 1, 1, 0, 2, 0, 2, 1, 3, 3, 3, 3, 2, 1, 0, 3, 2]","['0', '1', '4', '6', '2', '14', '8', '3', '13', '5', '12', '17', '15', '19', '7', '16', '10', '87', '30', '28', '9', '21', '34', '27', '11', '22', '36', '35', '37', '43', '26', '25', '18', '20', '29', '33', '32', '49', '82', '70', '23', '41', '44', '38', '24', '45', '47', '54', '52', '46', '51', '53', '42', '59', '48', '58', '60', '62', '31', '39', '77', '40', '50', '56', '57', '55', '67', '61', '68', '63', '64', '65', '72', '73', '74', '79', '66', '69', '80', '85', '81', '71', '75', '76', '78', '83', '84', '86', '88', '89']"
746,1480,1.741688731979994,31923,1401,949,740.87084436599,"[2, 0, 2, 0, 3, 2, 0, 3, 2, 1, 1, 0, 1, 3, 3, 1, 3, 0, 2, 0, 1, 1, 3, 0, 0, 3, 2, 3, 3, 2, 1, 0, 0, 3, 2, 3, 3, 3, 2, 1, 2, 3, 0, 3, 3, 0, 2, 3, 2, 2, 1, 0, 0, 2, 3, 1, 0, 3, 3, 1, 3, 2, 2, 0, 2, 0, 0, 0, 3, 2, 0, 0, 2, 2, 2, 1, 3, 0, 1, 3, 1, 2, 2, 3, 0, 3, 2, 2, 3, 2]","['0', '2', '1', '17', '3', '5', '7', '4', '12', '8', '10', '16', '6', '11', '87', '13', '9', '23', '25', '18', '22', '28', '24', '21', '26', '27', '15', '19', '34', '30', '35', '36', '45', '43', '37', '54', '46', '53', '31', '38', '20', '32', '49', '44', '33', '39', '77', '55', '41', '14', '51', '60', '70', '47', '29', '82', '42', '40', '58', '50', '52', '62', '59', '48', '56', '68', '57', '72', '67', '74', '61', '73', '63', '80', '81', '64', '65', '66', '79', '85', '69', '71', '75', '76', '78', '83', '84', '86', '88', '89']"
747,1259,1.50193856248136,28715,1405,990,630.2509692812407,"[3, 3, 0, 2, 3, 2, 3, 1, 1, 2, 0, 0, 1, 1, 3, 1, 2, 3, 1, 3, 3, 1, 2, 2, 0, 1, 2, 0, 3, 0, 2, 1, 3, 3, 3, 1, 2, 1, 0, 0, 0, 2, 3, 3, 0, 1, 3, 0, 0, 0, 2, 2, 1, 1, 2, 0, 0, 0, 3, 2, 2, 0, 1, 0, 2, 1, 3, 3, 3, 1, 0, 3, 0, 0, 3, 1, 0, 2, 0, 0, 3, 3, 1, 1, 2, 2, 2, 0, 1, 2]","['0', '1', '4', '2', '6', '14', '17', '8', '15', '13', '3', '5', '7', '10', '28', '12', '16', '11', '19', '30', '9', '27', '22', '25', '23', '87', '38', '29', '26', '31', '18', '82', '24', '40', '21', '34', '35', '20', '43', '45', '33', '39', '37', '44', '50', '77', '32', '54', '36', '41', '49', '42', '46', '48', '56', '57', '51', '67', '58', '53', '62', '47', '55', '60', '52', '70', '68', '72', '73', '74', '59', '61', '79', '63', '64', '80', '81', '65', '66', '69', '71', '75', '85', '76', '78', '83', '84', '86', '88', '89']"
748,1395,1.7053789731051345,32867,1464,994,698.3526894865525,"[3, 2, 3, 2, 2, 0, 3, 2, 3, 3, 0, 1, 1, 1, 0, 3, 0, 1, 2, 0, 2, 1, 3, 3, 3, 3, 2, 1, 0, 3, 2, 3, 3, 3, 1, 0, 1, 1, 2, 0, 2, 1, 1, 3, 0, 2, 3, 2, 0, 3, 2, 1, 3, 3, 0, 3, 1, 1, 3, 2, 1, 3, 0, 2, 2, 2, 2, 1, 0, 2, 3, 3, 2, 0, 2, 1, 0, 3, 1, 0, 1, 1, 0, 1, 3, 1, 3, 3, 0, 0]","['0', '1', '5', '2', '11', '7', '4', '3', '12', '8', '6', '10', '14', '13', '9', '23', '18', '24', '28', '27', '25', '21', '36', '15', '37', '22', '20', '38', '26', '33', '42', '35', '34', '32', '43', '17', '46', '49', '16', '19', '44', '30', '70', '45', '87', '53', '55', '31', '40', '54', '29', '50', '82', '41', '47', '39', '51', '58', '57', '62', '48', '77', '59', '60', '56', '68', '67', '52', '61', '63', '64', '65', '72', '74', '73', '66', '69', '80', '71', '81', '79', '85', '75', '76', '78', '83', '84', '86', '88', '89']"
749,1375,1.663138796492289,29325,1403,955,688.3315693982462,"[0, 0, 3, 1, 0, 1, 3, 0, 0, 1, 0, 1, 2, 2, 0, 0, 0, 3, 0, 2, 3, 3, 2, 3, 0, 2, 2, 3, 3, 1, 3, 1, 0, 2, 2, 3, 1, 1, 2, 3, 3, 0, 1, 2, 0, 2, 2, 0, 2, 0, 3, 3, 0, 0, 0, 3, 1, 1, 0, 0, 0, 3, 1, 3, 3, 1, 1, 2, 2, 2, 3, 2, 3, 2, 1, 0, 3, 3, 2, 3, 2, 3, 1, 2, 3, 0, 0, 3, 2, 1]","['0', '1', '7', '5', '2', '4', '8', '10', '11', '16', '17', '87', '12', '3', '6', '9', '15', '18', '20', '19', '23', '13', '32', '24', '27', '25', '33', '26', '21', '14', '36', '34', '35', '42', '30', '29', '41', '28', '45', '48', '37', '54', '44', '43', '53', '55', '46', '51', '60', '47', '31', '58', '59', '49', '82', '52', '22', '38', '70', '40', '50', '39', '56', '67', '57', '61', '62', '77', '63', '68', '72', '73', '79', '80', '74', '64', '65', '66', '81', '85', '69', '71', '75', '76', '78', '83', '84', '86', '88', '89']"
750,1530,1.8274111675126903,28195,1455,998,765.9137055837564,"[3, 3, 1, 3, 1, 0, 2, 0, 3, 3, 0, 3, 1, 2, 1, 1, 1, 0, 0, 0, 0, 1, 0, 0, 1, 1, 2, 2, 0, 2, 1, 0, 0, 3, 0, 3, 0, 3, 2, 0, 3, 1, 2, 0, 2, 3, 3, 2, 3, 3, 1, 3, 2, 0, 1, 0, 3, 3, 1, 0, 2, 0, 0, 3, 1, 1, 2, 3, 3, 3, 3, 2, 3, 1, 2, 2, 3, 3, 0, 1, 3, 2, 1, 1, 0, 1, 3, 3, 2, 1]","['0', '2', '17', '1', '4', '6', '7', '5', '13', '14', '15', '10', '3', '11', '8', '16', '28', '9', '27', '22', '23', '38', '21', '34', '18', '37', '20', '32', '49', '70', '12', '25', '41', '35', '48', '36', '45', '54', '24', '43', '26', '55', '51', '59', '47', '44', '19', '53', '60', '29', '58', '33', '87', '52', '82', '42', '46', '30', '31', '62', '40', '50', '39', '77', '57', '56', '68', '67', '61', '63', '64', '65', '72', '73', '79', '80', '81', '66', '69', '74', '85', '71', '75', '76', '78', '83', '84', '86', '88', '89']"
751,1573,1.8582398109864147,30952,1476,1001,787.4291199054932,"[3, 1, 3, 3, 1, 1, 1, 2, 2, 1, 0, 2, 1, 3, 0, 2, 0, 3, 2, 3, 1, 0, 1, 0, 2, 1, 3, 0, 2, 3, 2, 3, 3, 3, 2, 0, 0, 3, 3, 2, 3, 3, 2, 0, 2, 0, 2, 0, 3, 2, 1, 0, 3, 2, 0, 3, 1, 2, 2, 1, 3, 1, 2, 1, 0, 3, 2, 1, 1, 3, 1, 3, 1, 3, 3, 1, 2, 3, 3, 3, 3, 1, 1, 3, 1, 2, 0, 3, 3, 3]","['0', '2', '1', '17', '4', '8', '5', '6', '12', '11', '7', '13', '15', '9', '19', '27', '24', '3', '10', '18', '16', '26', '21', '30', '20', '23', '34', '35', '28', '45', '87', '46', '36', '44', '43', '31', '22', '37', '33', '38', '32', '14', '53', '40', '29', '50', '25', '57', '82', '41', '49', '55', '70', '39', '51', '54', '58', '62', '42', '47', '60', '61', '77', '59', '48', '56', '63', '52', '67', '64', '68', '72', '74', '65', '66', '73', '69', '80', '85', '81', '71', '75', '79', '76', '78', '83', '84', '86', '88', '89']"
752,1473,1.7768395657418576,28933,1326,905,737.388419782871,"[0, 0, 1, 1, 0, 3, 0, 0, 0, 2, 1, 2, 3, 2, 1, 2, 2, 3, 0, 2, 0, 0, 3, 0, 2, 3, 1, 3, 2, 2, 2, 3, 0, 0, 1, 1, 3, 1, 2, 2, 3, 3, 2, 0, 3, 1, 0, 2, 0, 3, 3, 2, 2, 2, 2, 3, 0, 1, 3, 2, 3, 3, 0, 0, 1, 2, 1, 0, 1, 0, 1, 0, 2, 0, 1, 2, 3, 3, 2, 3, 0, 0, 2, 3, 3, 0, 2, 2, 3, 0]","['0', '1', '5', '7', '3', '11', '10', '2', '4', '6', '12', '14', '15', '17', '19', '8', '30', '29', '82', '9', '18', '24', '20', '32', '13', '22', '26', '27', '31', '25', '33', '40', '16', '28', '23', '21', '87', '34', '39', '37', '50', '41', '36', '57', '77', '48', '49', '42', '38', '70', '47', '35', '44', '46', '52', '56', '43', '67', '68', '72', '45', '55', '73', '79', '80', '81', '74', '51', '53', '54', '58', '60', '59', '85', '62', '61', '63', '64', '65', '66', '69', '71', '75', '76', '78', '83', '84', '86', '88', '89']"
753,1478,1.7909724325961829,30265,1403,992,739.8954862162981,"[3, 0, 2, 0, 2, 3, 0, 3, 1, 2, 2, 3, 2, 1, 3, 3, 2, 3, 0, 1, 3, 0, 2, 0, 1, 3, 3, 0, 2, 0, 2, 2, 1, 2, 1, 0, 1, 3, 3, 3, 1, 1, 3, 1, 2, 2, 2, 2, 0, 1, 0, 0, 3, 0, 3, 2, 2, 3, 1, 2, 0, 3, 0, 2, 1, 1, 1, 0, 0, 3, 0, 2, 3, 1, 2, 3, 0, 0, 3, 2, 2, 0, 1, 0, 1, 0, 0, 0, 2, 3]","['0', '2', '17', '1', '7', '5', '4', '6', '8', '11', '10', '16', '15', '12', '3', '9', '21', '37', '23', '22', '27', '38', '87', '19', '18', '36', '35', '14', '44', '30', '25', '13', '43', '26', '29', '28', '20', '34', '41', '51', '48', '45', '58', '33', '53', '46', '42', '59', '62', '31', '54', '60', '32', '82', '55', '24', '47', '52', '40', '39', '49', '77', '50', '70', '57', '61', '63', '56', '67', '64', '65', '68', '66', '69', '72', '74', '71', '75', '73', '79', '76', '78', '80', '83', '81', '85', '84', '86', '88', '89']"
754,1649,1.9457227138643067,30286,1302,921,825.4728613569322,"[2, 3, 2, 3, 1, 0, 0, 1, 2, 2, 3, 3, 2, 1, 1, 1, 3, 3, 3, 0, 3, 2, 3, 2, 3, 0, 3, 0, 0, 1, 2, 2, 1, 1, 0, 1, 2, 0, 0, 2, 3, 3, 0, 1, 2, 3, 2, 0, 0, 3, 3, 3, 0, 1, 3, 1, 3, 3, 3, 2, 3, 1, 3, 1, 1, 1, 3, 0, 2, 1, 1, 3, 3, 3, 3, 0, 2, 3, 0, 1, 3, 2, 3, 0, 2, 0, 0, 1, 3, 3]","['0', '2', '1', '17', '3', '8', '5', '12', '7', '11', '16', '87', '10', '4', '6', '13', '28', '15', '14', '9', '18', '19', '29', '27', '24', '20', '23', '26', '82', '25', '30', '31', '22', '21', '40', '32', '34', '35', '45', '33', '46', '36', '53', '38', '43', '54', '55', '44', '42', '50', '39', '41', '77', '37', '51', '47', '57', '52', '59', '58', '48', '60', '49', '56', '67', '70', '61', '62', '63', '68', '64', '65', '72', '74', '73', '79', '80', '85', '66', '69', '81', '71', '75', '76', '78', '83', '84', '86', '88', '89']"
755,1310,1.5854765506807866,28936,1270,845,655.7927382753404,"[3, 3, 3, 3, 0, 0, 1, 1, 2, 3, 2, 0, 2, 3, 0, 0, 3, 2, 1, 2, 0, 3, 2, 2, 2, 1, 3, 0, 1, 0, 1, 1, 1, 1, 1, 2, 1, 0, 3, 1, 3, 1, 1, 2, 0, 2, 3, 0, 0, 1, 0, 1, 3, 0, 0, 2, 3, 3, 3, 3, 3, 3, 0, 2, 3, 2, 1, 2, 3, 1, 1, 3, 1, 0, 3, 2, 0, 3, 3, 3, 1, 3, 0, 0, 1, 1, 0, 2, 0, 0]","['0', '2', '17', '1', '8', '3', '4', '7', '5', '11', '16', '12', '10', '87', '6', '13', '9', '14', '23', '24', '22', '18', '38', '27', '20', '32', '15', '28', '26', '25', '21', '19', '34', '30', '36', '41', '37', '29', '33', '48', '35', '46', '43', '47', '82', '51', '44', '60', '42', '45', '53', '54', '55', '58', '31', '49', '40', '52', '62', '59', '39', '77', '70', '50', '57', '56', '61', '68', '63', '72', '73', '64', '67', '74', '79', '80', '81', '85', '65', '66', '69', '71', '75', '76', '78', '83', '84', '86', '88', '89']"
756,1390,1.6503413475808846,28625,1407,937,695.8251706737905,"[2, 1, 2, 2, 2, 0, 2, 2, 2, 0, 2, 2, 0, 1, 1, 3, 2, 2, 3, 1, 0, 0, 0, 2, 0, 3, 3, 1, 3, 3, 0, 3, 1, 3, 0, 1, 1, 2, 1, 2, 1, 1, 2, 1, 1, 3, 2, 0, 0, 0, 0, 1, 0, 1, 2, 1, 0, 2, 0, 3, 0, 2, 2, 1, 1, 2, 2, 0, 1, 1, 3, 3, 0, 3, 3, 2, 2, 2, 1, 0, 3, 2, 1, 1, 2, 0, 0, 3, 2, 1]","['0', '2', '1', '3', '17', '7', '8', '16', '87', '4', '5', '11', '6', '15', '14', '13', '12', '10', '9', '28', '19', '29', '30', '18', '20', '25', '32', '21', '22', '23', '35', '37', '36', '82', '45', '24', '34', '38', '54', '46', '55', '33', '26', '53', '49', '43', '70', '27', '31', '41', '44', '47', '48', '51', '52', '39', '77', '58', '62', '59', '40', '60', '42', '50', '56', '57', '61', '68', '67', '72', '74', '63', '73', '80', '64', '85', '65', '79', '66', '81', '69', '71', '75', '76', '78', '83', '84', '86', '88', '89']"
757,1589,1.8916666666666666,31638,1353,943,795.4458333333333,"[1, 1, 3, 0, 1, 0, 1, 1, 0, 0, 3, 3, 0, 2, 1, 1, 1, 0, 3, 1, 3, 0, 1, 3, 2, 1, 0, 3, 2, 0, 0, 0, 2, 3, 0, 0, 0, 2, 1, 0, 0, 1, 1, 0, 1, 1, 1, 2, 3, 0, 1, 0, 2, 2, 1, 1, 2, 2, 3, 1, 2, 1, 1, 2, 3, 3, 2, 3, 3, 1, 0, 0, 0, 2, 2, 2, 1, 1, 2, 1, 0, 0, 2, 3, 1, 3, 3, 0, 2, 2]","['0', '2', '1', '5', '17', '3', '11', '10', '8', '12', '4', '6', '13', '9', '15', '26', '22', '28', '7', '21', '34', '23', '38', '18', '36', '16', '24', '14', '19', '87', '20', '27', '33', '25', '32', '42', '41', '29', '48', '82', '47', '37', '49', '35', '43', '30', '51', '70', '46', '59', '31', '40', '60', '50', '58', '45', '39', '77', '55', '56', '67', '53', '62', '54', '44', '57', '68', '61', '63', '64', '52', '65', '66', '72', '74', '69', '73', '71', '75', '76', '78', '80', '81', '85', '79', '83', '84', '86', '88', '89']"
758,1409,1.6743909685086156,31317,1344,915,705.3371954842543,"[3, 2, 0, 1, 1, 0, 2, 0, 1, 2, 2, 2, 0, 3, 2, 3, 3, 3, 3, 1, 3, 1, 3, 3, 3, 0, 3, 2, 2, 3, 3, 2, 1, 2, 3, 3, 3, 0, 1, 0, 2, 3, 3, 2, 2, 1, 3, 0, 1, 2, 3, 2, 2, 2, 0, 0, 3, 1, 1, 1, 0, 0, 2, 3, 3, 0, 1, 2, 3, 0, 3, 2, 0, 1, 2, 3, 3, 1, 0, 1, 2, 0, 1, 0, 3, 3, 1, 3, 3, 3]","['0', '1', '8', '5', '11', '3', '10', '7', '2', '12', '17', '4', '16', '6', '13', '14', '87', '28', '15', '9', '25', '18', '23', '24', '22', '27', '19', '38', '26', '30', '21', '20', '29', '32', '37', '31', '33', '35', '82', '46', '39', '77', '34', '36', '49', '45', '43', '70', '54', '42', '55', '40', '41', '47', '48', '50', '51', '56', '67', '53', '68', '72', '73', '60', '59', '57', '79', '44', '74', '61', '80', '63', '81', '64', '58', '85', '62', '65', '66', '52', '69', '71', '75', '76', '78', '83', '84', '86', '88', '89']"
759,1637,1.9395734597156398,33069,1462,1039,819.4697867298578,"[2, 1, 1, 3, 1, 1, 1, 2, 3, 2, 0, 1, 2, 2, 0, 2, 1, 0, 0, 0, 3, 1, 2, 3, 1, 3, 0, 1, 1, 0, 1, 0, 3, 3, 0, 3, 0, 0, 0, 2, 1, 0, 1, 3, 2, 2, 3, 2, 0, 2, 3, 0, 0, 0, 3, 3, 3, 3, 0, 3, 0, 3, 2, 3, 3, 0, 3, 2, 2, 3, 2, 1, 1, 0, 0, 0, 1, 1, 2, 1, 3, 1, 2, 0, 0, 1, 2, 0, 3, 0]","['0', '2', '17', '1', '4', '3', '7', '5', '8', '10', '16', '6', '87', '9', '25', '14', '22', '26', '13', '21', '15', '34', '23', '27', '36', '28', '38', '11', '24', '35', '43', '12', '19', '46', '37', '45', '30', '44', '53', '18', '20', '55', '31', '29', '41', '51', '33', '40', '82', '39', '54', '32', '50', '58', '62', '49', '42', '70', '59', '60', '48', '47', '56', '57', '68', '72', '67', '73', '61', '77', '80', '74', '81', '85', '63', '64', '79', '52', '65', '66', '69', '71', '75', '76', '78', '83', '84', '86', '88', '89']"
760,1667,1.997005091344714,28704,1235,801,834.4985025456724,"[0, 0, 1, 3, 3, 0, 3, 1, 1, 1, 3, 0, 1, 2, 2, 1, 0, 2, 2, 0, 2, 2, 0, 3, 2, 0, 0, 3, 3, 3, 0, 1, 1, 1, 0, 0, 2, 2, 2, 2, 1, 3, 0, 2, 1, 2, 3, 0, 1, 3, 1, 2, 1, 2, 3, 1, 1, 3, 2, 1, 1, 1, 0, 0, 1, 0, 3, 3, 1, 1, 0, 2, 0, 3, 2, 1, 3, 2, 2, 2, 2, 1, 1, 1, 1, 2, 1, 3, 1, 1]","['0', '2', '17', '1', '4', '7', '3', '5', '11', '12', '8', '6', '15', '9', '16', '25', '21', '23', '36', '37', '26', '22', '87', '24', '10', '27', '34', '13', '18', '20', '14', '35', '19', '30', '33', '43', '46', '32', '29', '38', '44', '45', '42', '82', '28', '31', '40', '39', '77', '50', '55', '49', '41', '51', '60', '48', '56', '68', '70', '72', '47', '59', '52', '74', '53', '58', '57', '67', '62', '73', '80', '81', '85', '79', '54', '61', '63', '64', '65', '66', '69', '71', '75', '76', '78', '83', '84', '86', '88', '89']"
761,1480,1.7556346381969157,31553,1260,909,740.8778173190984,"[1, 0, 2, 2, 1, 2, 1, 2, 0, 3, 3, 3, 0, 1, 3, 3, 2, 0, 0, 3, 2, 3, 2, 0, 1, 2, 3, 1, 0, 3, 1, 0, 1, 1, 0, 3, 1, 2, 3, 2, 0, 2, 2, 0, 0, 0, 0, 0, 0, 2, 3, 2, 0, 0, 0, 0, 2, 0, 2, 1, 0, 0, 2, 1, 1, 2, 3, 2, 1, 2, 2, 1, 2, 2, 2, 3, 1, 2, 2, 0, 2, 0, 0, 1, 1, 1, 3, 3, 3, 0]","['0', '1', '5', '10', '2', '17', '11', '4', '12', '8', '3', '6', '14', '13', '28', '9', '22', '15', '25', '24', '23', '27', '26', '18', '19', '38', '7', '20', '32', '30', '16', '33', '87', '21', '34', '29', '35', '46', '82', '44', '41', '45', '55', '48', '54', '47', '43', '52', '31', '53', '37', '40', '49', '36', '70', '50', '51', '58', '39', '57', '56', '42', '59', '60', '77', '68', '62', '61', '63', '64', '72', '67', '65', '66', '69', '73', '79', '71', '74', '80', '85', '81', '75', '76', '78', '83', '84', '86', '88', '89']"
762,1680,1.9517862329363926,31637,1416,907,840.9758931164682,"[3, 1, 2, 2, 2, 3, 3, 0, 2, 2, 1, 3, 3, 1, 1, 1, 1, 3, 2, 1, 2, 3, 0, 2, 2, 3, 2, 0, 0, 3, 3, 1, 2, 1, 3, 2, 1, 2, 1, 1, 2, 1, 2, 3, 2, 0, 1, 2, 3, 3, 1, 1, 1, 1, 0, 2, 3, 1, 1, 1, 0, 1, 3, 0, 2, 2, 3, 3, 2, 2, 2, 2, 3, 0, 1, 2, 2, 0, 0, 1, 2, 0, 1, 3, 2, 0, 2, 3, 1, 1]","['0', '2', '17', '1', '8', '7', '16', '3', '4', '5', '6', '11', '12', '87', '13', '15', '14', '9', '19', '24', '26', '21', '23', '22', '10', '36', '34', '35', '28', '45', '27', '46', '37', '55', '54', '43', '18', '25', '20', '53', '30', '41', '48', '33', '29', '51', '32', '49', '60', '58', '59', '82', '38', '31', '40', '62', '42', '70', '50', '44', '56', '47', '67', '39', '68', '57', '72', '74', '77', '73', '61', '63', '79', '80', '52', '64', '81', '85', '65', '66', '69', '71', '75', '76', '78', '83', '84', '86', '88', '89']"
763,1402,1.6775351480705953,32033,1414,975,701.8387675740353,"[1, 0, 3, 1, 0, 1, 3, 3, 2, 3, 3, 2, 0, 2, 0, 0, 2, 0, 2, 2, 1, 1, 0, 3, 1, 1, 3, 1, 0, 1, 1, 1, 2, 1, 2, 3, 2, 2, 0, 3, 0, 1, 0, 1, 0, 3, 0, 2, 0, 3, 2, 0, 0, 0, 1, 1, 0, 2, 0, 2, 0, 3, 3, 1, 2, 1, 1, 1, 3, 3, 1, 3, 2, 0, 2, 2, 0, 3, 2, 3, 0, 1, 0, 1, 1, 2, 1, 3, 1, 1]","['0', '1', '8', '4', '7', '2', '17', '16', '3', '6', '87', '13', '14', '5', '10', '11', '15', '12', '19', '29', '82', '30', '9', '22', '21', '35', '24', '43', '18', '27', '44', '36', '20', '46', '34', '32', '28', '33', '45', '53', '26', '31', '37', '54', '49', '70', '25', '55', '39', '42', '77', '40', '50', '41', '23', '47', '57', '48', '51', '58', '52', '59', '60', '61', '38', '63', '64', '56', '68', '72', '67', '62', '74', '65', '73', '79', '80', '66', '85', '81', '69', '71', '75', '76', '78', '83', '84', '86', '88', '89']"
764,1653,1.970789865871833,33883,1411,992,827.485394932936,"[1, 2, 1, 0, 1, 0, 1, 2, 0, 0, 1, 2, 0, 2, 3, 2, 0, 1, 1, 2, 1, 0, 3, 1, 0, 2, 2, 0, 3, 0, 0, 3, 1, 0, 1, 1, 0, 2, 2, 0, 3, 3, 3, 1, 1, 0, 2, 0, 3, 1, 1, 1, 0, 0, 0, 2, 2, 0, 3, 0, 0, 3, 2, 0, 2, 1, 3, 3, 0, 1, 3, 2, 0, 2, 0, 2, 1, 0, 1, 0, 0, 1, 0, 3, 1, 1, 1, 2, 0, 2]","['0', '1', '5', '8', '3', '10', '4', '2', '7', '16', '12', '6', '17', '13', '9', '14', '18', '26', '22', '11', '28', '21', '35', '46', '34', '87', '25', '24', '23', '37', '38', '20', '36', '45', '27', '43', '33', '42', '53', '55', '15', '19', '44', '41', '54', '47', '32', '52', '29', '82', '49', '30', '48', '31', '70', '51', '39', '58', '59', '62', '40', '77', '50', '56', '68', '60', '57', '61', '72', '74', '67', '73', '63', '80', '79', '85', '81', '64', '65', '66', '69', '71', '75', '76', '78', '83', '84', '86', '88', '89']"
765,1450,1.6875181844631946,27925,1279,904,725.8437590922316,"[3, 3, 0, 3, 3, 3, 2, 3, 3, 2, 0, 3, 3, 1, 2, 3, 0, 3, 0, 2, 2, 0, 1, 2, 2, 2, 2, 0, 2, 1, 2, 3, 1, 1, 2, 1, 0, 2, 3, 1, 3, 1, 3, 0, 2, 1, 1, 2, 0, 2, 0, 0, 1, 1, 1, 2, 0, 1, 3, 1, 3, 1, 2, 0, 0, 1, 0, 1, 0, 1, 3, 3, 2, 2, 0, 1, 2, 2, 1, 2, 1, 2, 1, 1, 0, 0, 2, 0, 0, 2]","['0', '2', '17', '1', '7', '4', '8', '5', '6', '13', '10', '3', '15', '9', '21', '22', '18', '36', '11', '25', '24', '28', '34', '23', '26', '35', '38', '37', '16', '45', '20', '44', '87', '54', '55', '27', '33', '14', '12', '53', '19', '42', '43', '46', '32', '30', '41', '47', '48', '49', '52', '51', '59', '58', '62', '60', '31', '70', '39', '29', '40', '77', '50', '57', '56', '68', '82', '61', '63', '72', '74', '67', '73', '80', '85', '64', '79', '81', '65', '66', '69', '71', '75', '76', '78', '83', '84', '86', '88', '89']"
766,1411,1.6683417085427135,33413,1522,1080,706.3341708542714,"[0, 2, 1, 1, 2, 1, 2, 2, 1, 2, 3, 0, 1, 1, 0, 0, 0, 3, 1, 0, 0, 1, 2, 2, 3, 0, 2, 1, 1, 3, 0, 2, 3, 2, 0, 3, 0, 3, 3, 0, 0, 2, 3, 0, 3, 3, 2, 3, 3, 2, 1, 1, 3, 1, 2, 3, 1, 2, 3, 1, 2, 0, 2, 0, 3, 3, 3, 1, 0, 3, 0, 1, 0, 3, 1, 1, 2, 2, 1, 1, 3, 3, 0, 3, 3, 2, 3, 0, 2, 1]","['0', '1', '8', '7', '5', '12', '2', '3', '11', '10', '4', '16', '17', '6', '15', '19', '14', '30', '87', '13', '29', '28', '82', '9', '25', '22', '24', '21', '26', '23', '35', '38', '45', '43', '37', '53', '36', '46', '18', '34', '54', '20', '27', '41', '31', '33', '51', '47', '44', '52', '32', '39', '58', '59', '49', '60', '70', '55', '77', '40', '50', '42', '57', '61', '48', '63', '64', '62', '56', '65', '66', '68', '67', '72', '74', '73', '80', '81', '79', '69', '85', '71', '75', '76', '78', '83', '84', '86', '88', '89']"
767,1476,1.7676646706586827,33291,1400,1028,738.8838323353293,"[0, 3, 3, 1, 1, 0, 0, 3, 1, 2, 2, 3, 3, 3, 3, 1, 1, 2, 0, 2, 0, 1, 0, 0, 1, 1, 0, 3, 1, 3, 2, 0, 2, 2, 2, 1, 0, 1, 0, 1, 0, 0, 3, 2, 1, 3, 3, 1, 3, 2, 0, 0, 0, 0, 2, 0, 1, 3, 1, 3, 0, 0, 3, 3, 1, 2, 2, 0, 0, 3, 0, 2, 2, 2, 3, 3, 0, 0, 3, 2, 3, 3, 0, 1, 0, 2, 2, 3, 3, 1]","['0', '1', '7', '4', '3', '2', '17', '5', '8', '6', '13', '16', '9', '24', '14', '23', '22', '11', '21', '18', '12', '26', '87', '35', '27', '15', '10', '20', '45', '37', '55', '34', '36', '32', '41', '43', '19', '25', '30', '44', '53', '51', '60', '59', '49', '46', '54', '29', '38', '58', '48', '28', '82', '62', '31', '70', '33', '42', '47', '39', '40', '77', '52', '50', '56', '57', '61', '63', '68', '72', '73', '79', '67', '64', '65', '80', '85', '66', '69', '74', '81', '71', '75', '76', '78', '83', '84', '86', '88', '89']"
768,1449,1.7384523095380924,27764,1287,888,725.3692261547691,"[0, 0, 0, 0, 2, 0, 0, 2, 0, 3, 0, 2, 3, 2, 0, 3, 1, 2, 1, 1, 0, 0, 2, 1, 3, 3, 2, 1, 1, 2, 3, 1, 2, 2, 0, 1, 2, 3, 3, 1, 1, 0, 2, 2, 2, 0, 0, 1, 0, 1, 1, 1, 1, 2, 1, 3, 3, 2, 0, 0, 3, 1, 0, 1, 1, 0, 1, 1, 1, 1, 0, 2, 0, 3, 2, 1, 3, 3, 3, 0, 0, 2, 0, 1, 3, 3, 1, 1, 0, 3]","['0', '2', '1', '4', '3', '8', '17', '7', '5', '10', '16', '6', '15', '14', '87', '11', '9', '25', '13', '21', '23', '36', '37', '18', '27', '34', '28', '12', '19', '20', '35', '24', '26', '43', '33', '30', '29', '22', '44', '41', '38', '42', '46', '51', '45', '59', '53', '31', '39', '60', '58', '40', '54', '47', '77', '32', '55', '52', '50', '48', '62', '49', '56', '68', '70', '57', '61', '82', '67', '63', '72', '64', '65', '73', '74', '79', '80', '81', '66', '85', '69', '71', '75', '76', '78', '83', '84', '86', '88', '89']"
769,1408,1.6472652822462708,31888,1494,1083,704.8236326411231,"[2, 3, 3, 1, 0, 0, 3, 1, 2, 0, 2, 1, 0, 1, 0, 2, 1, 0, 1, 0, 2, 2, 0, 3, 3, 1, 2, 3, 0, 3, 2, 1, 0, 3, 2, 2, 0, 3, 2, 1, 2, 1, 1, 0, 3, 3, 1, 3, 3, 2, 1, 2, 2, 0, 0, 2, 1, 1, 2, 0, 3, 2, 1, 2, 0, 1, 2, 3, 3, 3, 0, 1, 1, 0, 0, 3, 3, 1, 3, 3, 2, 1, 0, 0, 3, 3, 0, 1, 1, 3]","['0', '1', '2', '8', '17', '3', '5', '10', '4', '6', '14', '13', '9', '12', '23', '15', '27', '25', '21', '36', '18', '28', '34', '7', '20', '16', '32', '22', '38', '24', '41', '33', '42', '26', '47', '87', '37', '48', '19', '11', '35', '43', '29', '49', '46', '51', '45', '70', '60', '55', '54', '53', '30', '82', '44', '59', '52', '58', '62', '31', '39', '77', '40', '50', '56', '57', '68', '67', '61', '72', '63', '73', '64', '74', '80', '85', '65', '81', '79', '66', '69', '71', '75', '76', '78', '83', '84', '86', '88', '89']"
770,1703,2.0819070904645476,31216,1493,1093,852.5409535452322,"[3, 0, 1, 3, 0, 0, 2, 0, 3, 1, 0, 3, 0, 1, 2, 1, 2, 0, 1, 0, 1, 3, 1, 0, 3, 3, 0, 3, 0, 0, 0, 3, 3, 0, 1, 0, 3, 3, 1, 0, 3, 1, 2, 3, 3, 2, 0, 2, 2, 2, 0, 0, 2, 0, 1, 3, 1, 1, 0, 0, 2, 0, 0, 0, 3, 2, 3, 0, 3, 0, 0, 0, 2, 3, 1, 3, 1, 3, 2, 2, 2, 2, 3, 2, 3, 1, 3, 0, 1, 0]","['0', '1', '3', '5', '10', '12', '11', '4', '2', '7', '8', '6', '13', '28', '16', '14', '15', '17', '9', '23', '87', '19', '24', '26', '27', '22', '21', '36', '18', '30', '20', '37', '35', '44', '29', '82', '31', '33', '42', '34', '25', '45', '46', '41', '53', '55', '54', '40', '47', '48', '39', '50', '77', '43', '51', '38', '32', '56', '59', '68', '60', '58', '57', '49', '52', '61', '72', '67', '70', '74', '63', '64', '62', '73', '79', '65', '66', '69', '71', '75', '76', '80', '85', '81', '78', '83', '84', '86', '88', '89']"
771,1457,1.7060889929742389,32420,1306,921,729.3530444964871,"[2, 0, 2, 3, 1, 0, 0, 1, 3, 2, 2, 3, 1, 2, 2, 1, 2, 2, 0, 1, 3, 2, 1, 1, 2, 2, 1, 1, 3, 3, 1, 2, 1, 2, 0, 3, 2, 2, 2, 0, 2, 2, 3, 0, 0, 2, 1, 1, 0, 1, 1, 0, 0, 0, 3, 3, 1, 2, 0, 1, 1, 2, 0, 2, 3, 1, 1, 0, 3, 1, 1, 0, 2, 2, 2, 1, 0, 2, 1, 3, 2, 0, 3, 3, 0, 0, 0, 1, 2, 2]","['0', '1', '5', '2', '3', '8', '7', '4', '6', '10', '11', '15', '14', '9', '16', '27', '25', '26', '87', '18', '22', '12', '23', '21', '13', '35', '36', '45', '28', '38', '46', '17', '53', '19', '37', '34', '24', '20', '41', '33', '44', '48', '47', '32', '52', '42', '49', '30', '54', '70', '55', '29', '43', '82', '51', '60', '58', '31', '40', '39', '59', '62', '50', '57', '77', '56', '61', '63', '68', '67', '72', '74', '64', '73', '79', '65', '80', '66', '81', '85', '69', '71', '75', '76', '78', '83', '84', '86', '88', '89']"
772,1350,1.633393829401089,32273,1473,988,675.8166969147005,"[0, 1, 1, 3, 0, 2, 0, 0, 3, 1, 0, 0, 3, 3, 1, 0, 3, 1, 3, 0, 2, 0, 2, 2, 3, 1, 0, 2, 1, 0, 0, 0, 1, 2, 1, 3, 2, 3, 3, 2, 0, 2, 1, 0, 1, 2, 2, 3, 0, 1, 0, 3, 2, 2, 2, 3, 1, 1, 0, 1, 2, 3, 0, 1, 0, 0, 2, 0, 0, 3, 2, 0, 2, 3, 2, 3, 1, 1, 0, 1, 2, 3, 2, 0, 2, 2, 3, 1, 0, 2]","['0', '1', '5', '11', '3', '7', '8', '10', '12', '4', '2', '16', '17', '6', '13', '9', '21', '35', '45', '22', '44', '18', '15', '19', '43', '46', '87', '14', '30', '37', '54', '26', '34', '25', '29', '24', '27', '82', '53', '20', '31', '41', '28', '48', '51', '55', '40', '60', '23', '50', '56', '57', '59', '33', '36', '68', '39', '38', '61', '63', '32', '77', '58', '67', '47', '49', '64', '62', '70', '65', '52', '42', '66', '69', '72', '71', '73', '79', '74', '75', '76', '80', '78', '81', '83', '84', '85', '86', '88', '89']"
773,1750,2.061248527679623,31453,1367,925,876.0306242638399,"[0, 3, 3, 3, 2, 1, 3, 2, 1, 2, 1, 0, 3, 3, 3, 3, 1, 1, 3, 1, 3, 1, 0, 2, 2, 1, 1, 1, 1, 2, 0, 1, 0, 1, 1, 1, 2, 1, 2, 1, 1, 0, 1, 3, 2, 1, 2, 0, 2, 1, 3, 2, 1, 3, 0, 1, 3, 1, 2, 2, 0, 0, 2, 3, 2, 0, 1, 0, 0, 1, 2, 0, 1, 2, 0, 3, 0, 3, 0, 3, 1, 3, 3, 0, 1, 3, 3, 3, 2, 2]","['0', '1', '7', '4', '2', '3', '5', '6', '12', '15', '11', '10', '9', '14', '25', '18', '17', '26', '8', '27', '24', '16', '20', '21', '34', '87', '13', '32', '19', '35', '45', '36', '33', '44', '42', '37', '54', '53', '30', '46', '23', '28', '29', '41', '55', '82', '48', '43', '31', '51', '58', '62', '39', '59', '77', '60', '49', '47', '52', '40', '70', '22', '50', '57', '38', '56', '67', '61', '63', '64', '65', '66', '68', '72', '73', '69', '80', '79', '85', '71', '75', '81', '74', '76', '78', '83', '84', '86', '88', '89']"
774,1430,1.7428397318708104,29220,1325,957,715.8714198659354,"[1, 3, 0, 1, 0, 3, 0, 3, 0, 2, 2, 2, 2, 2, 2, 0, 2, 2, 3, 2, 1, 0, 0, 2, 2, 2, 2, 0, 3, 0, 0, 0, 0, 3, 1, 2, 1, 2, 1, 2, 1, 1, 1, 2, 1, 1, 1, 1, 3, 3, 2, 1, 3, 2, 0, 3, 3, 3, 0, 1, 3, 2, 2, 0, 1, 1, 2, 0, 3, 2, 2, 1, 2, 3, 1, 0, 0, 3, 2, 2, 2, 1, 3, 0, 1, 1, 0, 0, 1, 0]","['0', '2', '1', '7', '4', '8', '5', '3', '6', '13', '17', '9', '26', '10', '14', '11', '16', '28', '27', '25', '12', '21', '36', '23', '15', '22', '19', '34', '37', '29', '87', '38', '35', '43', '46', '30', '82', '18', '24', '20', '41', '51', '48', '60', '45', '54', '33', '42', '47', '55', '53', '59', '31', '32', '49', '44', '52', '58', '62', '40', '50', '39', '57', '61', '56', '68', '70', '67', '63', '72', '74', '73', '80', '85', '79', '77', '81', '64', '65', '66', '69', '71', '75', '76', '78', '83', '84', '86', '88', '89']"
775,1388,1.611611030478955,32645,1390,896,694.8058055152395,"[3, 3, 0, 2, 3, 2, 2, 0, 0, 1, 2, 1, 0, 0, 3, 0, 3, 3, 0, 2, 2, 2, 2, 0, 3, 2, 1, 0, 2, 0, 1, 1, 3, 1, 2, 0, 2, 2, 0, 3, 3, 2, 2, 3, 1, 3, 0, 2, 2, 3, 3, 1, 2, 2, 0, 0, 1, 0, 3, 2, 0, 3, 1, 3, 1, 1, 3, 0, 3, 2, 3, 1, 2, 1, 2, 0, 1, 3, 2, 3, 0, 2, 2, 3, 2, 3, 3, 0, 3, 3]","['0', '2', '17', '1', '3', '5', '8', '11', '12', '10', '7', '4', '6', '14', '13', '28', '15', '19', '9', '27', '21', '18', '30', '34', '20', '24', '25', '35', '23', '36', '37', '45', '55', '53', '32', '16', '46', '29', '22', '49', '70', '43', '41', '51', '48', '38', '44', '82', '47', '58', '59', '26', '87', '52', '31', '60', '33', '42', '62', '54', '40', '50', '57', '39', '56', '67', '77', '68', '72', '61', '74', '73', '63', '79', '80', '64', '65', '81', '66', '69', '85', '71', '75', '76', '78', '83', '84', '86', '88', '89']"
776,1527,1.8060319337670019,31116,1391,1045,764.4030159668835,"[1, 1, 0, 1, 2, 2, 2, 2, 3, 0, 2, 3, 1, 1, 0, 3, 1, 1, 0, 0, 1, 0, 1, 3, 0, 1, 3, 1, 1, 1, 2, 1, 3, 0, 3, 3, 0, 2, 0, 0, 2, 1, 2, 2, 2, 0, 1, 1, 2, 3, 0, 3, 1, 1, 0, 3, 0, 2, 0, 0, 0, 3, 2, 3, 1, 3, 2, 2, 3, 3, 0, 1, 1, 0, 1, 2, 1, 1, 1, 0, 3, 1, 2, 0, 0, 1, 1, 0, 2, 3]","['0', '1', '5', '8', '12', '4', '6', '15', '13', '14', '7', '2', '16', '11', '3', '87', '17', '10', '9', '19', '23', '21', '22', '27', '38', '29', '18', '82', '34', '26', '37', '36', '24', '25', '30', '35', '43', '46', '20', '31', '39', '41', '44', '40', '77', '45', '53', '54', '48', '51', '58', '28', '47', '33', '62', '50', '59', '55', '42', '56', '57', '67', '68', '52', '32', '49', '70', '60', '72', '74', '73', '80', '61', '85', '79', '81', '63', '64', '65', '66', '69', '71', '75', '76', '78', '83', '84', '86', '88', '89']"
777,1299,1.5291347851677457,33450,1434,1062,650.2645673925839,"[3, 2, 0, 1, 2, 3, 3, 2, 2, 1, 1, 1, 3, 0, 0, 3, 1, 2, 0, 0, 0, 3, 0, 2, 0, 1, 3, 1, 0, 3, 1, 1, 0, 3, 1, 2, 3, 1, 0, 2, 0, 2, 1, 0, 3, 3, 1, 0, 2, 0, 0, 0, 2, 3, 2, 3, 2, 2, 0, 2, 0, 1, 3, 1, 2, 2, 0, 3, 3, 0, 3, 1, 2, 1, 3, 0, 3, 1, 2, 0, 0, 1, 1, 1, 2, 2, 3, 3, 0, 3]","['0', '2', '17', '1', '8', '7', '5', '4', '3', '6', '11', '12', '14', '16', '9', '26', '21', '22', '10', '37', '36', '35', '34', '45', '27', '18', '20', '13', '33', '42', '25', '32', '87', '41', '46', '24', '55', '15', '43', '19', '47', '44', '48', '49', '30', '51', '52', '29', '53', '23', '58', '28', '59', '31', '82', '54', '70', '40', '62', '50', '38', '56', '67', '60', '68', '39', '77', '57', '61', '72', '74', '73', '63', '64', '79', '80', '81', '65', '66', '69', '71', '85', '75', '76', '78', '83', '84', '86', '88', '89']"
778,1391,1.6432368576491436,30589,1310,903,696.3216184288245,"[0, 0, 3, 0, 2, 3, 2, 2, 1, 2, 2, 0, 3, 1, 3, 2, 1, 2, 3, 3, 2, 1, 0, 1, 0, 0, 0, 2, 3, 1, 2, 3, 1, 2, 2, 0, 0, 3, 1, 3, 0, 3, 0, 0, 0, 0, 2, 3, 0, 0, 3, 0, 1, 0, 1, 0, 3, 1, 2, 3, 0, 0, 3, 0, 3, 1, 2, 2, 0, 3, 3, 1, 3, 2, 0, 2, 0, 1, 3, 0, 0, 1, 3, 1, 1, 1, 2, 0, 0, 0]","['0', '2', '17', '1', '5', '4', '11', '7', '3', '6', '8', '9', '26', '14', '22', '13', '24', '27', '16', '10', '21', '15', '12', '36', '87', '23', '18', '28', '35', '20', '32', '44', '37', '25', '33', '38', '45', '34', '43', '55', '54', '46', '53', '49', '70', '41', '19', '42', '29', '47', '51', '48', '82', '60', '59', '52', '58', '62', '30', '31', '40', '39', '50', '57', '56', '67', '77', '68', '61', '72', '73', '79', '74', '63', '80', '85', '64', '81', '65', '66', '69', '71', '75', '76', '78', '83', '84', '86', '88', '89']"
779,1572,1.887154861944778,32029,1400,951,786.9435774309724,"[0, 0, 1, 2, 1, 2, 0, 1, 2, 2, 3, 0, 1, 0, 0, 2, 2, 3, 1, 0, 2, 2, 3, 2, 1, 3, 1, 3, 3, 3, 0, 3, 0, 0, 2, 3, 2, 2, 0, 0, 2, 2, 0, 0, 2, 2, 3, 2, 1, 2, 0, 0, 0, 1, 3, 2, 1, 3, 2, 1, 0, 0, 3, 3, 2, 1, 1, 1, 1, 1, 3, 2, 3, 3, 3, 3, 0, 2, 1, 2, 1, 2, 2, 2, 1, 2, 1, 0, 1, 3]","['0', '2', '17', '1', '4', '8', '3', '6', '5', '15', '14', '13', '10', '9', '7', '11', '12', '26', '24', '22', '21', '25', '34', '35', '37', '23', '38', '43', '45', '55', '46', '44', '18', '16', '53', '87', '27', '20', '32', '49', '41', '19', '48', '47', '28', '54', '30', '51', '52', '59', '31', '58', '39', '40', '50', '70', '62', '77', '36', '33', '29', '82', '42', '56', '68', '72', '74', '57', '60', '73', '61', '67', '63', '80', '81', '85', '79', '64', '65', '66', '69', '71', '75', '76', '78', '83', '84', '86', '88', '89']"
780,1415,1.661773341162654,32569,1369,921,708.3308866705813,"[2, 0, 1, 1, 2, 3, 2, 0, 1, 0, 0, 3, 2, 0, 1, 3, 1, 2, 0, 3, 0, 1, 1, 3, 0, 3, 0, 1, 0, 1, 0, 0, 2, 3, 0, 0, 0, 3, 1, 2, 0, 3, 2, 2, 2, 2, 2, 2, 1, 1, 0, 2, 2, 1, 1, 3, 3, 1, 1, 3, 1, 3, 3, 0, 2, 3, 1, 1, 0, 1, 0, 0, 3, 2, 0, 3, 0, 1, 0, 1, 1, 2, 0, 3, 3, 1, 2, 1, 1, 0]","['0', '2', '1', '17', '4', '8', '5', '12', '3', '6', '13', '11', '10', '9', '24', '28', '23', '7', '26', '22', '21', '34', '36', '35', '46', '45', '27', '16', '54', '38', '87', '53', '55', '44', '18', '15', '25', '43', '37', '19', '20', '30', '14', '29', '31', '40', '41', '32', '47', '49', '33', '39', '77', '42', '70', '82', '51', '59', '50', '60', '48', '52', '56', '58', '62', '67', '57', '68', '61', '72', '73', '79', '74', '80', '85', '63', '64', '65', '66', '81', '69', '71', '75', '76', '78', '83', '84', '86', '88', '89']"
781,1381,1.6533971864711163,31463,1452,1010,691.3266985932355,"[1, 3, 1, 3, 0, 0, 1, 0, 0, 3, 0, 2, 1, 1, 1, 1, 1, 3, 1, 1, 1, 2, 2, 0, 2, 0, 1, 2, 2, 1, 2, 3, 1, 0, 0, 0, 2, 1, 2, 0, 0, 3, 1, 3, 1, 2, 0, 2, 0, 1, 3, 2, 1, 0, 2, 0, 0, 1, 1, 2, 0, 1, 0, 1, 0, 1, 2, 1, 2, 3, 3, 3, 2, 1, 3, 2, 2, 2, 1, 2, 3, 3, 1, 1, 3, 3, 0, 1, 3, 2]","['0', '2', '17', '1', '8', '7', '5', '4', '11', '12', '10', '16', '87', '3', '6', '13', '9', '14', '28', '24', '21', '37', '27', '34', '26', '18', '35', '20', '33', '15', '43', '32', '23', '49', '22', '70', '46', '45', '38', '44', '41', '53', '25', '36', '51', '42', '47', '52', '58', '62', '48', '54', '19', '59', '55', '29', '30', '82', '31', '39', '40', '60', '50', '56', '77', '68', '67', '57', '72', '73', '61', '79', '80', '85', '74', '63', '64', '65', '66', '81', '69', '71', '75', '76', '78', '83', '84', '86', '88', '89']"
782,1406,1.6609568812758417,33143,1396,929,703.8304784406379,"[0, 0, 0, 2, 2, 0, 1, 2, 2, 1, 1, 2, 0, 3, 3, 1, 2, 0, 2, 0, 0, 0, 3, 0, 1, 0, 2, 2, 3, 3, 1, 1, 2, 0, 3, 0, 0, 1, 2, 2, 1, 2, 2, 2, 1, 2, 0, 3, 3, 0, 3, 2, 0, 1, 1, 0, 1, 1, 3, 2, 2, 1, 3, 2, 3, 3, 0, 3, 0, 3, 1, 3, 0, 1, 1, 0, 0, 1, 1, 1, 1, 2, 1, 0, 1, 2, 2, 1, 0, 0]","['0', '2', '17', '1', '5', '10', '4', '7', '8', '6', '14', '11', '13', '15', '12', '9', '23', '28', '24', '3', '19', '26', '22', '29', '82', '27', '16', '25', '30', '21', '34', '36', '87', '31', '40', '37', '50', '39', '57', '77', '35', '45', '18', '54', '55', '38', '20', '53', '43', '32', '46', '41', '49', '47', '48', '51', '60', '70', '61', '59', '44', '33', '63', '52', '58', '56', '68', '67', '42', '72', '62', '74', '73', '79', '80', '64', '85', '65', '81', '66', '69', '71', '75', '76', '78', '83', '84', '86', '88', '89']"
783,1277,1.545069570477919,29834,1448,1025,639.2725347852389,"[3, 3, 0, 0, 3, 2, 0, 2, 1, 3, 2, 1, 1, 3, 0, 2, 1, 0, 3, 0, 2, 1, 2, 3, 3, 3, 3, 1, 3, 2, 1, 2, 2, 1, 2, 0, 0, 1, 1, 0, 0, 1, 0, 2, 0, 1, 1, 0, 3, 0, 2, 3, 1, 1, 1, 0, 2, 3, 0, 0, 1, 0, 3, 1, 1, 2, 0, 2, 0, 2, 2, 3, 3, 2, 0, 3, 2, 3, 1, 0, 1, 1, 3, 1, 1, 0, 2, 3, 2, 2]","['0', '1', '2', '7', '4', '5', '6', '10', '3', '13', '15', '11', '12', '8', '14', '17', '9', '25', '22', '19', '16', '21', '26', '87', '29', '24', '36', '37', '23', '30', '34', '28', '38', '82', '35', '18', '43', '27', '46', '44', '31', '20', '39', '41', '48', '32', '47', '45', '49', '53', '54', '70', '55', '51', '40', '60', '59', '52', '33', '58', '77', '62', '50', '56', '57', '61', '67', '42', '63', '64', '65', '66', '68', '72', '73', '80', '85', '74', '81', '79', '69', '71', '75', '76', '78', '83', '84', '86', '88', '89']"
784,1489,1.803755299818292,31340,1464,1021,745.4018776499091,"[0, 1, 1, 3, 1, 0, 2, 1, 3, 3, 3, 2, 2, 2, 1, 0, 3, 1, 1, 2, 1, 0, 1, 2, 1, 0, 2, 2, 1, 0, 1, 0, 2, 2, 1, 2, 3, 0, 2, 2, 3, 1, 3, 1, 1, 1, 1, 1, 1, 3, 1, 3, 1, 3, 0, 3, 0, 1, 3, 2, 0, 3, 3, 2, 2, 2, 2, 2, 1, 3, 3, 0, 3, 2, 2, 1, 0, 2, 2, 1, 2, 2, 1, 1, 2, 0, 2, 0, 0, 3]","['0', '1', '8', '5', '4', '10', '2', '17', '12', '6', '13', '28', '3', '9', '18', '26', '11', '22', '25', '7', '27', '23', '14', '24', '21', '35', '36', '38', '44', '20', '33', '37', '34', '32', '45', '55', '41', '54', '43', '51', '42', '16', '53', '60', '46', '49', '47', '59', '15', '70', '48', '52', '58', '19', '29', '30', '87', '31', '39', '62', '77', '40', '82', '50', '57', '61', '56', '67', '63', '68', '72', '73', '79', '74', '64', '80', '81', '65', '85', '66', '69', '71', '75', '76', '78', '83', '84', '86', '88', '89']"
785,1427,1.6942712971208074,34660,1539,1116,714.3471356485604,"[1, 1, 3, 0, 2, 2, 3, 1, 1, 1, 0, 3, 3, 2, 1, 0, 2, 1, 0, 0, 3, 1, 2, 1, 0, 0, 2, 2, 2, 3, 2, 3, 0, 0, 3, 0, 0, 0, 3, 0, 3, 1, 0, 1, 3, 3, 3, 3, 1, 0, 2, 1, 3, 2, 3, 2, 2, 3, 3, 1, 3, 2, 0, 0, 1, 1, 1, 0, 3, 2, 2, 0, 3, 1, 1, 2, 1, 2, 3, 1, 2, 0, 2, 3, 0, 2, 1, 0, 2, 3]","['0', '2', '1', '3', '8', '4', '5', '11', '12', '6', '17', '13', '9', '23', '22', '26', '21', '24', '36', '15', '27', '18', '25', '35', '44', '19', '43', '7', '45', '14', '10', '20', '53', '33', '34', '32', '28', '38', '42', '29', '37', '46', '49', '55', '70', '41', '16', '87', '51', '60', '82', '47', '58', '48', '62', '54', '30', '59', '52', '31', '40', '50', '39', '57', '56', '68', '77', '72', '73', '79', '61', '63', '80', '81', '74', '85', '67', '64', '65', '66', '69', '71', '75', '76', '78', '83', '84', '86', '88', '89']"
786,1540,1.8262674177290246,30046,1369,938,770.9131337088645,"[2, 2, 2, 0, 1, 2, 0, 1, 0, 2, 3, 2, 2, 3, 2, 3, 3, 0, 0, 1, 0, 3, 3, 0, 0, 0, 1, 1, 1, 1, 1, 1, 1, 2, 2, 1, 1, 0, 2, 2, 3, 1, 3, 1, 1, 2, 2, 2, 3, 1, 0, 1, 3, 3, 0, 3, 0, 1, 0, 2, 3, 2, 0, 2, 1, 0, 0, 1, 2, 3, 1, 2, 3, 3, 0, 2, 2, 0, 0, 2, 1, 1, 1, 2, 2, 1, 0, 1, 0, 0]","['0', '1', '5', '4', '6', '15', '10', '12', '13', '7', '2', '8', '28', '17', '9', '25', '11', '21', '24', '3', '34', '36', '22', '35', '19', '30', '45', '55', '43', '44', '26', '27', '31', '53', '14', '29', '16', '18', '20', '87', '82', '39', '46', '77', '54', '32', '40', '33', '42', '37', '23', '41', '48', '49', '70', '50', '47', '52', '56', '68', '57', '51', '60', '59', '67', '61', '38', '63', '58', '72', '73', '79', '62', '80', '64', '85', '81', '65', '66', '74', '69', '71', '75', '76', '78', '83', '84', '86', '88', '89']"
787,1379,1.6166471277842906,32712,1471,1024,690.3083235638921,"[2, 2, 1, 3, 2, 2, 3, 1, 2, 2, 1, 1, 0, 0, 1, 3, 0, 0, 1, 0, 1, 3, 3, 2, 3, 3, 2, 2, 0, 0, 1, 3, 1, 2, 2, 2, 0, 1, 3, 2, 0, 3, 0, 3, 3, 0, 3, 2, 2, 1, 1, 1, 2, 1, 0, 3, 0, 1, 0, 2, 3, 3, 0, 2, 0, 3, 2, 3, 3, 2, 2, 3, 1, 1, 2, 2, 3, 1, 2, 1, 1, 2, 3, 0, 2, 3, 3, 2, 1, 1]","['0', '2', '17', '1', '8', '3', '4', '7', '6', '15', '5', '14', '12', '11', '10', '19', '9', '23', '24', '27', '29', '25', '18', '30', '26', '31', '22', '82', '20', '13', '21', '34', '37', '32', '33', '35', '36', '39', '45', '16', '42', '55', '54', '49', '43', '44', '38', '77', '28', '53', '40', '87', '70', '46', '50', '41', '51', '58', '47', '52', '62', '48', '56', '57', '60', '67', '68', '72', '73', '80', '59', '85', '61', '79', '81', '63', '74', '64', '65', '66', '69', '71', '75', '76', '78', '83', '84', '86', '88', '89']"
788,1551,1.8172231985940246,33073,1411,944,776.408611599297,"[1, 0, 2, 0, 0, 2, 2, 2, 0, 2, 1, 3, 3, 2, 2, 0, 1, 0, 0, 3, 2, 1, 3, 3, 0, 2, 2, 0, 1, 3, 1, 2, 0, 2, 0, 2, 1, 0, 3, 2, 0, 3, 2, 2, 1, 3, 0, 1, 3, 0, 0, 1, 1, 3, 3, 1, 3, 2, 0, 0, 1, 2, 3, 0, 0, 0, 0, 2, 2, 3, 1, 0, 3, 0, 0, 3, 1, 0, 3, 2, 1, 3, 2, 2, 0, 1, 1, 2, 0, 0]","['0', '2', '1', '7', '17', '3', '5', '12', '4', '6', '8', '15', '13', '16', '10', '28', '87', '9', '26', '21', '37', '24', '36', '19', '25', '35', '46', '27', '43', '22', '30', '31', '40', '23', '14', '39', '38', '18', '50', '45', '57', '34', '11', '55', '54', '77', '44', '20', '41', '53', '47', '29', '52', '32', '82', '33', '48', '49', '56', '67', '68', '72', '70', '51', '60', '73', '61', '74', '58', '80', '85', '81', '59', '42', '62', '63', '79', '64', '65', '66', '69', '71', '75', '76', '78', '83', '84', '86', '88', '89']"
789,1405,1.6587957497048407,31479,1470,968,703.3293978748525,"[3, 3, 2, 0, 2, 2, 3, 1, 3, 0, 0, 3, 2, 2, 1, 1, 0, 1, 0, 3, 3, 2, 1, 1, 1, 2, 1, 0, 3, 1, 1, 0, 0, 0, 0, 1, 3, 0, 2, 1, 3, 3, 1, 3, 1, 2, 3, 2, 0, 1, 2, 2, 0, 3, 2, 2, 0, 3, 3, 1, 1, 0, 2, 0, 0, 1, 0, 3, 2, 3, 1, 3, 3, 2, 0, 1, 2, 3, 3, 1, 0, 2, 0, 0, 2, 2, 1, 3, 1, 3]","['0', '2', '17', '1', '8', '5', '4', '6', '12', '15', '3', '14', '19', '10', '11', '9', '23', '29', '18', '22', '20', '25', '26', '33', '7', '32', '27', '24', '82', '38', '21', '30', '13', '34', '35', '16', '43', '31', '45', '39', '44', '87', '28', '40', '53', '54', '41', '51', '46', '36', '37', '47', '55', '48', '59', '52', '50', '60', '57', '42', '58', '49', '70', '56', '62', '61', '67', '77', '68', '72', '63', '64', '65', '74', '73', '66', '80', '69', '81', '79', '85', '71', '75', '76', '78', '83', '84', '86', '88', '89']"
790,1707,2.0455362492510485,33373,1369,992,854.5227681246255,"[3, 3, 0, 2, 0, 2, 0, 1, 2, 3, 2, 0, 3, 2, 2, 2, 2, 3, 1, 0, 3, 2, 1, 1, 2, 2, 1, 0, 3, 0, 2, 3, 1, 1, 2, 1, 1, 2, 3, 2, 0, 1, 1, 1, 0, 3, 2, 1, 0, 3, 0, 0, 0, 2, 2, 3, 2, 2, 1, 1, 1, 2, 0, 1, 1, 1, 2, 2, 1, 1, 0, 0, 1, 2, 1, 2, 0, 1, 1, 3, 2, 1, 2, 2, 2, 3, 3, 3, 2, 0]","['0', '2', '17', '1', '5', '3', '7', '4', '8', '12', '10', '6', '13', '28', '11', '15', '14', '19', '29', '16', '82', '87', '9', '26', '30', '25', '27', '24', '31', '22', '21', '39', '34', '18', '20', '41', '77', '36', '32', '47', '40', '33', '35', '43', '23', '46', '42', '45', '37', '51', '58', '59', '55', '54', '38', '44', '53', '60', '50', '57', '49', '70', '61', '48', '62', '63', '52', '56', '67', '64', '65', '68', '72', '66', '73', '79', '80', '69', '85', '74', '81', '71', '75', '76', '78', '83', '84', '86', '88', '89']"
791,1294,1.5756468797564689,29321,1309,833,647.7878234398783,"[1, 1, 1, 3, 1, 1, 0, 2, 0, 3, 2, 0, 1, 0, 3, 2, 1, 2, 2, 0, 0, 3, 3, 2, 1, 3, 1, 2, 3, 1, 2, 1, 2, 3, 3, 1, 2, 1, 3, 1, 1, 1, 3, 2, 2, 2, 1, 1, 2, 1, 1, 2, 3, 2, 3, 2, 3, 2, 1, 3, 1, 0, 2, 1, 0, 1, 0, 3, 2, 0, 3, 0, 1, 1, 3, 3, 1, 3, 0, 0, 2, 2, 1, 3, 2, 0, 0, 3, 3, 3]","['0', '2', '1', '4', '7', '17', '6', '13', '3', '5', '10', '11', '15', '14', '12', '8', '28', '19', '30', '9', '27', '29', '82', '24', '23', '26', '18', '22', '20', '32', '31', '40', '50', '25', '38', '33', '57', '16', '39', '77', '21', '35', '87', '36', '34', '45', '37', '44', '42', '49', '55', '54', '41', '70', '46', '53', '43', '51', '58', '48', '62', '56', '67', '59', '47', '68', '72', '73', '79', '52', '80', '74', '60', '61', '63', '64', '85', '81', '65', '66', '69', '71', '75', '76', '78', '83', '84', '86', '88', '89']"
792,1405,1.6578171091445428,33006,1393,906,703.3289085545723,"[0, 2, 0, 2, 2, 1, 0, 2, 1, 0, 2, 1, 3, 0, 1, 1, 3, 2, 2, 3, 1, 1, 0, 2, 0, 3, 0, 3, 1, 1, 2, 2, 0, 3, 0, 3, 3, 2, 3, 1, 3, 1, 2, 3, 2, 0, 3, 2, 3, 0, 3, 0, 2, 3, 0, 2, 2, 3, 0, 1, 3, 3, 3, 2, 2, 2, 2, 2, 2, 1, 1, 3, 1, 1, 1, 1, 3, 0, 0, 1, 3, 0, 1, 2, 1, 2, 3, 3, 3, 3]","['0', '2', '17', '1', '7', '4', '8', '5', '6', '16', '12', '14', '87', '13', '11', '3', '9', '27', '10', '25', '26', '28', '24', '21', '22', '35', '34', '44', '23', '36', '37', '46', '15', '43', '18', '19', '30', '29', '82', '20', '38', '33', '42', '31', '40', '41', '51', '48', '45', '58', '47', '60', '54', '55', '39', '59', '77', '50', '52', '56', '53', '68', '62', '32', '57', '67', '61', '49', '63', '70', '72', '73', '80', '79', '64', '85', '81', '65', '66', '74', '69', '71', '75', '76', '78', '83', '84', '86', '88', '89']"
793,1737,2.0647845468053494,30139,1417,966,869.5323922734027,"[0, 0, 3, 0, 0, 1, 1, 0, 2, 3, 0, 2, 2, 0, 3, 0, 1, 2, 1, 1, 3, 1, 0, 1, 2, 2, 3, 2, 1, 0, 0, 0, 0, 0, 2, 0, 0, 3, 2, 1, 2, 0, 1, 3, 0, 0, 1, 3, 1, 1, 1, 1, 1, 2, 2, 0, 2, 3, 0, 0, 2, 0, 3, 0, 3, 0, 2, 0, 3, 1, 3, 0, 0, 2, 0, 1, 1, 1, 0, 3, 3, 2, 1, 1, 0, 3, 0, 2, 0, 2]","['0', '1', '4', '7', '5', '12', '11', '6', '14', '2', '9', '8', '15', '3', '13', '22', '26', '24', '18', '21', '25', '23', '35', '16', '38', '43', '36', '87', '44', '46', '10', '37', '17', '28', '45', '19', '53', '54', '55', '34', '20', '29', '27', '33', '41', '47', '82', '32', '30', '48', '51', '58', '59', '31', '42', '52', '40', '60', '39', '62', '77', '50', '56', '49', '57', '67', '70', '61', '63', '64', '68', '72', '73', '79', '74', '65', '80', '85', '81', '66', '69', '71', '75', '76', '78', '83', '84', '86', '88', '89']"
794,1597,1.9404617253948968,33161,1489,1008,799.4702308626975,"[0, 2, 1, 3, 3, 3, 1, 0, 1, 3, 2, 2, 3, 3, 2, 2, 2, 0, 0, 0, 0, 3, 0, 0, 2, 3, 3, 1, 2, 3, 3, 2, 3, 0, 2, 3, 1, 2, 2, 0, 0, 0, 3, 2, 1, 3, 3, 2, 0, 2, 0, 2, 2, 1, 0, 1, 3, 3, 1, 3, 2, 0, 0, 0, 2, 3, 0, 3, 3, 2, 2, 3, 3, 2, 2, 1, 1, 3, 0, 3, 1, 1, 3, 1, 2, 3, 3, 0, 1, 1]","['0', '2', '1', '8', '7', '17', '16', '5', '3', '4', '11', '87', '10', '6', '9', '14', '22', '26', '15', '13', '27', '25', '21', '12', '18', '20', '24', '34', '41', '23', '47', '48', '36', '37', '38', '33', '35', '42', '46', '32', '45', '54', '19', '43', '51', '44', '28', '29', '82', '60', '53', '49', '30', '55', '59', '52', '70', '58', '31', '62', '40', '39', '77', '50', '57', '56', '68', '67', '72', '74', '73', '80', '85', '61', '79', '81', '63', '64', '65', '66', '69', '71', '75', '76', '78', '83', '84', '86', '88', '89']"
795,1386,1.658886894075404,31960,1485,1078,693.8294434470376,"[1, 3, 1, 1, 3, 0, 0, 1, 0, 0, 2, 0, 3, 0, 3, 1, 2, 3, 1, 1, 1, 0, 0, 0, 3, 3, 3, 3, 3, 2, 2, 1, 0, 3, 3, 0, 1, 3, 2, 2, 2, 3, 0, 1, 2, 3, 2, 2, 3, 2, 0, 1, 3, 2, 1, 0, 3, 1, 0, 0, 0, 2, 3, 0, 2, 3, 0, 3, 0, 1, 0, 1, 1, 2, 0, 2, 0, 1, 3, 1, 0, 1, 0, 2, 1, 0, 2, 0, 2, 0]","['0', '1', '2', '5', '10', '7', '4', '11', '12', '3', '8', '6', '17', '14', '16', '9', '22', '13', '18', '26', '20', '27', '32', '15', '23', '87', '25', '19', '29', '38', '28', '82', '24', '33', '21', '35', '34', '46', '44', '41', '37', '48', '49', '70', '47', '45', '30', '43', '51', '53', '31', '58', '54', '62', '39', '77', '52', '55', '60', '40', '50', '36', '57', '59', '42', '61', '56', '68', '72', '67', '63', '73', '64', '80', '79', '74', '85', '81', '65', '66', '69', '71', '75', '76', '78', '83', '84', '86', '88', '89']"
796,1204,1.4432124662870842,32141,1390,983,602.7216062331436,"[3, 2, 0, 2, 2, 0, 2, 0, 1, 1, 1, 2, 2, 1, 0, 0, 0, 2, 3, 0, 2, 3, 3, 0, 2, 0, 1, 1, 0, 3, 2, 0, 1, 1, 3, 0, 0, 3, 3, 3, 2, 0, 1, 2, 1, 3, 1, 2, 3, 1, 3, 3, 2, 3, 0, 0, 1, 2, 1, 1, 3, 1, 0, 3, 2, 3, 3, 2, 0, 3, 1, 0, 0, 2, 2, 3, 2, 3, 0, 1, 1, 0, 3, 2, 0, 1, 0, 1, 1, 0]","['0', '1', '7', '8', '2', '17', '3', '16', '5', '12', '4', '11', '10', '87', '6', '13', '9', '14', '24', '26', '27', '15', '25', '18', '20', '33', '19', '32', '23', '22', '29', '30', '28', '38', '82', '31', '40', '21', '35', '50', '36', '44', '46', '37', '34', '41', '43', '57', '48', '45', '53', '47', '42', '51', '55', '59', '58', '52', '54', '62', '56', '49', '68', '67', '60', '39', '70', '72', '74', '73', '80', '61', '81', '85', '63', '79', '77', '64', '65', '66', '69', '71', '75', '76', '78', '83', '84', '86', '88', '89']"
797,1552,1.8194607268464245,32877,1408,942,776.9097303634233,"[2, 1, 0, 2, 2, 1, 3, 1, 0, 1, 1, 0, 1, 0, 2, 2, 3, 1, 2, 1, 1, 2, 3, 1, 1, 3, 2, 0, 2, 1, 3, 0, 3, 3, 0, 2, 2, 3, 2, 0, 0, 2, 0, 2, 3, 3, 1, 2, 1, 1, 3, 1, 1, 0, 0, 3, 3, 2, 3, 2, 3, 3, 3, 1, 3, 3, 1, 2, 2, 0, 3, 0, 1, 2, 0, 3, 2, 1, 0, 3, 3, 0, 3, 3, 2, 3, 1, 1, 0, 3]","['0', '1', '7', '2', '17', '4', '3', '6', '5', '10', '12', '14', '9', '11', '25', '22', '8', '26', '21', '36', '16', '87', '37', '23', '15', '38', '24', '27', '13', '28', '19', '18', '20', '34', '33', '41', '29', '35', '43', '46', '48', '82', '47', '45', '44', '54', '55', '30', '31', '42', '52', '51', '40', '32', '58', '49', '53', '39', '77', '62', '60', '50', '56', '59', '57', '70', '68', '67', '61', '72', '73', '80', '79', '63', '81', '85', '64', '65', '66', '74', '69', '71', '75', '76', '78', '83', '84', '86', '88', '89']"
798,1433,1.6868746321365509,33047,1390,951,717.3434373160683,"[2, 3, 0, 0, 2, 3, 0, 1, 0, 3, 0, 2, 3, 0, 1, 1, 3, 2, 3, 2, 2, 3, 2, 1, 0, 0, 2, 3, 3, 1, 0, 0, 0, 1, 1, 1, 0, 0, 1, 0, 2, 2, 2, 3, 1, 0, 1, 2, 3, 3, 3, 1, 2, 0, 3, 1, 0, 3, 2, 1, 2, 0, 3, 1, 0, 0, 1, 1, 0, 0, 1, 2, 0, 0, 1, 3, 3, 2, 2, 0, 3, 2, 0, 0, 1, 0, 1, 1, 1, 3]","['0', '1', '5', '7', '10', '11', '12', '8', '2', '3', '16', '4', '17', '87', '6', '13', '14', '28', '9', '23', '22', '26', '25', '38', '27', '18', '20', '33', '15', '21', '19', '29', '24', '37', '82', '32', '34', '41', '36', '48', '35', '47', '49', '42', '46', '45', '53', '54', '44', '55', '30', '52', '31', '43', '51', '59', '39', '58', '40', '70', '77', '60', '50', '57', '56', '62', '67', '61', '63', '68', '72', '73', '80', '79', '64', '85', '74', '65', '66', '69', '81', '71', '75', '76', '78', '83', '84', '86', '88', '89']"
799,1284,1.5150442477876107,31368,1427,964,642.7575221238938,"[1, 2, 2, 0, 2, 3, 3, 2, 2, 2, 1, 2, 0, 0, 3, 3, 1, 0, 1, 0, 0, 3, 1, 3, 1, 0, 2, 1, 0, 3, 0, 3, 0, 2, 2, 3, 1, 2, 2, 3, 2, 3, 0, 0, 0, 1, 3, 1, 0, 0, 0, 3, 1, 2, 2, 2, 2, 2, 1, 3, 1, 0, 1, 3, 0, 0, 3, 3, 3, 0, 0, 2, 3, 0, 3, 2, 2, 1, 0, 2, 3, 2, 0, 0, 2, 1, 3, 3, 2, 3]","['0', '1', '2', '5', '17', '11', '8', '7', '16', '12', '10', '87', '4', '6', '3', '14', '13', '15', '19', '9', '29', '23', '24', '26', '28', '27', '82', '25', '30', '18', '31', '21', '37', '36', '40', '50', '20', '39', '77', '34', '22', '41', '38', '47', '48', '32', '49', '57', '35', '70', '33', '44', '42', '52', '45', '54', '43', '51', '53', '60', '59', '46', '56', '68', '58', '72', '67', '74', '62', '55', '73', '80', '81', '79', '85', '61', '63', '64', '65', '66', '69', '71', '75', '76', '78', '83', '84', '86', '88', '89']"
800,1434,1.712750074649149,31229,1462,1010,717.8563750373246,"[3, 0, 2, 3, 2, 3, 0, 0, 3, 1, 1, 3, 2, 0, 1, 0, 1, 0, 0, 1, 3, 2, 0, 2, 1, 1, 2, 0, 3, 2, 2, 3, 1, 3, 2, 3, 1, 2, 3, 1, 1, 0, 1, 0, 1, 0, 2, 0, 2, 0, 3, 2, 2, 2, 1, 1, 0, 3, 0, 2, 0, 1, 0, 2, 3, 2, 2, 3, 3, 1, 0, 2, 1, 3, 2, 1, 1, 3, 0, 0, 1, 1, 2, 3, 3, 1, 0, 3, 1, 1]","['0', '1', '2', '17', '5', '4', '12', '7', '3', '10', '11', '6', '15', '8', '19', '14', '13', '28', '9', '26', '18', '21', '27', '22', '35', '20', '46', '36', '37', '25', '34', '45', '32', '23', '16', '29', '55', '33', '43', '82', '49', '41', '54', '24', '30', '48', '42', '70', '53', '47', '31', '87', '39', '51', '40', '58', '62', '44', '50', '77', '59', '57', '56', '38', '60', '52', '67', '61', '63', '68', '64', '65', '66', '72', '73', '74', '79', '80', '85', '69', '81', '71', '75', '76', '78', '83', '84', '86', '88', '89']"
801,1440,1.6976127320954908,33407,1430,1021,720.8488063660477,"[3, 2, 2, 2, 2, 0, 2, 1, 1, 1, 1, 3, 1, 0, 1, 0, 3, 2, 2, 0, 0, 0, 3, 3, 2, 1, 3, 1, 1, 0, 2, 1, 0, 0, 3, 1, 2, 1, 2, 0, 3, 1, 1, 2, 0, 3, 1, 0, 2, 1, 0, 2, 1, 0, 3, 3, 3, 3, 2, 2, 1, 3, 0, 2, 2, 2, 3, 2, 1, 3, 3, 0, 0, 1, 2, 2, 2, 2, 3, 3, 2, 0, 2, 0, 0, 3, 1, 0, 0, 0]","['0', '2', '1', '4', '5', '10', '7', '6', '17', '11', '8', '13', '12', '16', '14', '15', '87', '9', '22', '3', '18', '26', '23', '38', '21', '28', '35', '34', '43', '36', '24', '45', '20', '19', '55', '30', '27', '46', '32', '53', '31', '40', '29', '50', '54', '25', '37', '33', '82', '44', '41', '47', '57', '39', '42', '48', '51', '56', '77', '52', '58', '67', '59', '62', '60', '68', '49', '70', '61', '72', '63', '73', '64', '79', '80', '65', '74', '85', '66', '81', '69', '71', '75', '76', '78', '83', '84', '86', '88', '89']"
802,1406,1.6768038163387,31697,1378,1011,703.8384019081693,"[3, 0, 3, 1, 3, 3, 3, 2, 2, 3, 3, 3, 2, 0, 1, 2, 3, 0, 1, 0, 2, 2, 1, 1, 3, 0, 2, 3, 0, 0, 2, 2, 3, 3, 1, 1, 0, 0, 3, 0, 1, 0, 1, 2, 1, 2, 0, 1, 2, 1, 1, 0, 2, 3, 3, 2, 0, 3, 3, 0, 3, 3, 2, 0, 1, 0, 1, 2, 3, 2, 2, 3, 3, 2, 1, 1, 3, 1, 2, 2, 2, 1, 3, 2, 0, 0, 0, 0, 2, 1]","['0', '1', '5', '7', '4', '3', '8', '12', '10', '2', '17', '6', '16', '14', '87', '15', '9', '18', '26', '25', '13', '11', '24', '19', '23', '27', '30', '20', '28', '29', '22', '33', '32', '31', '40', '21', '82', '34', '37', '39', '41', '47', '77', '36', '49', '70', '50', '38', '57', '42', '35', '48', '44', '46', '56', '68', '45', '55', '67', '53', '52', '54', '43', '51', '60', '58', '72', '62', '59', '73', '79', '80', '61', '74', '81', '85', '63', '64', '65', '66', '69', '71', '75', '76', '78', '83', '84', '86', '88', '89']"
803,1379,1.6138092451726156,31113,1444,1020,690.3069046225863,"[3, 3, 2, 2, 1, 2, 3, 3, 2, 2, 0, 2, 3, 2, 0, 2, 0, 1, 0, 3, 2, 2, 1, 1, 3, 1, 0, 0, 2, 1, 1, 0, 0, 1, 2, 3, 3, 0, 1, 0, 3, 1, 2, 1, 0, 2, 0, 3, 0, 3, 0, 2, 0, 2, 3, 1, 1, 3, 0, 0, 2, 3, 3, 3, 1, 0, 0, 0, 0, 3, 0, 0, 2, 1, 0, 1, 1, 1, 3, 1, 2, 3, 0, 1, 0, 1, 3, 2, 0, 3]","['0', '1', '2', '8', '17', '5', '12', '11', '10', '3', '4', '7', '16', '6', '87', '15', '19', '30', '14', '13', '9', '22', '21', '34', '25', '23', '35', '18', '24', '45', '20', '33', '44', '38', '46', '26', '41', '43', '27', '29', '37', '53', '32', '48', '31', '54', '55', '28', '82', '49', '36', '39', '40', '51', '50', '42', '60', '70', '59', '57', '61', '56', '63', '77', '64', '47', '68', '52', '58', '72', '74', '62', '67', '65', '66', '73', '79', '80', '69', '71', '75', '76', '85', '78', '83', '84', '81', '86', '88', '89']"
804,1376,1.6449491930663478,32007,1433,983,688.8224745965332,"[0, 1, 2, 3, 0, 0, 3, 1, 0, 3, 1, 0, 1, 3, 2, 2, 1, 1, 3, 1, 0, 0, 3, 3, 2, 2, 0, 0, 0, 0, 2, 0, 0, 3, 2, 1, 1, 3, 3, 2, 3, 1, 1, 1, 3, 3, 3, 3, 0, 2, 2, 0, 0, 0, 2, 1, 3, 2, 3, 1, 1, 1, 1, 0, 0, 0, 2, 3, 2, 0, 3, 1, 0, 1, 1, 1, 2, 1, 3, 0, 3, 0, 2, 0, 3, 3, 0, 0, 1, 0]","['0', '1', '3', '4', '8', '2', '7', '17', '5', '6', '15', '11', '9', '26', '13', '23', '12', '21', '24', '37', '35', '18', '27', '10', '34', '36', '25', '20', '16', '28', '22', '45', '32', '46', '54', '43', '41', '51', '48', '44', '47', '38', '55', '52', '49', '33', '59', '58', '14', '53', '42', '19', '62', '30', '70', '87', '29', '82', '60', '31', '39', '77', '40', '50', '57', '56', '67', '68', '61', '63', '64', '72', '65', '66', '74', '73', '69', '79', '80', '85', '81', '71', '75', '76', '78', '83', '84', '86', '88', '89']"
805,1487,1.7851140456182473,31093,1333,979,744.3925570228091,"[1, 1, 3, 1, 3, 0, 2, 3, 0, 0, 2, 1, 1, 2, 3, 2, 3, 3, 3, 1, 1, 2, 1, 2, 2, 1, 3, 0, 2, 3, 2, 0, 1, 3, 0, 3, 1, 3, 1, 0, 1, 1, 3, 3, 1, 3, 3, 1, 1, 2, 3, 2, 1, 3, 1, 2, 2, 1, 3, 0, 2, 3, 2, 1, 3, 3, 2, 3, 2, 3, 3, 0, 0, 2, 2, 2, 2, 1, 0, 0, 1, 1, 3, 0, 3, 0, 3, 0, 1, 0]","['0', '1', '3', '2', '4', '8', '5', '10', '7', '11', '6', '17', '13', '28', '12', '14', '15', '9', '23', '24', '19', '22', '27', '29', '30', '38', '82', '26', '18', '20', '25', '32', '21', '35', '45', '43', '54', '53', '16', '37', '46', '87', '36', '44', '34', '33', '49', '70', '42', '55', '41', '51', '31', '60', '39', '48', '59', '40', '47', '52', '77', '50', '58', '56', '62', '57', '61', '67', '68', '72', '73', '79', '74', '80', '63', '85', '64', '81', '65', '66', '69', '71', '75', '76', '78', '83', '84', '86', '88', '89']"
806,1356,1.5721739130434782,32081,1414,935,678.7860869565218,"[2, 2, 3, 2, 0, 3, 2, 2, 0, 2, 0, 2, 2, 0, 2, 2, 0, 2, 2, 1, 3, 1, 2, 1, 1, 1, 1, 0, 2, 1, 0, 2, 1, 3, 3, 1, 2, 1, 3, 1, 1, 2, 0, 1, 2, 2, 1, 0, 0, 0, 3, 1, 1, 3, 2, 0, 1, 2, 1, 1, 3, 3, 2, 3, 3, 0, 2, 3, 3, 0, 2, 1, 2, 1, 0, 0, 0, 1, 3, 0, 3, 0, 0, 2, 2, 1, 2, 3, 3, 3]","['0', '1', '8', '7', '3', '4', '2', '6', '17', '13', '5', '9', '26', '18', '22', '12', '24', '21', '16', '36', '27', '10', '11', '34', '20', '87', '37', '15', '33', '42', '35', '45', '54', '44', '23', '25', '41', '47', '28', '46', '32', '19', '43', '55', '51', '48', '14', '60', '38', '30', '29', '82', '49', '59', '58', '53', '70', '52', '62', '31', '39', '40', '50', '56', '57', '68', '72', '61', '73', '79', '74', '67', '77', '80', '81', '85', '63', '64', '65', '66', '69', '71', '75', '76', '78', '83', '84', '86', '88', '89']"
807,1623,1.8817391304347826,32541,1420,930,812.4408695652174,"[0, 1, 2, 2, 0, 1, 1, 1, 2, 3, 2, 2, 2, 1, 2, 1, 2, 3, 0, 0, 1, 0, 3, 2, 3, 1, 3, 0, 1, 2, 1, 2, 3, 3, 3, 1, 3, 1, 0, 1, 3, 0, 0, 0, 3, 2, 1, 1, 1, 2, 1, 0, 3, 3, 2, 1, 1, 0, 1, 1, 1, 3, 3, 1, 3, 3, 1, 2, 1, 3, 1, 2, 2, 0, 1, 0, 1, 0, 3, 0, 0, 1, 0, 0, 0, 3, 1, 3, 2, 3]","['0', '2', '17', '1', '4', '5', '11', '6', '3', '12', '10', '14', '15', '13', '9', '7', '8', '19', '25', '24', '27', '22', '29', '16', '28', '21', '23', '37', '34', '18', '26', '38', '36', '87', '20', '41', '82', '48', '30', '35', '47', '46', '32', '45', '54', '43', '49', '33', '70', '55', '53', '42', '51', '31', '59', '39', '40', '58', '60', '62', '77', '50', '56', '44', '57', '68', '61', '67', '72', '74', '52', '73', '79', '80', '81', '63', '64', '65', '85', '66', '69', '71', '75', '76', '78', '83', '84', '86', '88', '89']"
808,1286,1.496218731820826,30250,1375,909,643.7481093659104,"[2, 2, 2, 0, 2, 0, 1, 3, 2, 0, 0, 2, 3, 1, 3, 1, 1, 2, 0, 2, 0, 3, 1, 3, 2, 1, 3, 2, 0, 2, 1, 1, 1, 2, 1, 0, 3, 0, 1, 3, 3, 1, 3, 0, 1, 2, 0, 2, 3, 3, 1, 3, 1, 3, 3, 3, 0, 2, 3, 3, 1, 2, 1, 0, 1, 2, 3, 0, 3, 3, 0, 1, 2, 1, 0, 0, 0, 2, 2, 1, 3, 3, 2, 0, 1, 2, 0, 1, 3, 2]","['0', '1', '5', '7', '2', '11', '17', '3', '10', '4', '12', '6', '15', '13', '14', '28', '19', '9', '8', '21', '36', '27', '24', '30', '23', '18', '16', '22', '25', '87', '35', '46', '20', '34', '33', '41', '47', '38', '37', '45', '29', '53', '55', '26', '42', '82', '48', '32', '54', '49', '43', '51', '60', '31', '40', '50', '44', '56', '59', '68', '72', '67', '70', '52', '74', '39', '73', '77', '58', '80', '81', '79', '57', '85', '62', '61', '63', '64', '65', '66', '69', '71', '75', '76', '78', '83', '84', '86', '88', '89']"
809,1384,1.6569889254714159,31837,1415,937,692.8284944627358,"[3, 2, 3, 3, 2, 3, 2, 2, 2, 2, 0, 1, 1, 1, 3, 1, 0, 3, 2, 1, 3, 0, 3, 1, 2, 2, 2, 0, 1, 3, 0, 0, 0, 2, 1, 3, 1, 0, 2, 3, 3, 0, 3, 0, 1, 2, 3, 3, 2, 3, 3, 1, 2, 0, 3, 2, 2, 1, 2, 0, 0, 1, 3, 2, 2, 0, 2, 3, 0, 1, 3, 1, 1, 1, 0, 2, 2, 0, 0, 3, 0, 0, 0, 3, 3, 1, 2, 1, 1, 1]","['0', '1', '2', '4', '3', '6', '13', '7', '15', '8', '17', '16', '14', '5', '10', '12', '28', '19', '9', '87', '21', '11', '24', '22', '23', '36', '35', '34', '43', '29', '45', '37', '53', '38', '44', '30', '18', '46', '82', '20', '33', '54', '27', '32', '41', '49', '48', '42', '51', '25', '70', '26', '55', '58', '59', '31', '39', '40', '47', '60', '77', '62', '52', '50', '57', '61', '56', '63', '64', '68', '72', '67', '73', '80', '79', '74', '65', '81', '85', '66', '69', '71', '75', '76', '78', '83', '84', '86', '88', '89']"
810,1297,1.5358200118413263,29558,1265,849,649.2679100059206,"[2, 2, 1, 1, 0, 0, 2, 3, 1, 3, 1, 3, 0, 0, 1, 1, 0, 2, 3, 3, 2, 0, 3, 2, 0, 2, 2, 0, 0, 0, 2, 2, 0, 0, 1, 2, 1, 2, 1, 0, 3, 1, 2, 1, 2, 3, 3, 2, 1, 0, 2, 1, 0, 0, 3, 0, 3, 2, 3, 2, 1, 2, 1, 0, 3, 1, 3, 2, 0, 3, 1, 0, 0, 0, 0, 1, 3, 3, 2, 2, 0, 3, 3, 0, 1, 3, 2, 1, 2, 3]","['0', '1', '5', '4', '8', '3', '2', '7', '6', '16', '17', '15', '13', '10', '12', '9', '21', '18', '36', '25', '87', '19', '37', '24', '35', '11', '26', '20', '32', '30', '33', '42', '34', '43', '27', '31', '45', '39', '14', '53', '40', '54', '50', '28', '22', '46', '57', '44', '23', '49', '38', '70', '41', '47', '29', '51', '77', '48', '60', '82', '52', '56', '67', '59', '55', '68', '61', '72', '58', '74', '73', '79', '80', '62', '85', '81', '63', '64', '65', '66', '69', '71', '75', '76', '78', '83', '84', '86', '88', '89']"
811,1411,1.6959134615384615,30139,1363,885,706.3479567307693,"[3, 3, 1, 0, 1, 3, 1, 0, 1, 0, 1, 3, 3, 2, 1, 3, 1, 0, 0, 3, 0, 1, 1, 0, 3, 0, 1, 0, 0, 1, 1, 2, 1, 1, 2, 2, 2, 2, 1, 3, 2, 3, 0, 2, 3, 2, 2, 3, 3, 3, 1, 1, 2, 2, 3, 2, 3, 2, 1, 1, 0, 2, 3, 2, 3, 3, 1, 0, 3, 1, 2, 1, 2, 3, 0, 1, 0, 3, 1, 0, 1, 2, 2, 2, 0, 2, 3, 2, 2, 2]","['0', '2', '17', '1', '5', '12', '10', '3', '7', '4', '11', '6', '8', '14', '16', '15', '19', '30', '9', '27', '23', '22', '21', '29', '38', '25', '87', '34', '26', '13', '18', '20', '82', '36', '32', '37', '31', '35', '46', '43', '40', '41', '49', '51', '59', '58', '33', '60', '48', '44', '24', '50', '28', '57', '39', '42', '70', '77', '45', '56', '67', '53', '47', '52', '62', '55', '61', '68', '54', '63', '64', '65', '72', '74', '73', '80', '81', '79', '66', '85', '69', '71', '75', '76', '78', '83', '84', '86', '88', '89']"
812,1364,1.5736948370349004,32835,1334,938,682.7868474185175,"[2, 1, 0, 1, 1, 3, 1, 3, 0, 1, 2, 0, 2, 1, 3, 3, 3, 2, 0, 2, 0, 0, 1, 1, 1, 0, 1, 0, 3, 2, 1, 3, 3, 0, 0, 0, 2, 0, 2, 2, 1, 1, 0, 0, 1, 3, 1, 0, 2, 0, 1, 3, 1, 3, 1, 2, 1, 3, 3, 3, 1, 3, 0, 1, 3, 2, 1, 1, 0, 1, 3, 2, 2, 3, 1, 0, 2, 3, 3, 0, 0, 2, 3, 2, 0, 0, 0, 0, 0, 3]","['0', '1', '8', '2', '17', '5', '10', '7', '16', '87', '11', '4', '3', '12', '6', '9', '27', '23', '25', '14', '24', '15', '26', '18', '22', '21', '38', '34', '36', '13', '28', '19', '29', '82', '35', '43', '45', '30', '20', '53', '41', '54', '37', '44', '31', '46', '51', '55', '32', '49', '48', '59', '60', '70', '58', '47', '52', '39', '33', '42', '77', '40', '50', '62', '56', '57', '61', '63', '68', '64', '72', '74', '73', '65', '79', '66', '67', '80', '69', '81', '85', '71', '75', '76', '78', '83', '84', '86', '88', '89']"
813,1538,1.7847403539309545,31808,1477,1099,769.8923701769655,"[0, 0, 3, 3, 1, 3, 2, 1, 2, 3, 0, 0, 0, 0, 2, 2, 1, 2, 2, 1, 1, 1, 3, 1, 1, 3, 2, 2, 3, 0, 1, 1, 2, 2, 2, 1, 1, 2, 3, 0, 1, 1, 2, 0, 0, 2, 1, 1, 2, 3, 1, 3, 1, 2, 2, 2, 0, 1, 3, 3, 1, 0, 0, 1, 1, 3, 0, 3, 0, 0, 0, 1, 3, 3, 2, 3, 3, 2, 1, 0, 0, 3, 2, 1, 3, 1, 0, 1, 3, 2]","['0', '1', '2', '7', '4', '3', '5', '8', '6', '12', '9', '16', '15', '11', '27', '22', '10', '17', '18', '20', '25', '24', '26', '21', '36', '19', '34', '23', '41', '35', '38', '32', '37', '33', '87', '43', '49', '48', '70', '46', '30', '31', '14', '40', '29', '50', '39', '45', '77', '42', '44', '55', '53', '56', '54', '82', '57', '68', '72', '13', '74', '67', '47', '73', '28', '79', '52', '51', '58', '59', '60', '80', '81', '61', '85', '63', '62', '64', '65', '66', '69', '71', '75', '76', '78', '83', '84', '86', '88', '89']"
814,1770,2.1128021486123547,32170,1527,1101,886.0564010743062,"[2, 0, 3, 2, 3, 1, 1, 0, 0, 2, 1, 0, 2, 1, 0, 1, 3, 2, 1, 3, 1, 2, 0, 3, 2, 1, 3, 2, 0, 3, 1, 2, 3, 2, 2, 2, 3, 1, 2, 1, 0, 1, 1, 2, 2, 1, 2, 1, 3, 3, 3, 2, 2, 0, 1, 0, 3, 3, 2, 0, 1, 3, 0, 1, 1, 0, 2, 2, 2, 3, 1, 3, 2, 2, 3, 1, 3, 0, 2, 0, 2, 2, 2, 1, 0, 2, 3, 2, 3, 3]","['0', '2', '1', '7', '4', '5', '17', '3', '10', '12', '8', '16', '87', '6', '11', '9', '23', '24', '14', '15', '19', '22', '18', '38', '21', '34', '27', '13', '35', '30', '26', '44', '25', '46', '36', '37', '20', '33', '42', '43', '45', '28', '53', '55', '32', '31', '29', '41', '47', '39', '52', '82', '51', '48', '77', '58', '60', '40', '62', '49', '59', '70', '54', '50', '57', '61', '63', '56', '64', '65', '68', '72', '74', '66', '67', '69', '71', '73', '75', '76', '80', '81', '85', '79', '78', '83', '84', '86', '88', '89']"
815,1278,1.5676172953081877,31802,1324,944,639.783808647654,"[0, 0, 2, 3, 0, 2, 1, 0, 0, 1, 3, 0, 1, 2, 0, 2, 2, 2, 3, 2, 1, 1, 3, 3, 2, 0, 2, 2, 0, 2, 0, 3, 0, 2, 2, 3, 2, 3, 0, 2, 2, 1, 3, 1, 2, 0, 3, 1, 0, 2, 0, 3, 0, 2, 0, 0, 2, 3, 3, 0, 2, 3, 0, 0, 2, 0, 2, 1, 0, 3, 3, 3, 1, 0, 1, 1, 1, 1, 1, 0, 3, 1, 1, 3, 3, 2, 1, 3, 2, 2]","['0', '2', '1', '7', '4', '3', '17', '5', '10', '12', '6', '8', '15', '14', '11', '13', '28', '9', '22', '25', '23', '24', '18', '26', '27', '20', '19', '38', '32', '16', '33', '30', '29', '31', '40', '39', '21', '35', '46', '87', '82', '50', '45', '34', '57', '43', '77', '37', '55', '44', '53', '54', '41', '48', '49', '47', '36', '51', '52', '58', '70', '62', '60', '56', '67', '61', '42', '59', '68', '72', '63', '73', '64', '65', '74', '79', '80', '81', '85', '66', '69', '71', '75', '76', '78', '83', '84', '86', '88', '89']"
816,1387,1.6685714285714286,30322,1355,926,694.3342857142857,"[1, 1, 1, 3, 0, 3, 0, 1, 1, 2, 1, 3, 2, 3, 0, 1, 1, 2, 0, 0, 1, 0, 2, 3, 3, 3, 0, 1, 3, 0, 0, 1, 1, 3, 3, 3, 2, 3, 2, 3, 0, 1, 1, 3, 1, 2, 3, 2, 2, 1, 2, 1, 2, 1, 3, 0, 2, 2, 2, 0, 0, 3, 2, 1, 0, 2, 1, 1, 0, 0, 1, 2, 3, 3, 2, 3, 1, 0, 1, 2, 0, 2, 1, 2, 1, 3, 1, 3, 0, 2]","['0', '1', '4', '2', '17', '5', '8', '3', '11', '6', '7', '13', '15', '14', '10', '16', '28', '9', '21', '18', '35', '34', '44', '45', '20', '32', '23', '24', '25', '54', '87', '46', '43', '12', '22', '55', '27', '36', '53', '37', '38', '49', '70', '33', '26', '41', '47', '52', '51', '48', '60', '58', '59', '19', '30', '62', '29', '42', '82', '31', '40', '50', '57', '61', '39', '63', '77', '56', '68', '72', '67', '64', '74', '65', '66', '73', '79', '80', '69', '85', '71', '75', '76', '78', '81', '83', '84', '86', '88', '89']"
817,1491,1.7676348547717842,32767,1555,1062,746.3838174273859,"[1, 2, 1, 3, 0, 2, 3, 1, 0, 3, 3, 2, 3, 2, 3, 2, 2, 1, 0, 1, 3, 3, 1, 3, 0, 1, 2, 0, 1, 1, 3, 2, 2, 3, 3, 2, 0, 1, 3, 2, 2, 2, 2, 1, 2, 0, 2, 0, 2, 2, 1, 3, 1, 1, 3, 0, 2, 1, 1, 2, 1, 0, 0, 0, 3, 3, 2, 1, 0, 3, 1, 0, 3, 0, 1, 0, 1, 0, 1, 0, 2, 2, 1, 2, 3, 1, 2, 3, 0, 0]","['0', '2', '17', '1', '8', '4', '3', '6', '14', '5', '12', '15', '11', '19', '9', '7', '13', '24', '22', '16', '26', '18', '27', '87', '30', '21', '20', '31', '40', '35', '29', '34', '43', '37', '33', '46', '36', '23', '45', '42', '38', '44', '55', '50', '32', '25', '53', '82', '57', '41', '48', '56', '10', '47', '54', '39', '51', '58', '28', '49', '77', '70', '62', '59', '67', '68', '72', '73', '60', '80', '85', '79', '74', '61', '81', '52', '63', '64', '65', '66', '69', '71', '75', '76', '78', '83', '84', '86', '88', '89']"
818,1536,1.832388905457799,30506,1449,1002,768.9161944527289,"[0, 1, 0, 1, 1, 1, 1, 2, 2, 3, 1, 3, 2, 2, 0, 1, 1, 2, 3, 3, 1, 3, 0, 3, 3, 0, 0, 0, 1, 0, 3, 2, 1, 3, 0, 0, 0, 3, 1, 2, 0, 0, 1, 0, 1, 0, 3, 1, 2, 0, 0, 3, 1, 0, 1, 1, 0, 1, 1, 0, 1, 1, 1, 3, 0, 3, 0, 3, 3, 0, 2, 0, 0, 3, 2, 3, 2, 1, 0, 1, 2, 2, 1, 2, 2, 2, 1, 1, 2, 3]","['0', '2', '1', '8', '7', '3', '4', '5', '6', '16', '9', '25', '17', '12', '24', '14', '27', '26', '18', '22', '13', '11', '23', '20', '87', '21', '36', '38', '37', '35', '46', '43', '32', '10', '28', '44', '15', '49', '34', '19', '29', '30', '82', '70', '41', '45', '51', '58', '55', '33', '53', '42', '31', '60', '48', '54', '47', '40', '50', '57', '62', '56', '61', '68', '59', '39', '67', '77', '52', '63', '64', '72', '65', '74', '66', '73', '80', '69', '79', '71', '85', '81', '75', '76', '78', '83', '84', '86', '88', '89']"
819,1510,1.7822366479787548,31815,1479,1054,755.8911183239894,"[3, 1, 1, 0, 1, 1, 1, 2, 1, 3, 1, 3, 3, 1, 2, 2, 1, 1, 3, 3, 2, 2, 0, 1, 3, 2, 0, 2, 1, 1, 3, 2, 2, 1, 3, 1, 1, 3, 3, 3, 2, 0, 0, 3, 1, 1, 0, 3, 2, 2, 2, 0, 1, 0, 2, 2, 2, 1, 3, 1, 0, 1, 0, 1, 2, 1, 1, 2, 0, 2, 0, 2, 3, 1, 2, 0, 0, 2, 0, 1, 1, 1, 3, 0, 3, 2, 3, 3, 0, 1]","['0', '2', '17', '1', '4', '6', '3', '13', '7', '5', '11', '9', '8', '26', '14', '18', '10', '27', '20', '28', '32', '33', '23', '24', '22', '21', '16', '25', '15', '37', '34', '41', '49', '48', '35', '70', '47', '12', '46', '38', '45', '19', '44', '53', '29', '55', '82', '30', '87', '31', '43', '54', '40', '39', '77', '52', '36', '50', '57', '51', '56', '58', '42', '67', '68', '59', '62', '72', '60', '61', '73', '63', '80', '74', '79', '85', '81', '64', '65', '66', '69', '71', '75', '76', '78', '83', '84', '86', '88', '89']"
820,1508,1.8201569100784551,31134,1435,993,754.9100784550392,"[3, 0, 2, 0, 2, 3, 2, 0, 1, 2, 1, 0, 0, 3, 2, 0, 1, 0, 1, 0, 2, 3, 2, 1, 1, 2, 0, 1, 1, 3, 2, 1, 3, 1, 0, 0, 1, 0, 3, 1, 3, 0, 3, 2, 0, 3, 1, 2, 1, 0, 2, 0, 2, 2, 3, 1, 2, 3, 2, 2, 0, 0, 1, 1, 1, 0, 3, 2, 3, 2, 2, 0, 3, 2, 1, 1, 0, 1, 3, 0, 1, 2, 1, 1, 1, 0, 1, 1, 0, 1]","['0', '1', '3', '8', '5', '2', '10', '4', '6', '13', '15', '9', '14', '24', '28', '27', '12', '26', '25', '11', '21', '34', '7', '22', '18', '17', '36', '35', '44', '19', '29', '82', '43', '23', '37', '38', '45', '16', '30', '46', '87', '53', '20', '54', '32', '55', '49', '70', '33', '42', '31', '39', '40', '50', '57', '77', '41', '48', '56', '51', '59', '60', '67', '61', '47', '63', '68', '52', '64', '72', '74', '58', '73', '79', '80', '81', '85', '62', '65', '66', '69', '71', '75', '76', '78', '83', '84', '86', '88', '89']"
821,1342,1.6081485919712402,31918,1472,981,671.8040742959856,"[0, 2, 3, 3, 2, 3, 3, 3, 1, 3, 0, 1, 2, 2, 1, 2, 0, 0, 2, 3, 1, 3, 3, 3, 0, 0, 0, 2, 1, 1, 3, 3, 3, 1, 0, 2, 2, 1, 3, 1, 2, 1, 0, 0, 1, 3, 0, 2, 0, 0, 2, 2, 1, 0, 2, 1, 0, 3, 3, 3, 1, 1, 0, 2, 2, 0, 2, 3, 0, 3, 1, 0, 0, 3, 0, 0, 1, 1, 1, 2, 3, 0, 2, 1, 0, 1, 0, 0, 3, 2]","['0', '1', '4', '2', '7', '3', '17', '6', '14', '8', '16', '5', '15', '87', '13', '11', '9', '24', '12', '19', '10', '21', '22', '27', '28', '30', '25', '18', '34', '29', '36', '37', '82', '26', '35', '44', '31', '23', '46', '39', '45', '20', '33', '42', '55', '54', '43', '40', '77', '41', '32', '38', '50', '48', '47', '57', '51', '49', '60', '52', '70', '56', '59', '67', '58', '68', '61', '53', '72', '73', '63', '79', '62', '80', '85', '74', '81', '64', '65', '66', '69', '71', '75', '76', '78', '83', '84', '86', '88', '89']"
822,1362,1.6330935251798562,29624,1347,842,681.81654676259,"[2, 2, 2, 2, 3, 3, 0, 1, 1, 3, 3, 3, 0, 1, 2, 3, 2, 2, 3, 2, 2, 3, 2, 2, 1, 0, 2, 3, 0, 0, 3, 1, 0, 0, 2, 1, 3, 1, 0, 3, 2, 3, 1, 3, 3, 3, 0, 2, 1, 0, 1, 2, 1, 2, 0, 2, 1, 3, 3, 0, 0, 0, 1, 2, 0, 0, 1, 3, 2, 3, 0, 1, 2, 1, 1, 1, 0, 2, 1, 0, 0, 2, 0, 0, 2, 3, 1, 0, 0, 2]","['0', '1', '3', '8', '2', '4', '6', '17', '5', '12', '10', '11', '9', '22', '7', '18', '24', '21', '20', '23', '27', '15', '37', '34', '19', '36', '14', '41', '26', '47', '32', '33', '13', '49', '28', '42', '70', '25', '30', '29', '82', '48', '16', '38', '31', '87', '40', '39', '50', '57', '35', '43', '44', '46', '51', '58', '60', '45', '54', '53', '59', '77', '56', '52', '67', '62', '68', '72', '74', '73', '80', '85', '79', '55', '61', '63', '64', '81', '65', '66', '69', '71', '75', '76', '78', '83', '84', '86', '88', '89']"
823,1349,1.579625292740047,33487,1428,1016,675.28981264637,"[3, 2, 1, 0, 2, 1, 1, 1, 1, 1, 2, 0, 3, 2, 1, 1, 1, 1, 2, 0, 1, 1, 3, 2, 2, 3, 2, 2, 2, 3, 3, 2, 2, 3, 0, 0, 0, 0, 2, 0, 0, 0, 1, 0, 2, 2, 3, 1, 3, 1, 3, 0, 1, 0, 1, 0, 0, 3, 3, 1, 2, 1, 0, 3, 1, 0, 2, 0, 2, 1, 0, 0, 2, 1, 2, 1, 1, 3, 0, 1, 0, 3, 3, 2, 0, 3, 0, 2, 3, 1]","['0', '1', '4', '3', '2', '5', '8', '11', '6', '17', '7', '10', '12', '15', '14', '13', '19', '28', '29', '82', '16', '9', '21', '87', '36', '18', '27', '26', '37', '25', '23', '34', '20', '22', '24', '41', '48', '38', '35', '33', '46', '44', '42', '47', '43', '30', '45', '32', '55', '54', '53', '52', '49', '31', '40', '70', '39', '77', '51', '59', '50', '56', '60', '58', '68', '67', '57', '61', '72', '73', '62', '63', '79', '80', '74', '81', '64', '85', '65', '66', '69', '71', '75', '76', '78', '83', '84', '86', '88', '89']"
824,1466,1.7457576659720155,31700,1373,1021,733.872878832986,"[2, 3, 2, 3, 2, 1, 1, 2, 0, 0, 0, 0, 3, 2, 2, 2, 0, 1, 3, 1, 2, 3, 2, 2, 3, 2, 2, 3, 1, 3, 3, 3, 2, 2, 1, 3, 3, 0, 0, 0, 2, 3, 1, 3, 3, 0, 2, 2, 3, 3, 0, 2, 0, 0, 2, 1, 2, 2, 3, 2, 1, 3, 3, 0, 2, 2, 0, 1, 1, 2, 2, 3, 3, 2, 2, 0, 0, 2, 3, 0, 2, 3, 1, 3, 0, 1, 0, 3, 0, 2]","['0', '2', '17', '1', '8', '5', '7', '3', '10', '16', '87', '4', '6', '13', '15', '14', '12', '9', '24', '11', '26', '27', '21', '19', '35', '30', '37', '44', '18', '28', '23', '46', '43', '29', '34', '25', '45', '53', '31', '54', '39', '40', '50', '55', '22', '20', '77', '38', '41', '32', '47', '36', '51', '82', '59', '48', '57', '60', '61', '33', '52', '56', '58', '62', '63', '49', '70', '64', '67', '42', '65', '68', '72', '74', '66', '69', '71', '73', '79', '75', '80', '81', '85', '76', '78', '83', '84', '86', '88', '89']"
825,1403,1.669244497323022,32140,1367,1007,702.3346222486615,"[1, 0, 3, 0, 3, 0, 3, 1, 0, 1, 0, 0, 3, 3, 2, 3, 1, 1, 2, 1, 1, 3, 0, 3, 2, 1, 3, 3, 1, 0, 1, 1, 1, 2, 3, 1, 0, 0, 1, 2, 2, 1, 2, 2, 1, 3, 1, 0, 2, 0, 0, 1, 3, 2, 2, 2, 1, 2, 2, 0, 3, 2, 1, 0, 2, 2, 0, 3, 0, 2, 3, 3, 3, 0, 0, 3, 3, 0, 0, 3, 3, 3, 2, 2, 2, 2, 3, 0, 3, 1]","['0', '2', '17', '1', '5', '10', '3', '4', '7', '6', '9', '23', '24', '21', '12', '11', '34', '25', '18', '20', '15', '32', '37', '13', '49', '70', '19', '36', '30', '41', '14', '29', '27', '82', '48', '28', '35', '47', '45', '44', '53', '52', '43', '26', '33', '22', '42', '55', '54', '38', '8', '31', '39', '77', '16', '46', '87', '51', '60', '58', '62', '59', '40', '50', '57', '56', '67', '68', '61', '63', '64', '65', '66', '72', '73', '79', '74', '69', '71', '75', '76', '78', '83', '80', '84', '81', '85', '86', '88', '89']"
826,1582,1.8416763678696157,32114,1418,966,791.9208381839348,"[2, 2, 0, 1, 1, 2, 3, 3, 3, 3, 0, 3, 0, 2, 3, 3, 2, 1, 0, 1, 2, 3, 0, 3, 3, 2, 1, 2, 3, 1, 0, 0, 0, 1, 0, 0, 1, 1, 3, 3, 2, 0, 0, 1, 2, 3, 3, 2, 2, 0, 0, 1, 0, 0, 3, 0, 0, 0, 0, 1, 1, 1, 1, 0, 2, 3, 0, 0, 0, 3, 0, 0, 2, 2, 2, 0, 2, 3, 1, 1, 1, 0, 2, 1, 3, 3, 1, 1, 0, 3]","['0', '2', '1', '8', '4', '6', '17', '15', '3', '7', '14', '5', '10', '12', '9', '19', '25', '16', '22', '13', '26', '87', '11', '28', '18', '29', '23', '20', '30', '27', '38', '82', '33', '31', '24', '40', '21', '32', '39', '77', '37', '49', '35', '44', '43', '46', '70', '34', '41', '47', '48', '36', '50', '45', '55', '51', '57', '56', '59', '54', '52', '53', '68', '58', '60', '72', '73', '61', '67', '74', '79', '63', '64', '62', '80', '85', '81', '42', '65', '66', '69', '71', '75', '76', '78', '83', '84', '86', '88', '89']"
827,1616,1.9341711549970078,32632,1492,1067,808.9670855774986,"[0, 3, 0, 2, 1, 2, 1, 0, 0, 0, 3, 1, 3, 2, 0, 3, 2, 0, 3, 1, 1, 3, 3, 1, 0, 1, 2, 2, 2, 1, 2, 3, 3, 3, 1, 2, 3, 3, 2, 3, 1, 2, 0, 0, 3, 0, 2, 1, 3, 0, 1, 0, 1, 0, 3, 3, 1, 1, 3, 1, 0, 3, 0, 3, 3, 0, 1, 2, 2, 2, 0, 3, 2, 0, 1, 1, 2, 1, 3, 1, 3, 3, 3, 3, 2, 1, 2, 0, 1, 0]","['0', '1', '7', '8', '4', '2', '3', '5', '6', '9', '18', '15', '24', '22', '14', '12', '13', '11', '21', '20', '23', '38', '32', '37', '16', '49', '35', '87', '36', '17', '43', '10', '33', '44', '27', '45', '42', '53', '70', '19', '30', '34', '54', '55', '29', '26', '25', '31', '40', '50', '46', '57', '82', '39', '77', '28', '41', '47', '51', '59', '52', '48', '60', '58', '56', '67', '62', '68', '72', '73', '74', '61', '80', '79', '85', '81', '63', '64', '65', '66', '69', '71', '75', '76', '78', '83', '84', '86', '88', '89']"
828,1728,1.9959572624891713,32407,1407,944,864.9979786312446,"[1, 1, 3, 1, 3, 2, 1, 1, 0, 0, 3, 2, 2, 1, 1, 0, 3, 2, 0, 1, 0, 0, 0, 1, 2, 2, 3, 0, 3, 0, 2, 1, 1, 2, 2, 1, 3, 2, 0, 3, 1, 0, 2, 2, 0, 1, 3, 1, 1, 2, 0, 0, 2, 2, 1, 1, 1, 1, 3, 1, 3, 3, 0, 1, 0, 2, 2, 1, 3, 3, 1, 1, 3, 2, 0, 0, 1, 2, 0, 0, 2, 1, 1, 0, 0, 3, 0, 1, 1, 3]","['0', '1', '2', '8', '7', '4', '6', '16', '14', '87', '17', '15', '13', '5', '11', '12', '10', '9', '24', '25', '3', '27', '26', '19', '22', '21', '23', '29', '34', '28', '37', '35', '44', '45', '82', '38', '55', '43', '46', '18', '20', '41', '51', '59', '60', '54', '32', '58', '36', '49', '30', '48', '47', '70', '52', '53', '33', '31', '62', '42', '39', '77', '40', '50', '57', '56', '61', '67', '68', '72', '74', '63', '73', '79', '64', '65', '66', '69', '71', '75', '80', '76', '78', '85', '83', '84', '81', '86', '88', '89']"
829,1344,1.6370280146163216,31208,1430,1011,672.8185140073082,"[3, 2, 2, 1, 0, 1, 3, 0, 1, 3, 0, 2, 3, 2, 0, 3, 3, 3, 2, 1, 1, 2, 3, 1, 1, 1, 0, 1, 3, 3, 1, 3, 1, 3, 1, 3, 0, 1, 2, 0, 3, 2, 3, 2, 3, 0, 0, 3, 1, 0, 3, 3, 3, 3, 0, 2, 3, 2, 1, 3, 0, 2, 0, 0, 2, 3, 3, 0, 0, 1, 3, 2, 1, 1, 0, 1, 0, 0, 3, 1, 2, 2, 0, 2, 2, 0, 1, 0, 1, 1]","['0', '1', '8', '7', '4', '5', '10', '3', '12', '2', '16', '11', '17', '87', '6', '13', '9', '22', '28', '23', '26', '24', '38', '15', '27', '18', '14', '19', '20', '32', '25', '29', '33', '30', '82', '31', '21', '35', '43', '34', '45', '36', '55', '42', '44', '39', '40', '54', '41', '53', '50', '47', '48', '46', '37', '57', '51', '56', '59', '49', '52', '70', '67', '58', '77', '60', '62', '68', '72', '74', '61', '63', '73', '79', '64', '80', '65', '85', '81', '66', '69', '71', '75', '76', '78', '83', '84', '86', '88', '89']"
830,1366,1.648762824381412,31728,1473,1036,683.8243814121907,"[1, 2, 1, 3, 3, 0, 2, 0, 3, 2, 0, 2, 0, 1, 0, 1, 0, 0, 2, 3, 3, 0, 3, 1, 3, 0, 0, 2, 0, 2, 2, 2, 1, 1, 1, 3, 2, 0, 1, 0, 3, 0, 1, 0, 2, 1, 3, 1, 3, 0, 3, 0, 1, 3, 3, 0, 2, 3, 2, 3, 0, 0, 2, 2, 0, 2, 3, 3, 1, 3, 2, 2, 1, 3, 3, 3, 0, 1, 2, 3, 0, 2, 1, 2, 1, 3, 1, 3, 3, 1]","['0', '2', '17', '1', '3', '5', '8', '7', '11', '16', '12', '4', '87', '10', '6', '14', '13', '15', '19', '30', '28', '29', '9', '18', '24', '22', '25', '27', '26', '23', '82', '31', '39', '20', '38', '21', '77', '37', '36', '35', '33', '46', '43', '42', '40', '32', '49', '50', '57', '70', '45', '34', '55', '54', '44', '41', '48', '56', '47', '51', '59', '53', '60', '67', '52', '58', '62', '68', '61', '63', '72', '73', '64', '80', '79', '65', '74', '85', '66', '81', '69', '71', '75', '76', '78', '83', '84', '86', '88', '89']"
831,1543,1.8601567209162146,31606,1440,1019,772.4300783604581,"[2, 0, 0, 3, 2, 0, 3, 1, 2, 0, 3, 1, 0, 0, 2, 1, 2, 0, 3, 0, 0, 2, 1, 1, 0, 0, 2, 1, 0, 0, 2, 3, 0, 1, 3, 0, 0, 3, 0, 1, 0, 1, 0, 2, 2, 1, 3, 1, 3, 0, 3, 1, 2, 0, 0, 2, 2, 2, 1, 0, 0, 1, 0, 2, 3, 3, 1, 2, 3, 0, 2, 1, 3, 2, 0, 3, 0, 2, 0, 2, 0, 0, 1, 3, 2, 2, 2, 2, 1, 1]","['0', '2', '17', '1', '3', '7', '8', '5', '16', '10', '11', '12', '4', '87', '6', '13', '28', '9', '25', '22', '24', '27', '26', '18', '23', '38', '15', '14', '21', '20', '34', '37', '41', '32', '47', '48', '35', '44', '46', '43', '51', '60', '36', '59', '49', '70', '52', '58', '19', '29', '33', '42', '82', '30', '45', '31', '53', '40', '62', '39', '54', '77', '50', '56', '67', '68', '55', '57', '72', '61', '73', '80', '85', '63', '81', '79', '74', '64', '65', '66', '69', '71', '75', '76', '78', '83', '84', '86', '88', '89']"
832,1447,1.7381381381381382,28619,1408,934,724.369069069069,"[0, 0, 1, 1, 1, 3, 1, 0, 3, 0, 1, 2, 0, 1, 2, 1, 0, 1, 0, 3, 1, 2, 0, 1, 0, 0, 2, 2, 2, 3, 2, 0, 1, 1, 2, 3, 3, 1, 2, 3, 3, 2, 2, 0, 2, 2, 2, 0, 0, 1, 3, 1, 3, 3, 1, 0, 1, 3, 1, 1, 1, 3, 2, 2, 3, 1, 2, 3, 1, 3, 1, 3, 3, 0, 2, 2, 3, 1, 2, 2, 1, 2, 2, 2, 3, 3, 1, 3, 3, 0]","['0', '1', '3', '5', '4', '6', '2', '15', '7', '12', '8', '14', '17', '9', '19', '21', '10', '23', '35', '30', '11', '43', '46', '22', '29', '37', '27', '34', '25', '16', '26', '13', '36', '31', '82', '38', '87', '40', '45', '18', '28', '55', '20', '50', '41', '24', '44', '33', '39', '51', '77', '57', '59', '53', '60', '42', '58', '48', '54', '62', '56', '32', '49', '68', '47', '70', '72', '52', '74', '67', '61', '63', '64', '65', '66', '73', '79', '69', '71', '80', '85', '75', '76', '78', '81', '83', '84', '86', '88', '89']"
833,1630,1.9451073985680192,32124,1325,946,815.972553699284,"[0, 3, 1, 0, 3, 3, 3, 2, 2, 3, 3, 3, 3, 3, 1, 1, 3, 0, 3, 3, 1, 1, 3, 1, 0, 0, 0, 0, 1, 1, 1, 2, 1, 0, 2, 0, 3, 3, 0, 1, 1, 3, 3, 0, 1, 2, 2, 1, 0, 3, 1, 1, 3, 1, 1, 0, 0, 1, 2, 2, 1, 1, 3, 0, 3, 0, 1, 2, 1, 1, 1, 2, 0, 0, 1, 0, 1, 1, 3, 0, 0, 3, 1, 3, 2, 3, 2, 0, 3, 1]","['0', '2', '1', '7', '3', '17', '4', '5', '12', '10', '11', '6', '15', '8', '19', '13', '14', '16', '29', '30', '28', '87', '82', '9', '22', '23', '27', '24', '18', '26', '31', '40', '25', '50', '57', '38', '20', '32', '33', '39', '77', '21', '35', '44', '37', '34', '49', '36', '45', '42', '53', '55', '43', '41', '54', '70', '51', '60', '61', '59', '48', '46', '56', '67', '63', '58', '64', '47', '52', '62', '65', '68', '66', '72', '69', '71', '73', '80', '79', '74', '85', '75', '81', '76', '78', '83', '84', '86', '88', '89']"
834,1324,1.601935874168179,31914,1473,1071,662.8009679370841,"[1, 0, 3, 1, 2, 2, 2, 0, 3, 1, 0, 3, 2, 1, 0, 3, 2, 3, 2, 1, 2, 2, 3, 2, 2, 1, 1, 3, 1, 1, 2, 3, 2, 3, 2, 0, 0, 0, 3, 1, 3, 2, 1, 1, 3, 1, 3, 1, 0, 1, 0, 2, 2, 0, 3, 3, 2, 1, 0, 3, 0, 0, 2, 0, 2, 2, 2, 2, 0, 3, 0, 2, 1, 0, 1, 0, 2, 1, 2, 2, 2, 1, 3, 3, 0, 3, 3, 1, 0, 2]","['0', '2', '1', '5', '7', '4', '3', '12', '10', '8', '16', '11', '17', '6', '9', '15', '19', '25', '30', '13', '14', '24', '26', '22', '27', '23', '38', '31', '21', '28', '39', '36', '87', '18', '35', '20', '34', '45', '53', '40', '50', '55', '46', '37', '54', '29', '44', '41', '82', '77', '48', '43', '32', '57', '49', '47', '51', '56', '58', '52', '68', '72', '74', '60', '70', '33', '73', '61', '59', '67', '79', '63', '80', '42', '64', '85', '62', '81', '65', '66', '69', '71', '75', '76', '78', '83', '84', '86', '88', '89']"
835,1353,1.6054583209730051,33305,1445,1021,677.3027291604865,"[0, 1, 2, 3, 2, 2, 0, 0, 2, 1, 0, 2, 2, 1, 1, 0, 3, 0, 1, 3, 0, 2, 2, 0, 3, 3, 2, 0, 3, 0, 1, 3, 2, 2, 3, 3, 1, 1, 1, 2, 0, 2, 0, 0, 0, 3, 1, 0, 3, 3, 1, 0, 1, 3, 3, 1, 1, 2, 1, 3, 2, 0, 1, 0, 2, 1, 3, 0, 0, 3, 2, 0, 3, 2, 1, 0, 2, 2, 1, 2, 2, 1, 0, 0, 1, 2, 1, 2, 1, 2]","['0', '1', '5', '4', '10', '11', '8', '3', '12', '2', '7', '17', '6', '15', '14', '13', '28', '16', '87', '19', '30', '9', '27', '18', '23', '26', '20', '21', '25', '36', '37', '31', '22', '38', '40', '50', '33', '42', '32', '49', '29', '35', '43', '57', '34', '41', '48', '46', '44', '56', '24', '45', '47', '82', '39', '53', '77', '55', '67', '70', '51', '68', '59', '54', '60', '58', '72', '61', '73', '63', '79', '62', '64', '52', '74', '80', '81', '65', '66', '85', '69', '71', '75', '76', '78', '83', '84', '86', '88', '89']"
836,1382,1.643281807372176,32724,1356,946,691.8216409036861,"[1, 2, 0, 2, 1, 2, 1, 3, 0, 2, 2, 3, 0, 1, 1, 2, 2, 1, 1, 0, 0, 1, 1, 0, 2, 1, 1, 2, 1, 2, 0, 2, 2, 2, 1, 3, 3, 1, 0, 1, 0, 0, 0, 1, 1, 3, 0, 1, 1, 2, 2, 3, 2, 2, 1, 3, 3, 3, 0, 0, 3, 3, 2, 1, 0, 3, 2, 0, 3, 3, 0, 1, 3, 2, 0, 0, 0, 3, 2, 1, 1, 0, 0, 1, 1, 0, 1, 0, 0, 1]","['0', '1', '5', '12', '11', '3', '7', '2', '8', '17', '10', '16', '87', '4', '6', '13', '15', '9', '27', '26', '25', '14', '21', '37', '24', '19', '29', '22', '82', '18', '28', '30', '34', '31', '39', '40', '36', '20', '33', '77', '32', '23', '41', '47', '48', '35', '43', '38', '44', '45', '42', '52', '53', '46', '49', '54', '51', '59', '55', '70', '60', '58', '50', '56', '62', '68', '72', '67', '57', '73', '80', '79', '74', '81', '61', '63', '64', '85', '65', '66', '69', '71', '75', '76', '78', '83', '84', '86', '88', '89']"
837,1351,1.6059435364041605,32531,1574,1080,676.302971768202,"[2, 3, 0, 3, 1, 0, 1, 3, 3, 1, 3, 0, 3, 1, 0, 2, 2, 0, 0, 3, 0, 1, 0, 3, 2, 2, 0, 0, 2, 1, 2, 1, 1, 0, 1, 3, 2, 2, 2, 3, 1, 1, 3, 0, 2, 2, 0, 2, 2, 1, 1, 2, 2, 0, 0, 3, 2, 3, 0, 1, 2, 0, 1, 2, 3, 2, 2, 3, 1, 1, 2, 3, 2, 1, 0, 0, 2, 3, 3, 2, 1, 1, 3, 1, 0, 2, 0, 2, 3, 2]","['0', '2', '17', '1', '3', '8', '4', '7', '5', '16', '12', '6', '14', '13', '11', '10', '9', '21', '34', '37', '27', '23', '36', '87', '18', '25', '24', '26', '35', '44', '43', '28', '45', '55', '54', '15', '22', '38', '53', '20', '32', '19', '49', '46', '29', '70', '33', '30', '42', '82', '41', '31', '47', '48', '39', '77', '52', '51', '58', '60', '59', '40', '62', '50', '56', '68', '57', '61', '67', '72', '74', '73', '79', '63', '80', '85', '64', '81', '65', '66', '69', '71', '75', '76', '78', '83', '84', '86', '88', '89']"
838,1494,1.7727677247107683,32034,1380,1002,747.8863838623554,"[1, 0, 3, 0, 0, 2, 1, 1, 0, 0, 0, 1, 2, 3, 3, 2, 3, 0, 2, 0, 1, 1, 0, 2, 3, 2, 0, 0, 1, 0, 1, 1, 1, 0, 1, 2, 1, 3, 2, 1, 3, 0, 3, 2, 3, 1, 0, 0, 0, 1, 2, 3, 1, 0, 2, 3, 0, 0, 2, 3, 1, 1, 1, 0, 1, 1, 3, 2, 3, 0, 3, 0, 2, 2, 2, 3, 1, 2, 3, 2, 0, 2, 0, 1, 0, 1, 1, 0, 0, 2]","['0', '1', '4', '7', '8', '6', '13', '3', '2', '14', '17', '15', '16', '87', '5', '9', '24', '10', '27', '11', '23', '26', '18', '20', '32', '12', '33', '28', '22', '38', '25', '19', '21', '35', '43', '45', '30', '36', '55', '31', '44', '42', '46', '37', '49', '40', '29', '53', '54', '50', '39', '77', '82', '34', '57', '70', '41', '47', '48', '52', '56', '68', '72', '74', '51', '58', '60', '73', '80', '85', '67', '79', '81', '59', '62', '61', '63', '64', '65', '66', '69', '71', '75', '76', '78', '83', '84', '86', '88', '89']"
839,1612,1.9031877213695396,29573,1270,917,806.9515938606847,"[1, 1, 3, 1, 1, 3, 0, 1, 0, 2, 1, 0, 1, 0, 0, 3, 2, 0, 0, 0, 2, 2, 1, 2, 2, 0, 0, 2, 0, 1, 3, 2, 1, 3, 2, 3, 2, 3, 0, 0, 0, 3, 0, 3, 0, 3, 2, 2, 0, 1, 3, 0, 1, 3, 1, 0, 1, 3, 3, 0, 0, 1, 3, 3, 0, 3, 3, 3, 0, 2, 0, 2, 3, 2, 2, 3, 1, 0, 0, 0, 3, 1, 1, 3, 1, 3, 2, 1, 1, 1]","['0', '2', '17', '1', '3', '5', '8', '4', '11', '7', '6', '14', '16', '13', '87', '12', '10', '9', '27', '24', '26', '23', '22', '28', '21', '25', '34', '36', '37', '15', '18', '20', '35', '43', '44', '41', '48', '38', '45', '51', '46', '47', '58', '33', '32', '19', '54', '52', '42', '49', '59', '29', '82', '60', '70', '53', '62', '55', '30', '31', '39', '77', '40', '50', '57', '61', '56', '67', '63', '64', '68', '65', '66', '69', '71', '75', '72', '73', '74', '76', '78', '80', '85', '79', '83', '84', '86', '81', '88', '89']"
840,1354,1.6412121212121211,34984,1457,1067,677.8206060606061,"[3, 0, 1, 1, 3, 3, 2, 0, 2, 1, 2, 2, 3, 3, 3, 3, 2, 0, 0, 0, 3, 1, 0, 0, 1, 2, 3, 2, 0, 3, 3, 2, 2, 3, 1, 3, 2, 1, 2, 1, 3, 2, 2, 0, 1, 1, 3, 1, 0, 3, 1, 2, 0, 2, 2, 2, 0, 3, 2, 2, 1, 0, 3, 1, 0, 2, 2, 1, 3, 3, 0, 2, 2, 3, 1, 1, 3, 0, 0, 3, 0, 2, 0, 1, 3, 3, 3, 2, 0, 0]","['0', '2', '17', '1', '3', '8', '4', '5', '10', '6', '15', '7', '14', '16', '13', '9', '11', '12', '26', '25', '28', '21', '19', '24', '87', '30', '34', '29', '82', '27', '36', '22', '35', '44', '18', '45', '43', '46', '55', '20', '33', '31', '42', '40', '23', '32', '53', '54', '41', '39', '50', '51', '38', '58', '62', '48', '37', '49', '47', '59', '56', '52', '67', '77', '68', '72', '60', '57', '74', '70', '61', '63', '73', '80', '85', '81', '79', '64', '65', '66', '69', '71', '75', '76', '78', '83', '84', '86', '88', '89']"
841,1633,1.9452054794520548,31941,1375,951,817.472602739726,"[3, 2, 0, 2, 2, 2, 2, 3, 2, 0, 1, 0, 3, 3, 0, 1, 3, 2, 1, 3, 3, 0, 3, 0, 0, 3, 1, 2, 3, 1, 2, 3, 3, 1, 2, 1, 1, 2, 3, 1, 3, 0, 2, 0, 2, 1, 0, 0, 0, 1, 3, 1, 1, 2, 1, 0, 3, 3, 1, 1, 3, 1, 0, 2, 1, 0, 1, 2, 1, 1, 1, 0, 1, 3, 0, 2, 1, 2, 0, 1, 0, 0, 0, 1, 2, 1, 1, 2, 1, 3]","['0', '2', '1', '8', '17', '7', '16', '3', '4', '87', '5', '10', '6', '15', '12', '13', '28', '14', '11', '9', '25', '26', '18', '24', '19', '27', '21', '23', '35', '30', '46', '43', '36', '22', '34', '29', '82', '31', '38', '40', '44', '50', '20', '41', '47', '45', '54', '53', '52', '57', '33', '42', '32', '39', '51', '60', '37', '48', '56', '58', '68', '67', '59', '55', '77', '49', '61', '70', '63', '72', '62', '64', '65', '66', '69', '74', '71', '73', '75', '76', '78', '79', '83', '84', '80', '85', '86', '81', '88', '89']"
842,1315,1.5575954989635772,30270,1333,928,658.2787977494818,"[1, 1, 2, 3, 1, 1, 1, 2, 0, 1, 1, 3, 2, 2, 3, 1, 2, 1, 0, 1, 2, 0, 3, 0, 3, 2, 1, 1, 1, 1, 1, 3, 2, 0, 3, 1, 2, 0, 3, 2, 0, 2, 1, 0, 2, 0, 2, 3, 0, 3, 2, 0, 0, 3, 0, 3, 2, 2, 2, 0, 2, 1, 3, 0, 3, 3, 2, 0, 2, 0, 1, 1, 0, 0, 2, 3, 3, 1, 3, 0, 1, 1, 2, 1, 1, 2, 0, 1, 3, 0]","['0', '1', '7', '3', '5', '10', '11', '2', '8', '12', '16', '87', '17', '4', '6', '13', '9', '24', '28', '23', '22', '21', '27', '15', '37', '14', '38', '26', '19', '30', '35', '29', '25', '31', '34', '36', '45', '39', '53', '44', '55', '18', '40', '46', '50', '54', '20', '33', '42', '41', '32', '43', '48', '77', '82', '51', '49', '59', '58', '57', '62', '56', '67', '60', '61', '47', '68', '63', '70', '52', '72', '73', '79', '64', '74', '65', '66', '80', '69', '85', '81', '71', '75', '76', '78', '83', '84', '86', '88', '89']"
843,1348,1.6009501187648456,29862,1451,1047,674.8004750593824,"[0, 3, 0, 2, 3, 3, 3, 2, 1, 2, 1, 3, 2, 1, 3, 3, 1, 3, 2, 3, 2, 0, 3, 1, 3, 2, 1, 2, 0, 3, 0, 3, 3, 1, 0, 2, 0, 2, 1, 0, 0, 0, 2, 1, 3, 0, 0, 1, 1, 0, 3, 1, 3, 3, 3, 2, 3, 0, 2, 3, 0, 2, 0, 3, 1, 2, 1, 3, 0, 2, 1, 3, 0, 0, 3, 1, 2, 0, 2, 2, 2, 0, 3, 2, 0, 3, 1, 1, 2, 0]","['0', '1', '2', '7', '5', '4', '11', '3', '8', '10', '16', '17', '87', '12', '6', '15', '14', '19', '30', '29', '13', '82', '28', '9', '26', '22', '21', '25', '23', '18', '37', '36', '20', '27', '31', '34', '35', '45', '24', '55', '41', '39', '48', '53', '47', '43', '40', '51', '54', '58', '44', '52', '62', '77', '60', '38', '46', '32', '33', '50', '49', '57', '59', '61', '63', '42', '70', '64', '56', '67', '65', '68', '72', '66', '73', '69', '80', '81', '71', '74', '85', '75', '79', '76', '78', '83', '84', '86', '88', '89']"
844,1376,1.6400476758045293,29948,1261,900,688.8200238379022,"[2, 1, 2, 0, 3, 1, 1, 0, 1, 3, 3, 1, 0, 3, 3, 3, 1, 1, 1, 0, 2, 2, 3, 1, 3, 3, 3, 0, 0, 3, 0, 0, 2, 1, 0, 0, 2, 1, 2, 3, 1, 2, 0, 0, 1, 2, 1, 3, 3, 0, 1, 1, 3, 2, 1, 2, 1, 2, 1, 1, 1, 1, 1, 1, 2, 0, 1, 2, 1, 2, 0, 2, 2, 2, 3, 2, 0, 1, 2, 3, 0, 0, 1, 0, 0, 2, 0, 2, 3, 3]","['0', '2', '17', '1', '3', '4', '7', '5', '8', '6', '10', '9', '27', '18', '12', '11', '25', '20', '13', '14', '33', '28', '26', '32', '23', '15', '24', '19', '21', '29', '82', '30', '35', '16', '37', '43', '36', '44', '46', '45', '22', '42', '31', '39', '77', '53', '38', '55', '54', '40', '49', '34', '41', '48', '50', '57', '56', '70', '67', '47', '87', '52', '68', '72', '51', '74', '58', '59', '62', '60', '73', '61', '63', '79', '64', '80', '81', '85', '65', '66', '69', '71', '75', '76', '78', '83', '84', '86', '88', '89']"
845,1450,1.7427884615384615,34075,1423,1033,725.8713942307693,"[1, 2, 1, 0, 1, 1, 1, 0, 0, 3, 0, 0, 3, 1, 0, 1, 0, 0, 1, 2, 2, 2, 0, 2, 2, 0, 0, 2, 0, 0, 1, 2, 0, 0, 3, 2, 0, 1, 3, 3, 1, 0, 3, 2, 3, 1, 2, 1, 1, 1, 3, 2, 2, 1, 0, 2, 3, 0, 1, 3, 1, 3, 2, 3, 3, 1, 1, 0, 2, 3, 0, 1, 1, 0, 0, 3, 1, 3, 1, 0, 0, 2, 3, 3, 1, 3, 1, 0, 0, 0]","['0', '1', '8', '5', '7', '10', '4', '11', '3', '12', '6', '13', '9', '18', '20', '15', '33', '25', '14', '32', '21', '36', '37', '26', '35', '28', '49', '46', '23', '43', '22', '45', '70', '54', '2', '24', '34', '27', '17', '19', '55', '44', '53', '42', '16', '29', '82', '30', '38', '31', '87', '40', '41', '51', '48', '59', '60', '47', '50', '52', '39', '57', '56', '58', '67', '61', '77', '62', '63', '64', '65', '68', '72', '74', '73', '66', '69', '79', '71', '75', '76', '80', '85', '78', '83', '81', '84', '86', '88', '89']"
846,1245,1.5077202543142598,32734,1323,914,623.2538601271572,"[3, 3, 3, 1, 1, 1, 0, 0, 1, 1, 2, 3, 2, 2, 1, 1, 0, 1, 3, 3, 0, 1, 0, 3, 0, 1, 2, 1, 0, 1, 1, 2, 1, 0, 3, 3, 0, 3, 3, 0, 0, 0, 0, 0, 3, 3, 1, 3, 2, 1, 2, 0, 1, 1, 1, 2, 0, 3, 2, 2, 1, 3, 2, 2, 0, 2, 2, 2, 1, 2, 2, 0, 2, 3, 2, 0, 3, 1, 2, 3, 1, 1, 2, 1, 2, 3, 3, 2, 3, 1]","['0', '2', '17', '1', '5', '7', '3', '8', '16', '87', '4', '10', '12', '6', '15', '9', '18', '22', '19', '30', '11', '13', '23', '28', '38', '14', '24', '29', '21', '82', '26', '27', '34', '35', '44', '43', '20', '31', '45', '54', '40', '50', '55', '46', '36', '53', '57', '25', '39', '37', '77', '32', '33', '41', '51', '47', '58', '48', '49', '60', '70', '59', '62', '42', '52', '56', '61', '68', '63', '72', '74', '67', '73', '64', '80', '79', '81', '65', '66', '85', '69', '71', '75', '76', '78', '83', '84', '86', '88', '89']"
847,1763,2.0656121851200937,32598,1468,1005,882.53280609256,"[1, 2, 1, 3, 2, 1, 3, 1, 2, 3, 2, 2, 1, 0, 3, 3, 0, 2, 2, 3, 0, 2, 0, 3, 1, 0, 3, 3, 0, 2, 2, 2, 0, 2, 2, 3, 2, 1, 1, 2, 3, 3, 0, 3, 3, 1, 1, 2, 0, 2, 0, 1, 0, 2, 3, 0, 2, 0, 2, 1, 2, 1, 2, 2, 0, 2, 3, 1, 0, 2, 0, 3, 1, 2, 0, 0, 0, 1, 2, 3, 3, 1, 2, 1, 2, 2, 3, 0, 1, 0]","['0', '2', '1', '5', '8', '7', '3', '17', '10', '4', '6', '11', '15', '12', '13', '19', '14', '30', '16', '29', '9', '23', '24', '26', '21', '18', '82', '37', '28', '22', '36', '38', '25', '87', '34', '35', '20', '41', '43', '47', '44', '32', '51', '60', '33', '27', '59', '49', '52', '42', '70', '46', '31', '58', '40', '48', '45', '53', '39', '62', '54', '77', '50', '56', '67', '68', '72', '73', '57', '55', '79', '61', '74', '63', '80', '64', '81', '85', '65', '66', '69', '71', '75', '76', '78', '83', '84', '86', '88', '89']"
848,1349,1.5969221663213968,32117,1342,929,675.2984610831606,"[0, 2, 0, 1, 0, 0, 1, 3, 3, 2, 3, 3, 0, 0, 1, 3, 1, 3, 3, 0, 0, 0, 3, 0, 2, 0, 1, 1, 2, 0, 1, 2, 3, 3, 1, 2, 0, 1, 2, 3, 2, 3, 2, 0, 3, 3, 2, 3, 3, 1, 2, 3, 2, 0, 2, 2, 0, 0, 0, 0, 3, 1, 1, 2, 2, 1, 1, 2, 0, 2, 0, 3, 0, 1, 3, 0, 1, 2, 0, 0, 1, 0, 3, 0, 0, 2, 2, 1, 1, 0]","['0', '1', '3', '4', '5', '2', '11', '7', '12', '8', '10', '6', '16', '17', '87', '14', '13', '28', '15', '9', '25', '19', '18', '30', '26', '29', '20', '82', '24', '23', '27', '22', '21', '31', '34', '32', '37', '35', '49', '44', '41', '40', '33', '50', '70', '39', '45', '53', '46', '77', '38', '57', '54', '36', '43', '47', '52', '51', '58', '42', '55', '60', '61', '48', '59', '62', '63', '64', '56', '68', '65', '72', '66', '74', '73', '80', '85', '67', '81', '69', '71', '75', '76', '78', '79', '83', '84', '86', '88', '89']"
849,1417,1.6818991097922849,33775,1573,1094,709.3409495548962,"[2, 2, 1, 1, 1, 0, 2, 0, 2, 2, 0, 1, 3, 2, 1, 0, 1, 0, 0, 1, 1, 3, 2, 0, 2, 0, 1, 0, 2, 3, 0, 0, 1, 0, 2, 3, 0, 2, 0, 0, 2, 2, 3, 3, 2, 0, 0, 3, 0, 1, 1, 1, 0, 1, 3, 3, 1, 2, 2, 1, 1, 2, 2, 0, 2, 0, 0, 3, 3, 0, 3, 1, 1, 2, 0, 1, 3, 0, 0, 1, 0, 1, 2, 3, 1, 2, 3, 1, 3, 2]","['0', '2', '17', '1', '5', '8', '7', '16', '11', '12', '3', '4', '87', '10', '6', '14', '13', '28', '9', '23', '25', '21', '22', '36', '27', '15', '38', '24', '34', '35', '45', '44', '55', '37', '26', '19', '46', '54', '43', '53', '18', '30', '20', '31', '39', '33', '41', '42', '48', '29', '77', '32', '82', '49', '70', '40', '50', '57', '56', '51', '47', '52', '67', '60', '58', '62', '59', '68', '61', '63', '72', '73', '74', '64', '80', '81', '65', '79', '66', '69', '85', '71', '75', '76', '78', '83', '84', '86', '88', '89']"
850,1526,1.815585960737656,31761,1309,1044,763.9077929803689,"[2, 1, 0, 0, 2, 0, 1, 3, 0, 2, 2, 3, 1, 2, 3, 2, 0, 2, 2, 3, 2, 2, 0, 0, 2, 3, 1, 3, 3, 3, 1, 2, 1, 0, 3, 3, 0, 0, 0, 2, 1, 0, 3, 0, 0, 2, 2, 2, 1, 0, 3, 1, 0, 2, 3, 0, 3, 3, 2, 2, 3, 0, 1, 0, 0, 0, 1, 1, 2, 2, 2, 1, 2, 0, 1, 1, 2, 2, 2, 3, 3, 2, 3, 0, 0, 2, 3, 3, 0, 0]","['0', '2', '17', '1', '7', '5', '10', '4', '6', '8', '13', '11', '9', '21', '18', '16', '26', '35', '14', '45', '12', '54', '27', '37', '24', '28', '46', '36', '22', '53', '44', '15', '20', '23', '25', '87', '38', '55', '34', '41', '47', '3', '32', '43', '51', '19', '52', '58', '59', '62', '60', '33', '30', '49', '31', '48', '42', '70', '39', '29', '77', '82', '40', '50', '57', '61', '56', '67', '63', '68', '72', '64', '74', '65', '66', '73', '80', '81', '69', '79', '85', '71', '75', '76', '78', '83', '84', '86', '88', '89']"
851,1321,1.599273607748184,30464,1300,918,661.2996368038741,"[0, 3, 2, 2, 3, 3, 0, 2, 1, 1, 1, 0, 0, 3, 0, 0, 3, 2, 0, 1, 0, 1, 0, 1, 1, 2, 0, 1, 1, 0, 3, 1, 1, 3, 3, 1, 3, 3, 1, 2, 0, 3, 3, 1, 2, 3, 2, 0, 1, 1, 3, 3, 1, 3, 3, 3, 0, 0, 3, 2, 1, 2, 0, 2, 0, 1, 2, 1, 1, 0, 3, 2, 1, 0, 0, 1, 1, 3, 1, 2, 2, 0, 1, 1, 0, 3, 2, 3, 3, 1]","['0', '2', '17', '1', '3', '4', '6', '5', '14', '7', '9', '22', '13', '12', '26', '15', '18', '24', '10', '20', '25', '33', '32', '19', '30', '28', '11', '8', '29', '16', '82', '23', '21', '34', '35', '27', '36', '41', '42', '47', '46', '38', '43', '31', '48', '44', '37', '87', '51', '45', '40', '59', '39', '54', '53', '77', '49', '70', '58', '52', '55', '62', '50', '57', '60', '61', '56', '68', '63', '64', '67', '72', '74', '73', '80', '65', '79', '85', '81', '66', '69', '71', '75', '76', '78', '83', '84', '86', '88', '89']"
852,1313,1.568229322185727,30564,1378,999,657.2841146610929,"[0, 1, 1, 3, 0, 3, 0, 0, 0, 3, 0, 3, 1, 0, 0, 0, 0, 2, 2, 3, 2, 2, 2, 2, 2, 2, 3, 1, 2, 1, 1, 3, 0, 0, 1, 2, 1, 3, 0, 1, 3, 2, 0, 0, 1, 2, 3, 2, 0, 0, 1, 3, 2, 0, 3, 0, 2, 1, 1, 2, 2, 0, 3, 0, 0, 1, 0, 2, 1, 2, 1, 0, 2, 1, 1, 1, 0, 1, 3, 0, 0, 0, 3, 3, 3, 0, 1, 3, 1, 3]","['0', '2', '17', '1', '4', '6', '7', '14', '8', '3', '16', '87', '13', '5', '9', '23', '22', '24', '38', '10', '18', '25', '21', '11', '20', '36', '26', '33', '34', '37', '42', '27', '28', '41', '47', '48', '15', '32', '49', '35', '44', '52', '46', '12', '45', '54', '70', '43', '55', '51', '19', '60', '53', '30', '29', '59', '58', '82', '31', '39', '40', '77', '50', '56', '62', '57', '67', '61', '68', '63', '72', '73', '74', '64', '65', '66', '80', '81', '69', '71', '79', '75', '76', '85', '78', '83', '84', '86', '88', '89']"
853,1714,2.042299672326482,33084,1484,1040,858.0211498361632,"[1, 0, 0, 0, 3, 0, 1, 1, 1, 1, 0, 2, 2, 0, 2, 1, 1, 1, 1, 0, 1, 0, 3, 0, 0, 1, 2, 3, 0, 0, 0, 2, 1, 1, 0, 1, 1, 0, 0, 3, 3, 1, 1, 0, 1, 2, 2, 0, 0, 0, 3, 2, 0, 1, 1, 0, 3, 2, 3, 2, 3, 0, 3, 3, 1, 3, 0, 3, 2, 0, 2, 0, 3, 3, 2, 2, 2, 0, 3, 1, 0, 0, 1, 1, 0, 1, 0, 2, 1, 1]","['0', '2', '1', '5', '8', '11', '7', '12', '4', '6', '13', '16', '87', '10', '9', '28', '23', '18', '26', '15', '3', '27', '17', '25', '22', '19', '24', '21', '37', '36', '34', '38', '20', '33', '41', '35', '44', '47', '30', '14', '43', '52', '48', '29', '42', '32', '51', '46', '82', '45', '31', '53', '49', '59', '60', '70', '55', '39', '40', '58', '62', '50', '57', '54', '77', '56', '67', '61', '63', '64', '65', '68', '72', '66', '74', '69', '71', '75', '76', '73', '78', '79', '83', '84', '80', '85', '86', '88', '81', '89']"
854,1460,1.7616892911010558,31324,1256,835,730.8808446455505,"[1, 0, 0, 0, 3, 0, 2, 3, 2, 0, 1, 1, 1, 0, 3, 1, 0, 1, 3, 3, 2, 1, 2, 3, 2, 3, 0, 3, 2, 2, 2, 3, 1, 3, 0, 1, 3, 0, 0, 1, 3, 1, 1, 0, 1, 3, 0, 3, 1, 3, 3, 2, 2, 3, 1, 2, 1, 3, 1, 0, 2, 2, 1, 2, 2, 3, 1, 1, 0, 3, 3, 0, 0, 2, 0, 0, 1, 1, 3, 3, 3, 1, 1, 3, 2, 0, 0, 2, 2, 1]","['0', '2', '1', '7', '4', '3', '5', '11', '10', '17', '6', '8', '12', '15', '16', '19', '14', '87', '9', '18', '13', '30', '23', '29', '26', '82', '24', '21', '28', '25', '35', '34', '43', '37', '20', '36', '41', '27', '45', '55', '22', '44', '38', '33', '46', '31', '42', '40', '48', '39', '51', '58', '50', '53', '32', '49', '47', '54', '56', '67', '70', '59', '52', '57', '60', '62', '61', '77', '63', '64', '68', '65', '72', '74', '73', '80', '79', '66', '85', '81', '69', '71', '75', '76', '78', '83', '84', '86', '88', '89']"
855,1263,1.5558977517708654,29918,1383,884,632.2779488758854,"[2, 3, 3, 3, 3, 0, 0, 1, 1, 3, 3, 2, 3, 2, 3, 2, 2, 1, 1, 1, 3, 2, 1, 3, 0, 1, 2, 2, 3, 2, 1, 0, 3, 2, 0, 1, 3, 1, 3, 2, 1, 3, 3, 3, 2, 2, 0, 0, 2, 3, 0, 2, 2, 1, 1, 2, 1, 0, 1, 3, 2, 2, 0, 0, 1, 3, 1, 3, 2, 3, 3, 1, 0, 3, 0, 2, 0, 2, 2, 3, 3, 3, 3, 3, 1, 1, 1, 0, 0, 3]","['0', '1', '4', '7', '5', '2', '12', '17', '10', '3', '8', '6', '13', '28', '14', '9', '16', '22', '15', '23', '27', '18', '24', '21', '20', '87', '38', '32', '36', '35', '34', '26', '19', '37', '33', '41', '30', '49', '70', '31', '43', '40', '50', '42', '47', '48', '46', '11', '51', '25', '60', '56', '44', '52', '57', '29', '59', '82', '58', '67', '39', '68', '72', '73', '80', '81', '85', '79', '74', '77', '45', '54', '53', '55', '61', '63', '62', '64', '65', '66', '69', '71', '75', '76', '78', '83', '84', '86', '88', '89']"
856,1353,1.6252252252252253,32354,1472,1046,677.3126126126126,"[0, 2, 0, 2, 0, 3, 0, 3, 0, 3, 1, 0, 3, 3, 0, 0, 0, 1, 1, 1, 0, 3, 2, 1, 0, 3, 3, 3, 1, 3, 3, 1, 0, 1, 3, 3, 3, 1, 2, 2, 1, 2, 1, 0, 2, 3, 0, 1, 1, 0, 2, 1, 0, 0, 0, 1, 0, 0, 2, 2, 0, 2, 1, 2, 1, 0, 2, 2, 3, 1, 3, 2, 2, 3, 1, 1, 2, 0, 3, 1, 0, 2, 0, 1, 3, 2, 2, 2, 1, 3]","['0', '1', '5', '7', '3', '10', '8', '4', '11', '6', '2', '15', '16', '12', '17', '13', '14', '28', '87', '9', '18', '26', '24', '23', '22', '19', '27', '21', '37', '25', '20', '30', '31', '36', '32', '40', '50', '38', '49', '35', '39', '43', '44', '33', '46', '45', '54', '55', '57', '70', '77', '53', '29', '34', '42', '82', '41', '51', '60', '61', '58', '62', '59', '47', '48', '52', '56', '63', '64', '65', '68', '66', '67', '69', '72', '71', '74', '75', '73', '76', '80', '78', '85', '81', '79', '83', '84', '86', '88', '89']"
857,1472,1.6900114810562572,33193,1591,1139,736.8450057405281,"[1, 0, 3, 2, 2, 2, 0, 3, 0, 1, 1, 3, 1, 0, 1, 3, 0, 2, 2, 3, 3, 0, 2, 0, 0, 3, 1, 1, 0, 1, 0, 0, 2, 0, 1, 2, 3, 0, 3, 2, 2, 3, 2, 1, 0, 1, 3, 1, 2, 3, 2, 3, 3, 3, 3, 1, 1, 1, 0, 1, 3, 0, 2, 3, 3, 0, 3, 0, 2, 2, 3, 0, 2, 0, 3, 0, 3, 2, 0, 0, 3, 2, 0, 2, 0, 2, 3, 2, 3, 2]","['0', '1', '3', '4', '7', '5', '2', '6', '12', '8', '10', '17', '16', '14', '11', '9', '21', '24', '87', '26', '13', '34', '37', '22', '18', '36', '20', '25', '28', '35', '44', '46', '41', '27', '32', '23', '38', '45', '48', '53', '49', '55', '43', '15', '70', '54', '19', '29', '51', '33', '47', '30', '60', '82', '42', '52', '59', '31', '39', '58', '62', '40', '50', '56', '77', '67', '57', '61', '63', '68', '72', '64', '74', '73', '80', '65', '79', '66', '81', '85', '69', '71', '75', '76', '78', '83', '84', '86', '88', '89']"
858,1291,1.5148137283660899,29883,1306,935,646.257406864183,"[3, 0, 3, 2, 0, 0, 2, 3, 0, 3, 2, 1, 0, 0, 1, 3, 0, 2, 2, 1, 2, 2, 1, 2, 0, 0, 3, 0, 0, 2, 1, 0, 2, 3, 0, 0, 0, 0, 0, 0, 2, 0, 1, 0, 0, 1, 3, 3, 1, 1, 1, 3, 2, 3, 3, 0, 0, 2, 1, 1, 3, 2, 2, 0, 3, 1, 2, 2, 1, 3, 3, 1, 2, 3, 3, 3, 2, 2, 1, 3, 2, 2, 0, 0, 1, 0, 3, 1, 2, 0]","['0', '2', '1', '17', '4', '5', '6', '7', '12', '13', '14', '15', '8', '9', '23', '24', '21', '27', '26', '3', '25', '18', '22', '37', '34', '36', '11', '19', '20', '33', '41', '42', '29', '30', '32', '47', '82', '35', '44', '48', '46', '10', '49', '28', '52', '38', '45', '16', '53', '31', '43', '54', '55', '70', '51', '59', '60', '39', '87', '77', '58', '40', '62', '50', '56', '67', '57', '61', '68', '63', '64', '72', '65', '74', '66', '69', '71', '75', '76', '73', '80', '81', '85', '78', '79', '83', '84', '86', '88', '89']"
859,1565,1.8487891317188423,32778,1444,1019,783.4243945658594,"[1, 3, 0, 0, 1, 0, 1, 1, 1, 0, 0, 2, 0, 2, 0, 0, 0, 3, 1, 0, 0, 2, 2, 2, 3, 1, 2, 1, 3, 3, 1, 3, 2, 3, 0, 0, 3, 2, 3, 3, 3, 0, 3, 2, 1, 0, 1, 0, 1, 0, 0, 2, 1, 0, 1, 2, 2, 0, 1, 2, 2, 1, 0, 3, 0, 1, 2, 1, 3, 3, 1, 3, 0, 2, 1, 3, 2, 0, 2, 0, 3, 2, 2, 3, 0, 1, 0, 0, 1, 1]","['0', '1', '5', '12', '10', '4', '11', '2', '6', '17', '9', '27', '7', '26', '15', '22', '25', '19', '24', '30', '13', '28', '18', '20', '14', '33', '32', '23', '31', '3', '40', '38', '8', '39', '50', '29', '21', '57', '16', '35', '87', '82', '77', '43', '37', '45', '44', '36', '42', '34', '53', '41', '51', '47', '48', '49', '60', '58', '62', '59', '54', '55', '46', '52', '61', '70', '63', '56', '68', '64', '65', '72', '73', '74', '66', '79', '80', '85', '81', '67', '69', '71', '75', '76', '78', '83', '84', '86', '88', '89']"
860,1468,1.7296023564064802,32322,1599,1101,734.8648011782033,"[0, 2, 2, 2, 1, 0, 2, 3, 0, 0, 1, 0, 3, 0, 1, 3, 1, 2, 0, 2, 0, 2, 2, 0, 2, 1, 3, 1, 3, 2, 2, 0, 0, 3, 3, 1, 3, 3, 1, 0, 3, 3, 0, 2, 0, 3, 2, 0, 0, 3, 2, 3, 0, 2, 3, 3, 1, 2, 1, 2, 0, 3, 0, 3, 3, 0, 3, 1, 2, 3, 0, 1, 2, 0, 3, 1, 3, 2, 1, 0, 2, 3, 2, 0, 1, 0, 2, 0, 2, 1]","['0', '2', '17', '1', '8', '3', '4', '6', '13', '14', '7', '5', '15', '16', '87', '9', '24', '27', '18', '22', '12', '26', '19', '25', '30', '11', '21', '10', '31', '29', '34', '36', '35', '28', '46', '20', '37', '39', '32', '82', '45', '23', '38', '44', '53', '49', '77', '70', '41', '43', '33', '48', '55', '51', '58', '42', '62', '40', '54', '59', '47', '52', '60', '50', '57', '56', '68', '67', '72', '74', '61', '73', '80', '81', '85', '63', '79', '64', '65', '66', '69', '71', '75', '76', '78', '83', '84', '86', '88', '89']"
861,1413,1.6912028725314183,33113,1332,910,707.3456014362657,"[0, 0, 3, 1, 2, 3, 1, 2, 1, 3, 2, 2, 0, 2, 0, 3, 2, 1, 0, 1, 0, 1, 1, 0, 0, 3, 3, 1, 2, 2, 0, 3, 1, 0, 0, 2, 3, 1, 0, 0, 2, 1, 0, 0, 1, 2, 2, 3, 2, 0, 2, 1, 3, 2, 2, 2, 2, 3, 0, 2, 3, 1, 3, 3, 0, 0, 1, 0, 1, 0, 0, 1, 3, 2, 1, 1, 1, 1, 0, 2, 2, 2, 1, 3, 0, 1, 2, 2, 2, 2]","['0', '2', '17', '1', '7', '5', '3', '10', '11', '12', '8', '4', '6', '14', '13', '16', '15', '28', '19', '9', '87', '23', '26', '21', '37', '30', '24', '35', '43', '45', '18', '36', '34', '25', '27', '31', '55', '44', '20', '33', '46', '53', '22', '32', '41', '39', '40', '47', '48', '54', '49', '52', '42', '51', '50', '38', '56', '58', '62', '67', '29', '82', '68', '60', '77', '59', '70', '57', '61', '63', '72', '74', '64', '73', '80', '79', '81', '85', '65', '66', '69', '71', '75', '76', '78', '83', '84', '86', '88', '89']"
862,1672,1.9223914918079907,32170,1458,1063,836.961195745904,"[1, 1, 1, 3, 3, 3, 3, 3, 3, 3, 2, 2, 1, 2, 1, 0, 2, 0, 3, 2, 1, 3, 1, 1, 1, 1, 0, 2, 1, 0, 0, 3, 1, 3, 3, 2, 2, 3, 1, 2, 2, 1, 3, 0, 0, 1, 0, 1, 0, 3, 0, 0, 1, 2, 3, 1, 0, 1, 1, 0, 1, 0, 1, 1, 1, 0, 2, 3, 0, 3, 2, 1, 3, 1, 2, 0, 2, 0, 2, 2, 1, 0, 1, 0, 1, 0, 1, 2, 1, 3]","['0', '1', '2', '5', '12', '4', '8', '7', '3', '17', '16', '10', '87', '11', '6', '15', '19', '9', '22', '23', '13', '25', '38', '18', '28', '26', '14', '21', '37', '34', '20', '29', '24', '35', '82', '32', '33', '45', '44', '55', '46', '54', '30', '53', '43', '36', '27', '41', '49', '70', '48', '47', '51', '31', '59', '60', '39', '42', '58', '62', '52', '40', '50', '77', '57', '61', '63', '56', '68', '72', '64', '73', '74', '67', '80', '85', '65', '81', '79', '66', '69', '71', '75', '76', '78', '83', '84', '86', '88', '89']"
863,1328,1.5559461042765086,32185,1288,913,664.7779730521382,"[1, 2, 2, 2, 3, 2, 2, 3, 1, 2, 2, 3, 1, 3, 3, 1, 0, 3, 3, 2, 3, 3, 3, 0, 2, 3, 2, 1, 2, 2, 2, 1, 0, 0, 2, 0, 2, 1, 2, 2, 2, 2, 3, 3, 3, 2, 0, 3, 0, 2, 3, 0, 1, 1, 0, 1, 3, 3, 1, 1, 3, 0, 0, 0, 3, 1, 3, 1, 2, 0, 1, 2, 2, 0, 3, 2, 2, 1, 0, 0, 2, 2, 2, 0, 0, 1, 1, 1, 3, 0]","['0', '2', '1', '5', '12', '4', '8', '10', '6', '15', '7', '3', '14', '16', '11', '17', '13', '19', '30', '9', '24', '18', '29', '28', '82', '27', '23', '22', '87', '26', '38', '21', '31', '20', '34', '35', '43', '25', '41', '37', '48', '47', '32', '46', '39', '45', '55', '36', '77', '49', '40', '50', '44', '70', '52', '33', '51', '56', '67', '42', '57', '68', '54', '59', '72', '53', '58', '73', '60', '62', '79', '61', '80', '74', '85', '63', '81', '64', '65', '66', '69', '71', '75', '76', '78', '83', '84', '86', '88', '89']"
864,1448,1.7274082910826125,32523,1298,949,724.8637041455413,"[3, 2, 3, 2, 3, 3, 2, 3, 3, 2, 3, 3, 2, 0, 0, 1, 2, 3, 1, 1, 1, 0, 3, 3, 2, 2, 0, 1, 2, 1, 3, 3, 3, 0, 3, 1, 2, 3, 0, 3, 0, 3, 1, 2, 2, 0, 2, 0, 1, 0, 3, 0, 3, 3, 3, 3, 2, 1, 0, 3, 1, 2, 1, 3, 1, 2, 0, 1, 1, 0, 3, 3, 1, 1, 1, 1, 3, 1, 0, 1, 2, 1, 0, 1, 3, 0, 3, 0, 1, 0]","['0', '1', '2', '17', '7', '4', '6', '5', '11', '3', '13', '10', '8', '15', '14', '9', '27', '26', '24', '25', '21', '34', '16', '35', '28', '87', '44', '46', '37', '36', '45', '18', '53', '22', '55', '12', '54', '20', '33', '41', '48', '47', '19', '52', '32', '43', '30', '23', '42', '31', '38', '49', '40', '50', '29', '56', '68', '39', '67', '82', '51', '77', '58', '72', '60', '62', '57', '73', '70', '74', '79', '61', '80', '59', '63', '64', '65', '81', '66', '85', '69', '71', '75', '76', '78', '83', '84', '86', '88', '89']"
865,1742,2.037426900584795,33665,1584,1068,872.0187134502924,"[2, 3, 1, 3, 2, 3, 2, 1, 2, 1, 2, 2, 3, 0, 1, 0, 2, 3, 0, 1, 3, 1, 1, 2, 1, 0, 0, 1, 0, 2, 2, 3, 3, 3, 1, 2, 0, 3, 3, 0, 1, 0, 3, 2, 0, 0, 0, 2, 3, 2, 2, 2, 0, 3, 3, 1, 2, 3, 2, 2, 1, 1, 3, 1, 2, 3, 2, 2, 2, 2, 1, 3, 0, 1, 0, 2, 3, 2, 0, 0, 0, 2, 1, 1, 2, 2, 2, 2, 2, 3]","['0', '2', '1', '7', '3', '4', '8', '17', '5', '16', '11', '6', '87', '9', '24', '12', '21', '26', '14', '27', '23', '13', '25', '18', '35', '37', '34', '15', '20', '41', '19', '30', '29', '46', '10', '43', '51', '32', '47', '49', '45', '22', '44', '60', '36', '82', '48', '54', '31', '52', '58', '70', '39', '53', '55', '28', '40', '33', '59', '42', '77', '38', '50', '56', '68', '57', '61', '62', '72', '74', '73', '63', '79', '64', '67', '80', '65', '81', '66', '69', '85', '71', '75', '76', '78', '83', '84', '86', '88', '89']"
866,1599,1.9115361625821876,31705,1445,990,800.4557680812911,"[2, 1, 2, 0, 0, 1, 3, 1, 1, 1, 0, 3, 2, 1, 1, 3, 2, 2, 3, 0, 2, 2, 1, 3, 1, 3, 1, 2, 1, 2, 1, 3, 2, 0, 0, 1, 0, 0, 2, 3, 0, 1, 3, 3, 2, 3, 3, 2, 2, 0, 2, 3, 3, 1, 1, 3, 0, 1, 0, 1, 1, 3, 1, 3, 2, 3, 1, 3, 0, 1, 1, 3, 2, 2, 1, 1, 0, 1, 0, 3, 3, 2, 0, 3, 1, 1, 2, 2, 1, 1]","['0', '1', '2', '4', '7', '5', '8', '10', '3', '17', '6', '11', '13', '16', '14', '12', '15', '28', '9', '23', '24', '27', '19', '25', '21', '22', '18', '37', '38', '35', '26', '46', '34', '30', '43', '29', '87', '31', '36', '39', '40', '77', '45', '82', '54', '50', '57', '44', '53', '55', '20', '33', '32', '41', '51', '42', '59', '48', '47', '49', '70', '58', '60', '61', '52', '62', '56', '67', '68', '63', '72', '64', '73', '80', '81', '65', '66', '69', '85', '71', '79', '74', '75', '76', '78', '83', '84', '86', '88', '89']"
867,1397,1.6917953375719044,29245,1492,1057,699.3458976687859,"[3, 3, 2, 3, 0, 2, 3, 2, 0, 2, 2, 0, 2, 1, 3, 1, 1, 1, 2, 0, 0, 3, 0, 0, 2, 0, 0, 0, 1, 3, 0, 3, 0, 1, 3, 1, 1, 2, 1, 3, 3, 1, 1, 2, 3, 3, 1, 3, 3, 1, 2, 2, 3, 1, 2, 0, 2, 0, 1, 1, 0, 2, 0, 2, 3, 1, 0, 1, 2, 3, 0, 3, 3, 0, 2, 0, 1, 1, 1, 0, 2, 1, 0, 1, 2, 2, 3, 3, 0, 2]","['0', '1', '2', '5', '10', '8', '17', '7', '3', '11', '12', '16', '87', '4', '6', '15', '19', '30', '13', '14', '28', '9', '23', '29', '27', '21', '37', '35', '46', '45', '36', '82', '54', '43', '24', '18', '20', '33', '53', '42', '44', '25', '55', '32', '22', '34', '49', '41', '38', '51', '60', '47', '52', '26', '48', '59', '70', '58', '62', '31', '40', '39', '77', '50', '56', '57', '68', '67', '61', '63', '64', '65', '72', '73', '66', '79', '69', '80', '85', '81', '71', '75', '74', '76', '78', '83', '84', '86', '88', '89']"
868,1448,1.702527924750147,32917,1504,1049,724.8512639623751,"[2, 1, 3, 1, 0, 0, 2, 1, 0, 2, 3, 1, 1, 1, 2, 3, 3, 2, 2, 0, 2, 3, 3, 2, 3, 2, 0, 0, 0, 1, 3, 2, 3, 0, 2, 0, 2, 3, 2, 1, 0, 3, 0, 2, 0, 2, 3, 2, 1, 0, 0, 0, 0, 3, 1, 1, 1, 2, 2, 0, 2, 3, 3, 0, 3, 3, 1, 1, 2, 2, 2, 1, 3, 0, 2, 0, 0, 2, 3, 1, 2, 2, 3, 3, 3, 2, 3, 3, 1, 2]","['0', '1', '4', '2', '6', '3', '14', '17', '5', '11', '10', '13', '12', '8', '28', '15', '7', '19', '29', '16', '30', '87', '9', '24', '26', '22', '27', '25', '31', '23', '39', '38', '40', '18', '50', '82', '20', '21', '77', '57', '35', '43', '44', '32', '46', '37', '33', '34', '45', '55', '49', '36', '42', '41', '51', '70', '58', '53', '62', '54', '60', '48', '56', '68', '61', '59', '67', '47', '52', '63', '72', '74', '64', '73', '79', '65', '80', '85', '66', '69', '71', '81', '75', '76', '78', '83', '84', '86', '88', '89']"
869,1399,1.632438739789965,33546,1428,924,700.316219369895,"[3, 1, 0, 3, 2, 2, 1, 1, 1, 3, 3, 3, 0, 3, 2, 0, 1, 2, 1, 3, 2, 2, 2, 0, 3, 0, 1, 1, 1, 1, 1, 0, 2, 2, 0, 2, 3, 3, 0, 3, 2, 3, 3, 2, 1, 0, 1, 2, 0, 3, 3, 2, 1, 0, 3, 2, 1, 2, 3, 0, 3, 2, 2, 2, 0, 0, 0, 1, 1, 1, 0, 0, 1, 1, 3, 2, 2, 1, 1, 2, 3, 1, 1, 3, 2, 0, 1, 0, 0, 3]","['0', '1', '7', '5', '2', '4', '17', '10', '12', '6', '11', '15', '19', '3', '30', '8', '16', '87', '9', '14', '23', '26', '22', '27', '21', '18', '31', '36', '38', '25', '24', '34', '40', '35', '20', '29', '13', '46', '33', '41', '42', '28', '39', '47', '82', '44', '52', '43', '50', '51', '60', '37', '58', '45', '32', '49', '59', '53', '48', '77', '55', '62', '70', '57', '61', '54', '56', '63', '68', '72', '74', '67', '73', '80', '79', '85', '81', '64', '65', '66', '69', '71', '75', '76', '78', '83', '84', '86', '88', '89']"
870,1532,1.774174869716271,32008,1471,1000,766.8870874348581,"[1, 2, 2, 0, 3, 3, 2, 3, 3, 3, 2, 1, 0, 3, 2, 2, 3, 1, 0, 1, 3, 0, 3, 2, 3, 0, 2, 3, 0, 0, 1, 0, 2, 0, 1, 0, 1, 0, 1, 3, 2, 3, 2, 1, 2, 1, 0, 0, 2, 3, 2, 2, 3, 0, 2, 2, 3, 1, 2, 2, 3, 2, 3, 1, 2, 0, 1, 1, 1, 3, 0, 2, 0, 3, 1, 3, 1, 2, 2, 3, 2, 1, 0, 3, 2, 0, 0, 2, 3, 2]","['0', '2', '1', '7', '8', '3', '4', '17', '16', '87', '5', '12', '6', '9', '27', '26', '21', '14', '22', '10', '11', '15', '34', '23', '13', '35', '43', '37', '46', '38', '18', '20', '25', '19', '24', '32', '36', '41', '48', '29', '45', '47', '82', '33', '49', '70', '42', '44', '54', '51', '28', '30', '59', '60', '52', '53', '55', '58', '31', '39', '62', '40', '77', '50', '56', '68', '67', '57', '61', '72', '73', '74', '63', '79', '64', '65', '80', '81', '66', '69', '71', '85', '75', '76', '78', '83', '84', '86', '88', '89']"
871,1420,1.6652008208736442,33868,1387,1004,710.8326004104368,"[3, 2, 1, 1, 2, 3, 1, 1, 3, 2, 1, 2, 2, 2, 2, 3, 3, 2, 0, 2, 1, 2, 2, 1, 2, 1, 0, 0, 1, 2, 1, 2, 3, 0, 2, 2, 0, 1, 0, 2, 3, 1, 1, 0, 2, 0, 2, 1, 2, 0, 1, 3, 0, 3, 2, 0, 2, 0, 1, 0, 3, 0, 1, 0, 2, 0, 1, 3, 3, 0, 0, 3, 2, 0, 1, 1, 3, 1, 2, 2, 2, 2, 2, 0, 0, 3, 2, 2, 0, 0]","['0', '1', '7', '4', '5', '11', '12', '2', '6', '9', '14', '22', '15', '26', '25', '17', '27', '23', '19', '13', '30', '29', '10', '38', '82', '21', '8', '35', '24', '45', '54', '3', '34', '46', '31', '36', '40', '50', '37', '57', '53', '44', '39', '28', '18', '43', '77', '20', '33', '32', '55', '16', '42', '49', '87', '41', '48', '56', '67', '70', '51', '60', '61', '68', '47', '52', '72', '73', '74', '80', '81', '79', '85', '58', '62', '59', '63', '64', '65', '66', '69', '71', '75', '76', '78', '83', '84', '86', '88', '89']"
872,1585,1.8559718969555035,32719,1455,1068,793.4279859484777,"[2, 3, 0, 2, 0, 2, 0, 1, 0, 0, 1, 1, 1, 3, 1, 0, 0, 1, 3, 3, 1, 3, 0, 2, 2, 2, 0, 1, 2, 2, 3, 1, 1, 1, 3, 2, 3, 0, 3, 2, 2, 2, 1, 1, 2, 1, 2, 2, 1, 2, 2, 2, 3, 0, 2, 1, 2, 0, 1, 1, 1, 3, 3, 1, 0, 0, 2, 3, 2, 0, 2, 3, 1, 2, 1, 3, 1, 2, 2, 3, 0, 2, 0, 1, 2, 1, 2, 1, 3, 3]","['0', '1', '5', '4', '8', '3', '12', '11', '2', '17', '6', '15', '9', '26', '19', '23', '10', '25', '21', '14', '35', '46', '13', '37', '43', '36', '44', '30', '34', '45', '22', '27', '28', '7', '24', '18', '31', '40', '29', '54', '53', '50', '55', '57', '16', '20', '32', '41', '51', '33', '60', '39', '47', '82', '77', '52', '87', '49', '59', '42', '61', '48', '56', '68', '38', '67', '70', '58', '62', '63', '64', '72', '74', '73', '80', '65', '66', '69', '81', '79', '85', '71', '75', '76', '78', '83', '84', '86', '88', '89']"
873,1268,1.5332527206771462,29044,1334,934,634.7666263603386,"[0, 1, 2, 0, 0, 2, 0, 0, 3, 3, 1, 1, 0, 0, 2, 1, 2, 0, 2, 2, 2, 2, 0, 1, 0, 3, 1, 1, 3, 1, 1, 1, 3, 2, 0, 1, 2, 3, 3, 3, 0, 0, 0, 1, 2, 0, 2, 0, 1, 1, 3, 3, 2, 0, 1, 2, 3, 2, 3, 0, 2, 2, 0, 1, 0, 0, 3, 2, 3, 2, 3, 1, 0, 1, 3, 2, 2, 1, 2, 1, 3, 1, 0, 1, 3, 0, 0, 3, 2, 1]","['0', '2', '17', '1', '5', '4', '10', '3', '11', '8', '7', '6', '13', '9', '16', '18', '23', '25', '26', '87', '12', '22', '27', '28', '21', '37', '38', '34', '36', '35', '15', '45', '14', '43', '54', '19', '20', '53', '29', '24', '33', '42', '30', '44', '31', '82', '55', '39', '40', '32', '46', '77', '41', '47', '50', '52', '49', '51', '48', '70', '57', '58', '60', '62', '56', '67', '59', '68', '61', '72', '74', '73', '79', '63', '64', '65', '66', '80', '85', '81', '69', '71', '75', '76', '78', '83', '84', '86', '88', '89']"
874,1323,1.56198347107438,32678,1337,967,662.2809917355372,"[2, 0, 3, 3, 1, 1, 3, 3, 2, 2, 3, 2, 0, 2, 2, 3, 0, 2, 3, 0, 1, 2, 0, 1, 3, 2, 3, 0, 2, 2, 1, 2, 0, 1, 3, 2, 2, 2, 0, 2, 0, 3, 3, 2, 0, 0, 1, 0, 2, 0, 3, 1, 2, 3, 3, 3, 1, 1, 0, 3, 0, 1, 1, 3, 1, 3, 3, 1, 2, 0, 3, 3, 0, 1, 1, 1, 1, 0, 3, 1, 3, 3, 0, 0, 0, 1, 2, 0, 3, 1]","['0', '2', '1', '5', '11', '12', '3', '17', '10', '4', '8', '7', '16', '6', '9', '18', '14', '27', '24', '26', '87', '23', '15', '19', '20', '22', '21', '35', '46', '45', '25', '33', '44', '29', '34', '82', '43', '30', '41', '38', '55', '13', '31', '39', '40', '32', '37', '49', '28', '48', '50', '36', '70', '47', '53', '54', '52', '77', '56', '57', '67', '42', '51', '59', '60', '68', '61', '72', '73', '58', '62', '63', '74', '64', '80', '85', '65', '81', '79', '66', '69', '71', '75', '76', '78', '83', '84', '86', '88', '89']"
875,1492,1.7772483621203097,32776,1429,1001,746.8886241810602,"[2, 2, 3, 3, 0, 1, 1, 2, 3, 1, 0, 1, 1, 2, 2, 0, 0, 3, 0, 1, 3, 3, 0, 1, 3, 2, 3, 0, 2, 2, 1, 1, 0, 1, 0, 3, 2, 2, 1, 1, 0, 1, 0, 1, 2, 3, 2, 3, 0, 3, 2, 0, 1, 1, 3, 3, 0, 3, 2, 0, 1, 1, 1, 0, 1, 1, 2, 1, 2, 1, 3, 2, 2, 1, 1, 3, 1, 0, 2, 3, 0, 0, 1, 0, 2, 3, 2, 3, 0, 2]","['0', '2', '1', '5', '3', '4', '11', '8', '12', '10', '17', '7', '6', '13', '9', '18', '24', '27', '20', '14', '21', '36', '33', '34', '16', '22', '23', '25', '28', '87', '26', '37', '32', '49', '70', '35', '38', '43', '46', '45', '41', '42', '53', '55', '47', '15', '48', '54', '51', '58', '59', '60', '62', '19', '30', '31', '40', '44', '50', '56', '57', '61', '68', '39', '72', '73', '74', '77', '29', '52', '63', '80', '79', '85', '64', '82', '65', '66', '67', '69', '81', '71', '75', '76', '78', '83', '84', '86', '88', '89']"
876,1557,1.872519542994588,33153,1489,985,779.4362597714972,"[3, 2, 1, 3, 0, 1, 1, 2, 2, 2, 3, 0, 3, 1, 2, 1, 0, 0, 2, 2, 1, 2, 1, 3, 1, 2, 2, 2, 2, 0, 1, 0, 1, 2, 3, 3, 3, 3, 2, 2, 2, 2, 3, 1, 1, 2, 1, 1, 0, 2, 0, 0, 3, 2, 3, 2, 2, 3, 1, 2, 3, 2, 2, 1, 2, 3, 2, 0, 3, 3, 2, 3, 1, 1, 3, 1, 3, 2, 3, 0, 1, 0, 3, 0, 3, 1, 0, 3, 0, 3]","['0', '1', '4', '8', '5', '3', '6', '9', '11', '26', '2', '18', '10', '22', '12', '24', '27', '23', '25', '7', '15', '17', '21', '13', '37', '36', '35', '44', '16', '43', '20', '87', '46', '38', '34', '41', '48', '19', '32', '51', '33', '28', '45', '30', '31', '42', '58', '47', '40', '39', '54', '50', '77', '55', '49', '52', '53', '62', '70', '60', '14', '29', '59', '57', '56', '61', '82', '67', '63', '64', '65', '68', '72', '66', '69', '71', '75', '73', '74', '76', '79', '80', '81', '78', '83', '84', '85', '86', '88', '89']"
877,1416,1.717404487568223,31108,1479,1095,708.8587022437841,"[1, 0, 2, 2, 3, 0, 3, 0, 1, 1, 2, 2, 1, 2, 1, 0, 3, 2, 2, 1, 0, 2, 2, 1, 2, 0, 2, 2, 3, 1, 2, 0, 3, 1, 0, 3, 0, 1, 3, 0, 1, 1, 2, 2, 1, 0, 2, 0, 3, 0, 3, 3, 0, 1, 0, 3, 0, 2, 1, 1, 2, 2, 1, 1, 3, 2, 2, 3, 3, 3, 1, 2, 3, 3, 2, 0, 2, 0, 3, 0, 3, 2, 3, 0, 3, 2, 3, 1, 1, 0]","['0', '1', '3', '5', '10', '12', '11', '4', '6', '8', '13', '7', '28', '2', '15', '9', '24', '22', '27', '21', '14', '35', '46', '34', '18', '20', '45', '33', '16', '87', '23', '54', '53', '44', '41', '37', '38', '43', '48', '51', '36', '32', '26', '58', '17', '55', '60', '47', '62', '25', '52', '42', '59', '19', '49', '29', '82', '70', '30', '31', '40', '50', '56', '67', '39', '77', '57', '68', '72', '61', '73', '63', '80', '64', '81', '74', '79', '65', '66', '85', '69', '71', '75', '76', '78', '83', '84', '86', '88', '89']"
878,1374,1.6260355029585798,31747,1276,861,687.8130177514793,"[3, 2, 0, 1, 1, 1, 3, 3, 2, 0, 2, 2, 2, 1, 1, 2, 2, 1, 1, 2, 0, 1, 2, 0, 0, 3, 2, 3, 1, 1, 1, 1, 0, 2, 2, 0, 1, 1, 0, 1, 3, 0, 2, 2, 0, 3, 0, 3, 1, 3, 2, 0, 1, 1, 0, 2, 2, 3, 0, 3, 0, 1, 0, 2, 3, 0, 2, 3, 1, 1, 0, 1, 2, 1, 1, 2, 1, 2, 3, 1, 0, 0, 1, 0, 0, 3, 3, 2, 2, 2]","['0', '2', '1', '5', '17', '11', '10', '4', '12', '7', '8', '3', '16', '6', '9', '23', '25', '26', '87', '14', '27', '15', '21', '37', '18', '35', '22', '43', '45', '13', '46', '24', '34', '20', '36', '28', '53', '33', '55', '42', '41', '54', '19', '29', '32', '51', '59', '49', '82', '47', '44', '48', '30', '31', '52', '38', '60', '70', '40', '58', '39', '50', '56', '67', '57', '68', '62', '61', '77', '63', '72', '64', '74', '65', '73', '79', '80', '85', '81', '66', '69', '71', '75', '76', '78', '83', '84', '86', '88', '89']"
879,1411,1.6619552414605419,32055,1442,1032,706.3309776207303,"[2, 0, 0, 1, 0, 1, 0, 2, 1, 0, 0, 2, 1, 3, 3, 3, 0, 0, 1, 2, 1, 1, 0, 0, 3, 3, 2, 3, 3, 2, 3, 2, 2, 2, 0, 2, 1, 2, 2, 3, 3, 0, 1, 3, 3, 1, 3, 3, 0, 3, 1, 1, 0, 3, 3, 3, 1, 2, 1, 0, 2, 0, 3, 0, 1, 3, 1, 1, 2, 3, 3, 1, 2, 0, 1, 0, 3, 2, 3, 1, 3, 3, 0, 2, 0, 2, 3, 3, 2, 1]","['0', '1', '8', '7', '3', '2', '4', '16', '5', '11', '87', '10', '17', '12', '6', '9', '24', '25', '18', '22', '26', '20', '21', '36', '13', '33', '14', '35', '23', '32', '15', '45', '42', '46', '53', '37', '49', '19', '30', '70', '34', '27', '28', '29', '38', '31', '41', '47', '48', '82', '55', '43', '39', '54', '44', '51', '40', '50', '60', '58', '59', '56', '67', '62', '68', '77', '57', '72', '52', '61', '74', '73', '80', '81', '79', '63', '64', '65', '66', '69', '85', '71', '75', '76', '78', '83', '84', '86', '88', '89']"
880,1460,1.727810650887574,30584,1482,975,730.8639053254437,"[1, 1, 1, 0, 3, 1, 3, 1, 3, 0, 3, 2, 0, 3, 1, 2, 2, 0, 0, 0, 2, 0, 1, 1, 3, 0, 1, 1, 0, 1, 0, 2, 0, 0, 1, 1, 1, 3, 3, 0, 3, 1, 2, 2, 0, 0, 0, 3, 2, 3, 1, 1, 0, 3, 3, 0, 2, 0, 2, 3, 0, 3, 3, 0, 0, 3, 0, 0, 3, 1, 3, 0, 3, 2, 1, 2, 2, 0, 3, 2, 1, 3, 1, 1, 2, 3, 0, 0, 2, 3]","['0', '1', '4', '5', '6', '12', '11', '13', '14', '9', '21', '27', '15', '7', '10', '26', '18', '23', '34', '24', '35', '8', '37', '36', '28', '25', '46', '20', '22', '38', '2', '43', '32', '17', '16', '49', '44', '41', '51', '3', '48', '60', '70', '19', '47', '58', '29', '59', '82', '52', '87', '33', '42', '30', '31', '40', '50', '39', '45', '53', '56', '55', '77', '54', '67', '62', '68', '72', '73', '80', '81', '79', '57', '85', '74', '61', '63', '64', '65', '66', '69', '71', '75', '76', '78', '83', '84', '86', '88', '89']"
881,1352,1.6186770428015564,30755,1433,970,676.8093385214008,"[2, 0, 3, 1, 3, 0, 1, 0, 2, 1, 0, 1, 3, 1, 3, 1, 2, 2, 0, 0, 3, 1, 3, 1, 1, 3, 0, 1, 3, 2, 1, 0, 2, 0, 3, 3, 2, 3, 2, 1, 2, 1, 1, 3, 2, 0, 0, 1, 3, 3, 3, 3, 1, 2, 0, 0, 1, 2, 1, 1, 3, 0, 3, 2, 2, 3, 1, 2, 2, 3, 2, 3, 0, 2, 3, 2, 3, 0, 2, 1, 1, 1, 1, 0, 2, 1, 0, 2, 2, 3]","['0', '1', '2', '3', '8', '4', '7', '17', '6', '16', '87', '14', '13', '15', '5', '11', '9', '23', '24', '26', '21', '35', '43', '12', '22', '44', '46', '19', '38', '29', '36', '18', '34', '25', '27', '82', '45', '10', '20', '28', '54', '30', '31', '33', '37', '41', '32', '53', '51', '48', '59', '42', '39', '77', '55', '60', '49', '70', '47', '40', '58', '50', '52', '62', '56', '68', '57', '61', '63', '64', '65', '66', '72', '67', '74', '69', '73', '80', '85', '79', '71', '75', '76', '78', '83', '84', '81', '86', '88', '89']"
882,1528,1.835986782817663,33599,1437,1063,764.9179933914088,"[2, 1, 0, 3, 0, 3, 2, 2, 1, 1, 1, 0, 3, 1, 3, 1, 3, 2, 2, 0, 3, 3, 0, 3, 0, 1, 3, 3, 0, 2, 2, 2, 3, 3, 2, 2, 0, 1, 0, 1, 2, 3, 2, 2, 1, 0, 1, 1, 3, 0, 3, 2, 1, 3, 1, 3, 3, 3, 1, 2, 3, 3, 2, 0, 3, 3, 1, 3, 2, 1, 0, 0, 3, 2, 1, 3, 1, 0, 0, 3, 0, 0, 0, 0, 1, 1, 3, 3, 0, 0]","['0', '1', '7', '8', '2', '5', '4', '16', '12', '6', '17', '10', '14', '9', '18', '22', '27', '11', '20', '21', '87', '26', '3', '34', '13', '15', '19', '32', '29', '25', '24', '41', '23', '82', '37', '33', '35', '45', '54', '48', '30', '55', '31', '43', '44', '46', '53', '38', '47', '40', '52', '28', '50', '49', '70', '36', '56', '42', '51', '57', '59', '67', '60', '68', '61', '63', '72', '58', '64', '39', '74', '62', '65', '73', '77', '80', '85', '66', '81', '69', '71', '79', '75', '76', '78', '83', '84', '86', '88', '89']"
883,1349,1.6141190547412503,30221,1307,824,675.3070595273706,"[3, 3, 2, 2, 3, 3, 3, 0, 2, 0, 0, 2, 1, 0, 3, 3, 0, 2, 2, 3, 3, 2, 0, 1, 2, 1, 2, 2, 1, 1, 3, 3, 3, 1, 0, 3, 2, 1, 3, 0, 2, 2, 3, 0, 2, 3, 2, 3, 0, 2, 3, 1, 3, 1, 1, 1, 1, 3, 0, 1, 2, 1, 2, 3, 2, 0, 1, 3, 1, 0, 3, 1, 3, 3, 1, 1, 0, 1, 2, 0, 1, 1, 3, 0, 0, 0, 3, 1, 0, 1]","['0', '1', '7', '4', '5', '10', '12', '8', '6', '3', '15', '13', '9', '22', '11', '21', '27', '26', '28', '36', '37', '34', '2', '18', '23', '17', '20', '35', '41', '14', '32', '48', '43', '47', '16', '87', '45', '25', '46', '19', '38', '54', '30', '29', '44', '52', '53', '55', '82', '51', '60', '58', '33', '31', '49', '70', '62', '59', '42', '24', '40', '50', '57', '61', '39', '56', '63', '77', '68', '67', '72', '74', '64', '65', '66', '73', '79', '80', '85', '81', '69', '71', '75', '76', '78', '83', '84', '86', '88', '89']"
884,1280,1.5089890951959917,33927,1341,1038,640.754494547598,"[2, 1, 3, 3, 1, 3, 2, 2, 1, 3, 3, 1, 0, 2, 3, 1, 1, 3, 2, 1, 3, 0, 3, 3, 2, 1, 1, 1, 1, 3, 3, 1, 0, 2, 2, 1, 2, 0, 0, 0, 0, 0, 1, 2, 3, 2, 3, 0, 0, 1, 1, 3, 3, 0, 2, 0, 3, 0, 2, 3, 3, 3, 2, 1, 0, 2, 0, 0, 0, 0, 2, 3, 0, 0, 2, 3, 2, 0, 2, 3, 0, 1, 3, 0, 2, 3, 3, 1, 2, 3]","['0', '1', '3', '7', '2', '4', '5', '8', '11', '10', '12', '6', '17', '9', '27', '25', '13', '23', '21', '35', '28', '45', '24', '34', '15', '14', '44', '22', '18', '37', '38', '55', '43', '54', '20', '32', '53', '49', '26', '46', '33', '70', '16', '41', '47', '51', '52', '48', '60', '19', '87', '58', '30', '36', '29', '42', '59', '62', '31', '82', '39', '40', '50', '77', '56', '57', '68', '67', '61', '72', '63', '73', '79', '74', '64', '65', '80', '81', '66', '85', '69', '71', '75', '76', '78', '83', '84', '86', '88', '89']"
885,1573,1.896323086196504,29851,1319,957,787.4481615430983,"[1, 0, 2, 0, 2, 3, 1, 0, 0, 0, 3, 0, 1, 2, 1, 3, 3, 1, 3, 3, 1, 3, 3, 3, 1, 3, 2, 1, 2, 3, 1, 2, 3, 2, 2, 1, 1, 3, 0, 0, 0, 3, 3, 3, 1, 1, 3, 3, 0, 0, 2, 3, 2, 1, 0, 1, 0, 3, 1, 0, 1, 2, 2, 1, 2, 3, 0, 1, 1, 0, 0, 3, 1, 0, 0, 2, 2, 1, 2, 2, 3, 3, 3, 0, 3, 3, 3, 0, 2, 2]","['0', '1', '8', '7', '3', '5', '12', '11', '4', '6', '13', '10', '9', '23', '24', '28', '22', '21', '36', '38', '15', '27', '37', '35', '46', '2', '16', '44', '45', '25', '54', '14', '55', '43', '87', '26', '18', '17', '34', '19', '53', '20', '30', '29', '32', '33', '82', '49', '42', '31', '70', '41', '47', '48', '51', '52', '39', '58', '40', '60', '50', '77', '59', '56', '67', '68', '57', '61', '62', '72', '74', '73', '63', '64', '80', '79', '85', '81', '65', '66', '69', '71', '75', '76', '78', '83', '84', '86', '88', '89']"
886,1450,1.7480409885473176,28802,1385,865,725.8740204942736,"[3, 0, 1, 3, 3, 3, 1, 1, 0, 3, 1, 0, 2, 1, 1, 3, 1, 1, 3, 1, 3, 0, 1, 2, 1, 1, 1, 2, 2, 3, 2, 3, 3, 1, 2, 2, 1, 3, 0, 2, 0, 1, 0, 2, 2, 1, 0, 0, 2, 0, 1, 2, 3, 3, 3, 3, 0, 1, 3, 3, 3, 3, 2, 1, 1, 3, 3, 3, 1, 1, 3, 0, 3, 1, 0, 0, 1, 2, 0, 1, 3, 1, 1, 2, 3, 2, 2, 3, 2, 3]","['0', '2', '17', '1', '4', '7', '3', '6', '13', '8', '16', '5', '11', '14', '87', '15', '9', '24', '27', '26', '23', '12', '18', '10', '20', '33', '25', '28', '19', '21', '34', '30', '22', '35', '32', '46', '43', '41', '51', '48', '44', '38', '47', '36', '37', '60', '59', '58', '49', '70', '31', '52', '29', '82', '39', '42', '40', '77', '45', '53', '62', '50', '55', '56', '57', '54', '67', '68', '61', '63', '64', '72', '73', '79', '74', '80', '65', '85', '66', '81', '69', '71', '75', '76', '78', '83', '84', '86', '88', '89']"
887,1420,1.6632503660322109,33353,1451,1049,710.8316251830161,"[1, 2, 3, 1, 3, 1, 3, 2, 1, 2, 0, 3, 3, 2, 3, 0, 3, 3, 0, 1, 2, 2, 3, 2, 1, 1, 0, 3, 3, 2, 2, 1, 2, 0, 1, 2, 3, 0, 3, 1, 3, 2, 0, 2, 0, 2, 3, 0, 0, 2, 0, 1, 0, 2, 1, 1, 0, 2, 0, 1, 1, 3, 2, 1, 2, 1, 2, 2, 3, 0, 1, 0, 2, 2, 1, 0, 0, 0, 2, 1, 1, 3, 2, 2, 0, 2, 0, 1, 0, 0]","['0', '1', '8', '2', '4', '7', '3', '16', '87', '5', '17', '10', '11', '6', '14', '9', '27', '25', '15', '24', '12', '22', '26', '19', '23', '21', '34', '38', '37', '18', '30', '31', '20', '32', '36', '41', '47', '13', '35', '39', '29', '45', '55', '43', '51', '58', '49', '60', '44', '70', '52', '48', '53', '33', '62', '46', '77', '28', '40', '59', '42', '54', '82', '50', '57', '56', '68', '61', '67', '63', '72', '64', '73', '74', '80', '81', '85', '79', '65', '66', '69', '71', '75', '76', '78', '83', '84', '86', '88', '89']"
888,1336,1.588112927191679,31884,1458,997,668.7940564635959,"[0, 0, 3, 2, 0, 1, 2, 2, 2, 1, 0, 0, 3, 0, 3, 3, 0, 1, 2, 3, 1, 2, 0, 1, 2, 1, 0, 3, 0, 2, 2, 0, 0, 1, 0, 2, 3, 3, 1, 3, 2, 2, 1, 2, 2, 2, 1, 2, 2, 3, 2, 2, 1, 0, 0, 2, 3, 3, 0, 3, 0, 1, 0, 3, 0, 1, 0, 3, 0, 1, 1, 3, 1, 0, 3, 0, 1, 0, 1, 0, 3, 3, 1, 2, 1, 2, 0, 0, 1, 1]","['0', '1', '4', '2', '17', '6', '13', '7', '15', '8', '16', '5', '11', '12', '19', '9', '27', '26', '18', '20', '24', '21', '36', '32', '33', '42', '37', '23', '87', '34', '10', '30', '28', '31', '40', '50', '14', '25', '41', '3', '47', '49', '57', '70', '35', '39', '77', '22', '45', '46', '53', '54', '44', '43', '51', '52', '55', '29', '60', '48', '59', '56', '38', '68', '67', '72', '58', '82', '61', '74', '73', '80', '79', '81', '63', '85', '62', '64', '65', '66', '69', '71', '75', '76', '78', '83', '84', '86', '88', '89']"
889,1412,1.6849642004773269,32718,1458,1019,706.8424821002386,"[3, 1, 3, 0, 1, 0, 2, 1, 3, 3, 2, 1, 2, 1, 0, 2, 1, 1, 2, 2, 2, 1, 2, 1, 0, 0, 1, 2, 2, 3, 1, 3, 2, 3, 1, 3, 3, 2, 3, 0, 1, 0, 3, 0, 2, 1, 3, 2, 2, 1, 2, 3, 2, 1, 3, 1, 0, 2, 1, 3, 2, 1, 0, 0, 2, 0, 1, 2, 1, 0, 2, 2, 1, 2, 3, 0, 3, 2, 2, 1, 3, 0, 3, 1, 2, 3, 3, 0, 1, 1]","['0', '2', '17', '1', '5', '8', '7', '11', '16', '87', '12', '3', '10', '4', '6', '9', '14', '27', '21', '26', '22', '25', '15', '36', '19', '13', '34', '18', '28', '30', '23', '20', '33', '42', '29', '31', '32', '41', '24', '35', '47', '38', '46', '37', '49', '82', '44', '39', '40', '52', '48', '43', '50', '57', '45', '51', '53', '70', '59', '58', '60', '54', '62', '55', '77', '56', '61', '68', '72', '74', '63', '67', '64', '73', '80', '85', '65', '81', '79', '66', '69', '71', '75', '76', '78', '83', '84', '86', '88', '89']"
890,1397,1.6725531278060461,32125,1466,1069,699.336276563903,"[1, 3, 0, 3, 3, 0, 3, 3, 3, 3, 0, 0, 3, 0, 0, 0, 1, 0, 3, 0, 2, 2, 1, 0, 3, 2, 2, 2, 1, 0, 3, 1, 2, 3, 0, 2, 3, 2, 2, 0, 0, 0, 1, 0, 3, 1, 3, 3, 2, 3, 3, 0, 2, 3, 2, 3, 3, 1, 0, 1, 3, 1, 0, 2, 2, 2, 0, 2, 1, 3, 1, 0, 3, 2, 1, 1, 0, 2, 3, 0, 3, 0, 2, 1, 0, 3, 0, 2, 2, 3]","['0', '2', '1', '7', '4', '6', '5', '14', '8', '17', '13', '3', '10', '16', '87', '28', '9', '23', '25', '27', '18', '22', '38', '12', '21', '35', '26', '37', '15', '34', '19', '20', '33', '32', '41', '47', '48', '46', '44', '45', '52', '53', '49', '30', '55', '11', '70', '36', '24', '29', '82', '43', '51', '42', '60', '59', '58', '62', '31', '54', '40', '50', '39', '77', '56', '57', '67', '61', '63', '64', '65', '68', '72', '74', '73', '66', '69', '80', '85', '79', '71', '81', '75', '76', '78', '83', '84', '86', '88', '89']"
891,1702,2.036494166915944,33687,1519,1048,852.0182470834579,"[1, 3, 2, 1, 2, 3, 3, 0, 1, 1, 2, 0, 1, 3, 3, 3, 2, 1, 3, 1, 1, 3, 0, 3, 0, 0, 0, 3, 1, 0, 2, 3, 3, 0, 0, 0, 0, 1, 1, 2, 3, 2, 3, 3, 3, 3, 0, 0, 2, 0, 2, 1, 2, 2, 2, 1, 1, 1, 3, 3, 2, 0, 3, 0, 2, 1, 1, 3, 1, 0, 3, 3, 2, 3, 0, 1, 2, 2, 3, 1, 0, 2, 2, 1, 3, 0, 3, 0, 3, 0]","['0', '2', '1', '4', '17', '5', '12', '11', '6', '3', '9', '14', '24', '7', '21', '15', '27', '8', '23', '10', '25', '36', '37', '13', '35', '46', '16', '44', '26', '34', '19', '87', '18', '28', '29', '22', '38', '82', '43', '45', '53', '30', '31', '39', '54', '77', '20', '33', '42', '41', '47', '40', '55', '50', '48', '51', '57', '58', '56', '62', '68', '52', '67', '60', '59', '32', '49', '72', '70', '61', '74', '63', '73', '80', '81', '79', '64', '65', '66', '85', '69', '71', '75', '76', '78', '83', '84', '86', '88', '89']"
892,1412,1.67945286946179,29217,1402,939,706.8397264347309,"[2, 3, 2, 2, 3, 0, 2, 3, 1, 0, 1, 0, 0, 1, 2, 0, 1, 0, 0, 3, 3, 2, 1, 0, 3, 1, 2, 1, 1, 1, 1, 3, 2, 1, 2, 0, 0, 0, 0, 0, 3, 0, 1, 1, 3, 1, 2, 2, 0, 1, 3, 2, 1, 3, 1, 2, 2, 1, 1, 3, 1, 0, 1, 2, 2, 3, 3, 2, 1, 1, 1, 2, 3, 2, 3, 1, 0, 0, 2, 0, 0, 0, 0, 2, 3, 0, 3, 0, 3, 3]","['0', '2', '1', '5', '3', '17', '4', '6', '14', '12', '9', '13', '10', '22', '11', '8', '7', '21', '15', '36', '18', '28', '25', '24', '19', '30', '34', '16', '87', '23', '20', '41', '33', '35', '43', '44', '29', '48', '51', '82', '26', '42', '60', '47', '46', '37', '59', '32', '38', '27', '52', '49', '58', '45', '53', '70', '55', '62', '54', '31', '39', '77', '40', '50', '56', '57', '61', '68', '63', '72', '74', '73', '79', '67', '64', '65', '66', '69', '80', '81', '71', '75', '85', '76', '78', '83', '84', '86', '88', '89']"
893,1455,1.7367949865711727,31338,1380,984,728.3683974932856,"[2, 2, 0, 3, 0, 2, 3, 3, 2, 1, 3, 1, 2, 2, 3, 1, 1, 3, 2, 0, 1, 3, 2, 3, 3, 3, 3, 0, 2, 2, 3, 1, 1, 1, 1, 2, 1, 2, 1, 3, 2, 3, 2, 1, 2, 3, 3, 1, 0, 0, 1, 3, 0, 1, 3, 2, 0, 3, 2, 0, 3, 0, 2, 2, 2, 1, 1, 3, 1, 0, 2, 3, 3, 1, 3, 0, 0, 3, 3, 0, 2, 1, 2, 1, 3, 1, 2, 2, 2, 1]","['0', '2', '1', '17', '7', '8', '4', '16', '3', '5', '6', '14', '87', '11', '15', '9', '25', '21', '12', '36', '35', '24', '18', '13', '43', '34', '46', '10', '45', '55', '28', '26', '53', '37', '20', '44', '22', '41', '19', '27', '48', '51', '59', '47', '58', '33', '42', '32', '23', '29', '62', '54', '60', '49', '82', '38', '30', '52', '31', '70', '40', '39', '77', '50', '56', '67', '57', '68', '72', '74', '61', '63', '73', '80', '79', '85', '81', '64', '65', '66', '69', '71', '75', '76', '78', '83', '84', '86', '88', '89']"
894,1664,1.965160909359315,32118,1369,1014,832.9825804546797,"[2, 2, 0, 3, 1, 1, 0, 2, 1, 1, 3, 0, 1, 0, 3, 1, 3, 1, 0, 2, 3, 3, 0, 0, 2, 1, 1, 2, 0, 2, 2, 0, 0, 0, 3, 1, 2, 1, 0, 1, 0, 0, 0, 2, 2, 3, 0, 0, 3, 0, 0, 3, 1, 3, 1, 3, 3, 1, 0, 2, 2, 0, 0, 3, 1, 3, 1, 0, 1, 3, 0, 1, 0, 2, 0, 1, 3, 2, 3, 0, 1, 0, 2, 2, 0, 0, 0, 2, 0, 2]","['0', '2', '17', '1', '8', '7', '5', '16', '12', '10', '11', '87', '4', '3', '6', '9', '15', '14', '26', '24', '27', '23', '18', '19', '30', '13', '21', '31', '28', '22', '29', '36', '20', '25', '82', '39', '37', '34', '32', '38', '33', '41', '77', '48', '35', '44', '42', '43', '49', '51', '47', '58', '46', '60', '70', '59', '52', '40', '45', '50', '56', '53', '68', '54', '55', '72', '73', '57', '74', '62', '79', '67', '80', '81', '61', '85', '63', '64', '65', '66', '69', '71', '75', '76', '78', '83', '84', '86', '88', '89']"
895,1487,1.7463300058719906,32107,1520,1045,744.373165002936,"[0, 2, 1, 0, 3, 3, 2, 3, 1, 0, 3, 1, 1, 2, 2, 3, 0, 3, 3, 2, 0, 3, 0, 0, 2, 3, 2, 2, 1, 3, 3, 1, 3, 0, 1, 1, 2, 2, 1, 0, 2, 2, 2, 3, 3, 0, 3, 2, 2, 3, 1, 1, 1, 3, 2, 3, 3, 2, 1, 2, 1, 3, 0, 3, 2, 2, 1, 3, 2, 2, 0, 0, 0, 2, 1, 1, 0, 2, 3, 2, 1, 1, 0, 3, 3, 0, 2, 2, 1, 1]","['0', '1', '3', '2', '4', '8', '7', '5', '11', '17', '6', '12', '16', '87', '15', '19', '9', '25', '22', '13', '21', '36', '30', '14', '29', '23', '38', '34', '10', '28', '82', '18', '35', '45', '53', '24', '46', '37', '26', '44', '20', '55', '32', '49', '27', '43', '70', '31', '41', '33', '40', '54', '51', '39', '50', '47', '42', '59', '77', '48', '56', '68', '60', '58', '62', '72', '73', '80', '52', '85', '79', '57', '67', '81', '61', '63', '64', '65', '66', '69', '74', '71', '75', '76', '78', '83', '84', '86', '88', '89']"
896,1516,1.7798649838567655,30966,1403,1010,758.8899324919283,"[0, 0, 0, 1, 2, 1, 1, 1, 1, 2, 0, 3, 3, 1, 2, 3, 2, 1, 2, 1, 0, 2, 3, 3, 2, 3, 2, 0, 3, 1, 0, 3, 2, 3, 3, 1, 0, 1, 3, 0, 1, 2, 1, 0, 3, 1, 1, 2, 0, 3, 0, 1, 2, 3, 3, 2, 2, 0, 3, 0, 3, 1, 1, 2, 0, 1, 0, 3, 2, 2, 3, 2, 2, 2, 2, 1, 2, 3, 1, 0, 0, 1, 1, 2, 3, 2, 0, 1, 2, 1]","['0', '1', '7', '4', '3', '8', '6', '14', '15', '2', '16', '87', '13', '5', '11', '9', '26', '23', '10', '18', '12', '21', '35', '27', '44', '28', '22', '34', '36', '25', '37', '43', '20', '32', '17', '49', '24', '38', '19', '30', '33', '45', '54', '31', '40', '53', '70', '46', '39', '77', '29', '42', '50', '57', '82', '55', '41', '51', '58', '62', '60', '47', '61', '48', '59', '56', '63', '67', '52', '68', '64', '72', '73', '80', '81', '85', '74', '65', '66', '79', '69', '71', '75', '76', '78', '83', '84', '86', '88', '89']"
897,1417,1.7207043108682454,32968,1554,1036,709.3603521554342,"[3, 0, 3, 0, 3, 0, 3, 1, 3, 1, 0, 3, 2, 0, 2, 2, 2, 0, 1, 0, 0, 1, 1, 2, 1, 2, 2, 2, 2, 0, 3, 3, 0, 1, 1, 3, 2, 1, 2, 0, 1, 0, 2, 1, 3, 3, 0, 1, 3, 3, 3, 0, 1, 1, 2, 3, 0, 1, 3, 0, 2, 2, 1, 3, 1, 0, 3, 0, 0, 3, 2, 0, 2, 1, 3, 2, 3, 3, 2, 1, 0, 3, 0, 1, 3, 1, 2, 3, 0, 0]","['0', '1', '3', '7', '5', '12', '4', '8', '2', '6', '11', '13', '10', '28', '17', '16', '14', '15', '9', '26', '23', '18', '20', '19', '87', '25', '21', '27', '36', '37', '34', '33', '41', '29', '48', '35', '45', '24', '42', '43', '82', '22', '38', '44', '32', '53', '51', '46', '54', '58', '59', '30', '55', '62', '60', '31', '40', '39', '77', '47', '52', '50', '49', '56', '57', '68', '70', '72', '67', '61', '63', '74', '64', '73', '79', '65', '66', '69', '71', '80', '81', '85', '75', '76', '78', '83', '84', '86', '88', '89']"
898,1446,1.6625467088243748,34850,1369,933,723.8312733544121,"[3, 2, 2, 3, 0, 1, 2, 2, 2, 2, 0, 0, 2, 0, 0, 0, 2, 0, 2, 1, 2, 1, 1, 1, 3, 3, 0, 1, 2, 1, 1, 1, 3, 0, 1, 0, 3, 3, 0, 1, 2, 1, 3, 3, 3, 3, 1, 2, 1, 3, 0, 3, 2, 0, 1, 3, 0, 0, 1, 0, 1, 3, 2, 1, 2, 3, 3, 3, 1, 2, 2, 3, 3, 2, 3, 3, 3, 0, 0, 0, 2, 2, 0, 0, 3, 1, 2, 2, 1, 1]","['0', '1', '5', '3', '12', '4', '6', '14', '11', '7', '15', '8', '10', '9', '26', '18', '24', '25', '2', '21', '37', '34', '20', '33', '35', '23', '22', '43', '41', '27', '16', '17', '44', '47', '46', '45', '32', '53', '87', '49', '70', '54', '51', '36', '58', '62', '55', '59', '42', '19', '52', '29', '60', '48', '13', '82', '38', '28', '30', '31', '40', '39', '50', '77', '57', '56', '67', '61', '68', '63', '64', '72', '65', '66', '74', '69', '73', '71', '79', '80', '81', '75', '76', '78', '83', '84', '85', '86', '88', '89']"
899,1570,1.873508353221957,29085,1435,1015,785.936754176611,"[3, 3, 3, 3, 3, 2, 2, 2, 0, 0, 2, 2, 1, 3, 1, 3, 0, 1, 1, 3, 1, 1, 3, 2, 3, 0, 3, 3, 2, 0, 3, 1, 1, 2, 2, 1, 3, 1, 1, 1, 0, 0, 1, 2, 0, 2, 0, 0, 2, 1, 1, 3, 0, 0, 3, 1, 3, 2, 2, 0, 3, 0, 3, 0, 3, 0, 1, 3, 3, 2, 0, 0, 0, 3, 0, 1, 3, 3, 1, 3, 1, 1, 3, 3, 1, 3, 2, 1, 3, 1]","['0', '1', '8', '5', '11', '10', '12', '3', '2', '7', '4', '17', '16', '6', '14', '9', '24', '87', '25', '22', '27', '23', '38', '18', '13', '20', '15', '32', '21', '37', '36', '28', '33', '49', '70', '34', '41', '47', '48', '19', '29', '26', '35', '45', '43', '53', '44', '46', '51', '52', '42', '58', '60', '62', '55', '30', '54', '82', '59', '31', '39', '77', '40', '50', '57', '61', '63', '56', '68', '67', '64', '65', '66', '69', '72', '71', '75', '73', '80', '85', '74', '76', '81', '79', '78', '83', '84', '86', '88', '89']"
900,1413,1.6603995299647474,31616,1361,924,707.3301997649824,"[2, 0, 2, 0, 1, 2, 2, 0, 0, 3, 3, 3, 2, 3, 2, 3, 3, 3, 1, 1, 3, 2, 3, 1, 0, 1, 1, 3, 3, 3, 1, 3, 3, 1, 1, 0, 0, 0, 2, 1, 3, 0, 1, 3, 2, 0, 2, 1, 3, 0, 2, 0, 2, 0, 0, 3, 1, 2, 1, 0, 1, 3, 3, 3, 1, 2, 0, 0, 0, 1, 3, 1, 1, 0, 0, 0, 0, 1, 2, 1, 3, 1, 1, 3, 2, 0, 0, 1, 0, 1]","['0', '2', '17', '1', '3', '7', '8', '5', '10', '12', '16', '11', '4', '6', '15', '87', '13', '9', '19', '25', '14', '24', '26', '23', '18', '27', '28', '22', '20', '32', '21', '38', '36', '30', '29', '37', '34', '35', '49', '70', '46', '45', '43', '82', '31', '54', '40', '39', '44', '41', '50', '48', '77', '56', '51', '33', '67', '60', '58', '47', '68', '42', '59', '72', '52', '57', '74', '73', '79', '80', '85', '81', '53', '62', '55', '61', '63', '64', '65', '66', '69', '71', '75', '76', '78', '83', '84', '86', '88', '89']"
901,1644,1.9694519317160826,33577,1463,1003,822.984725965858,"[0, 2, 3, 3, 0, 3, 1, 3, 3, 3, 0, 1, 1, 2, 2, 3, 1, 0, 1, 1, 3, 0, 0, 1, 2, 1, 1, 1, 1, 3, 3, 1, 3, 3, 3, 3, 2, 0, 3, 2, 2, 1, 3, 2, 3, 3, 1, 0, 3, 1, 2, 1, 0, 3, 1, 0, 1, 3, 3, 3, 1, 2, 1, 3, 0, 1, 1, 3, 0, 2, 3, 1, 2, 1, 3, 2, 0, 1, 2, 3, 2, 3, 0, 0, 1, 2, 1, 2, 0, 1]","['0', '1', '2', '7', '3', '5', '8', '11', '16', '10', '17', '4', '12', '87', '6', '14', '13', '15', '9', '28', '21', '24', '26', '27', '18', '37', '34', '23', '22', '19', '38', '25', '36', '29', '35', '44', '45', '43', '46', '54', '82', '30', '20', '31', '53', '41', '32', '51', '49', '48', '47', '60', '33', '59', '42', '58', '62', '40', '50', '57', '55', '39', '77', '56', '70', '68', '67', '61', '63', '72', '73', '52', '64', '74', '80', '81', '85', '79', '65', '66', '69', '71', '75', '76', '78', '83', '84', '86', '88', '89']"
902,1334,1.557956204379562,31787,1335,886,667.7789781021897,"[0, 3, 1, 2, 3, 2, 1, 3, 2, 1, 1, 1, 3, 0, 0, 1, 2, 0, 1, 0, 0, 1, 2, 1, 2, 3, 3, 2, 1, 2, 0, 3, 1, 3, 1, 2, 2, 3, 3, 3, 3, 1, 1, 2, 0, 3, 3, 1, 0, 3, 2, 1, 1, 1, 0, 2, 2, 1, 2, 3, 1, 3, 2, 1, 0, 1, 3, 0, 2, 2, 0, 0, 2, 1, 0, 1, 2, 3, 0, 1, 1, 0, 3, 3, 3, 0, 2, 0, 0, 0]","['0', '2', '17', '1', '4', '5', '3', '6', '9', '7', '15', '14', '11', '23', '27', '18', '26', '12', '13', '19', '24', '20', '29', '21', '34', '22', '32', '82', '35', '10', '8', '28', '16', '46', '43', '36', '45', '54', '30', '38', '44', '33', '41', '53', '42', '55', '31', '37', '47', '87', '40', '25', '48', '52', '50', '57', '39', '56', '51', '59', '77', '49', '58', '70', '67', '62', '68', '60', '72', '61', '73', '80', '63', '79', '64', '74', '85', '81', '65', '66', '69', '71', '75', '76', '78', '83', '84', '86', '88', '89']"
903,1319,1.5600236546422235,33748,1430,988,660.2800118273211,"[1, 2, 1, 2, 0, 0, 2, 0, 0, 1, 3, 3, 1, 0, 2, 3, 0, 1, 0, 0, 2, 1, 0, 0, 0, 1, 1, 2, 2, 0, 2, 2, 0, 3, 3, 1, 3, 1, 0, 3, 0, 0, 0, 0, 0, 2, 2, 1, 3, 3, 0, 2, 3, 0, 0, 1, 2, 1, 3, 0, 3, 2, 3, 2, 1, 3, 0, 2, 2, 3, 3, 3, 2, 1, 2, 3, 3, 3, 0, 2, 2, 3, 2, 1, 3, 2, 1, 1, 1, 1]","['0', '1', '2', '5', '7', '10', '8', '3', '17', '12', '11', '4', '16', '87', '6', '15', '19', '30', '9', '14', '24', '25', '29', '26', '21', '36', '27', '34', '23', '18', '82', '37', '22', '38', '31', '35', '43', '44', '40', '46', '20', '41', '50', '48', '39', '32', '51', '59', '45', '56', '47', '53', '58', '77', '33', '13', '52', '54', '57', '42', '55', '68', '67', '60', '62', '49', '72', '73', '70', '74', '79', '28', '61', '63', '64', '65', '66', '80', '69', '81', '71', '75', '76', '78', '85', '83', '84', '86', '88', '89']"
904,1491,1.7915289876839893,29037,1335,883,746.395764493842,"[0, 3, 0, 0, 0, 2, 3, 0, 1, 1, 2, 0, 2, 0, 2, 0, 0, 1, 3, 0, 1, 2, 3, 2, 2, 0, 3, 2, 3, 3, 3, 0, 1, 3, 0, 1, 3, 3, 1, 2, 0, 1, 1, 1, 3, 1, 2, 1, 0, 2, 3, 1, 3, 3, 2, 2, 0, 0, 3, 3, 3, 2, 0, 2, 0, 3, 2, 0, 2, 0, 3, 2, 0, 2, 0, 3, 1, 3, 2, 2, 3, 3, 3, 3, 3, 1, 1, 0, 0, 3]","['0', '2', '17', '1', '4', '8', '5', '7', '16', '3', '10', '12', '6', '13', '28', '11', '15', '9', '26', '21', '36', '23', '22', '35', '87', '14', '25', '27', '19', '18', '37', '46', '30', '31', '38', '24', '39', '40', '50', '43', '77', '57', '44', '45', '53', '55', '34', '54', '29', '82', '20', '32', '41', '48', '56', '68', '49', '33', '47', '72', '42', '51', '74', '58', '62', '52', '59', '73', '70', '79', '60', '61', '80', '63', '85', '81', '64', '67', '65', '66', '69', '71', '75', '76', '78', '83', '84', '86', '88', '89']"
905,1482,1.8106291997556505,29130,1502,1051,741.9053145998778,"[0, 3, 0, 1, 0, 3, 3, 1, 2, 1, 3, 1, 0, 3, 2, 3, 0, 1, 0, 1, 0, 3, 0, 2, 3, 0, 1, 1, 0, 1, 3, 1, 1, 0, 1, 1, 3, 2, 1, 1, 2, 2, 3, 3, 1, 0, 2, 3, 3, 1, 0, 2, 0, 3, 1, 1, 3, 0, 2, 3, 2, 0, 0, 1, 1, 0, 2, 3, 3, 2, 2, 3, 3, 3, 0, 3, 2, 3, 0, 2, 2, 1, 1, 3, 0, 1, 3, 1, 3, 3]","['0', '2', '1', '3', '17', '4', '8', '7', '6', '13', '15', '5', '9', '12', '10', '11', '21', '36', '16', '34', '25', '28', '22', '27', '37', '26', '87', '24', '14', '19', '35', '46', '23', '29', '18', '30', '31', '20', '38', '40', '41', '47', '43', '44', '32', '52', '48', '39', '82', '51', '58', '33', '59', '60', '50', '49', '70', '56', '57', '45', '68', '77', '54', '72', '67', '74', '73', '80', '85', '55', '61', '79', '42', '63', '81', '53', '64', '62', '65', '66', '69', '71', '75', '76', '78', '83', '84', '86', '88', '89']"
906,1621,1.8898280384727484,30689,1356,915,811.4449140192364,"[2, 2, 2, 2, 2, 1, 2, 1, 3, 0, 1, 1, 2, 1, 0, 2, 2, 3, 0, 2, 3, 0, 3, 3, 2, 1, 2, 0, 2, 3, 1, 3, 3, 1, 0, 3, 3, 2, 2, 3, 2, 1, 1, 1, 2, 2, 2, 3, 0, 3, 0, 1, 0, 1, 2, 0, 0, 1, 3, 2, 2, 0, 3, 2, 3, 0, 1, 2, 1, 0, 0, 1, 1, 1, 3, 2, 1, 3, 2, 2, 0, 3, 2, 3, 2, 1, 0, 2, 2, 3]","['0', '1', '5', '8', '3', '2', '10', '12', '17', '7', '11', '16', '87', '4', '6', '14', '9', '23', '15', '13', '24', '25', '21', '37', '22', '18', '34', '27', '26', '36', '28', '38', '20', '41', '35', '45', '33', '55', '32', '43', '54', '44', '53', '49', '19', '51', '70', '48', '47', '29', '59', '30', '31', '52', '58', '39', '40', '50', '42', '57', '82', '77', '62', '46', '60', '61', '56', '63', '68', '64', '67', '65', '72', '66', '69', '71', '75', '73', '80', '74', '81', '79', '85', '76', '78', '83', '84', '86', '88', '89']"
907,1348,1.6201923076923077,31020,1456,967,674.8100961538462,"[1, 3, 1, 0, 3, 0, 0, 1, 0, 1, 1, 3, 2, 0, 2, 2, 2, 0, 2, 2, 1, 0, 3, 0, 1, 0, 3, 0, 1, 2, 3, 1, 3, 0, 2, 2, 3, 1, 3, 3, 2, 3, 0, 3, 3, 2, 2, 3, 1, 1, 0, 0, 0, 2, 0, 2, 0, 1, 1, 0, 0, 2, 2, 0, 1, 1, 0, 1, 2, 0, 3, 2, 1, 1, 0, 1, 2, 0, 1, 1, 1, 0, 2, 3, 2, 1, 2, 3, 3, 1]","['0', '2', '1', '17', '8', '5', '11', '10', '4', '3', '6', '14', '15', '12', '13', '7', '9', '28', '24', '26', '19', '23', '16', '27', '21', '25', '37', '87', '29', '36', '82', '35', '45', '44', '22', '46', '55', '34', '54', '53', '43', '18', '20', '30', '33', '42', '38', '41', '51', '60', '31', '47', '48', '32', '49', '40', '58', '50', '70', '59', '39', '52', '77', '57', '61', '56', '68', '62', '63', '67', '72', '74', '73', '80', '64', '85', '65', '79', '81', '66', '69', '71', '75', '76', '78', '83', '84', '86', '88', '89']"
908,1332,1.5894988066825775,31402,1233,881,666.7947494033413,"[3, 2, 2, 2, 2, 2, 2, 2, 3, 1, 2, 2, 1, 2, 3, 1, 2, 3, 3, 3, 2, 3, 1, 1, 3, 2, 1, 0, 2, 1, 0, 1, 3, 2, 3, 0, 1, 2, 0, 3, 2, 0, 3, 3, 0, 1, 0, 3, 0, 2, 1, 2, 0, 0, 1, 1, 3, 2, 1, 2, 0, 3, 0, 3, 0, 0, 3, 2, 3, 1, 3, 3, 2, 0, 3, 3, 2, 0, 0, 0, 3, 1, 3, 0, 3, 3, 0, 0, 0, 2]","['0', '1', '3', '2', '17', '4', '8', '7', '5', '12', '6', '15', '16', '10', '14', '11', '87', '9', '27', '18', '20', '23', '19', '25', '30', '13', '32', '28', '22', '33', '21', '24', '38', '26', '34', '37', '35', '31', '44', '40', '49', '36', '43', '39', '46', '45', '50', '70', '55', '42', '29', '57', '53', '77', '54', '41', '51', '59', '48', '82', '47', '52', '56', '58', '62', '60', '67', '61', '68', '72', '63', '73', '64', '80', '79', '81', '74', '65', '66', '69', '85', '71', '75', '76', '78', '83', '84', '86', '88', '89']"
909,1679,2.0531947416692145,32434,1415,998,840.5265973708346,"[2, 3, 0, 3, 0, 0, 3, 3, 1, 3, 0, 0, 3, 3, 0, 0, 3, 2, 2, 0, 0, 2, 0, 2, 1, 3, 1, 3, 1, 3, 3, 0, 1, 3, 0, 3, 0, 0, 1, 2, 1, 3, 3, 1, 3, 0, 3, 3, 2, 1, 2, 3, 3, 2, 3, 3, 3, 1, 0, 2, 2, 0, 2, 2, 2, 3, 3, 1, 0, 2, 1, 2, 3, 3, 3, 3, 0, 0, 3, 0, 1, 2, 0, 2, 3, 3, 0, 1, 0, 2]","['0', '1', '4', '2', '17', '3', '6', '8', '5', '13', '15', '9', '10', '28', '26', '12', '19', '27', '30', '11', '23', '14', '29', '18', '31', '22', '20', '24', '7', '16', '87', '25', '39', '38', '77', '21', '36', '37', '33', '35', '46', '44', '45', '32', '43', '55', '40', '53', '50', '57', '34', '82', '54', '49', '42', '41', '70', '51', '47', '48', '56', '52', '68', '59', '60', '67', '61', '58', '72', '74', '62', '63', '73', '64', '80', '65', '79', '81', '85', '66', '69', '71', '75', '76', '78', '83', '84', '86', '88', '89']"
910,1457,1.7580693815987933,32105,1300,905,729.3790346907994,"[2, 1, 0, 0, 3, 2, 2, 1, 1, 2, 2, 0, 2, 1, 1, 3, 1, 2, 0, 2, 2, 1, 0, 2, 2, 2, 3, 0, 1, 0, 0, 1, 1, 0, 1, 0, 1, 0, 1, 3, 3, 1, 2, 0, 0, 2, 0, 3, 1, 3, 3, 3, 0, 0, 1, 0, 1, 3, 2, 2, 0, 0, 3, 2, 1, 2, 0, 0, 3, 3, 0, 2, 1, 0, 2, 0, 0, 1, 1, 0, 1, 2, 1, 1, 2, 0, 0, 0, 1, 1]","['0', '1', '3', '8', '5', '2', '12', '17', '7', '4', '16', '6', '10', '13', '87', '15', '11', '28', '9', '14', '19', '23', '24', '29', '26', '30', '82', '21', '34', '35', '45', '46', '44', '54', '55', '22', '18', '20', '41', '33', '32', '47', '52', '38', '48', '36', '25', '27', '43', '37', '49', '70', '51', '60', '58', '53', '42', '62', '31', '40', '50', '39', '56', '67', '68', '57', '72', '73', '77', '61', '80', '59', '79', '81', '63', '64', '65', '74', '85', '66', '69', '71', '75', '76', '78', '83', '84', '86', '88', '89']"
911,1264,1.529340592861464,31360,1432,966,632.7646702964307,"[3, 3, 2, 1, 0, 1, 3, 2, 2, 1, 1, 2, 2, 2, 0, 0, 3, 1, 3, 2, 3, 1, 2, 3, 1, 1, 0, 3, 0, 1, 2, 2, 1, 1, 3, 2, 3, 0, 1, 2, 2, 3, 2, 1, 2, 1, 3, 0, 3, 3, 2, 1, 1, 2, 0, 2, 3, 3, 1, 0, 0, 2, 2, 1, 0, 2, 0, 0, 1, 0, 0, 1, 1, 3, 2, 2, 0, 1, 1, 3, 3, 0, 3, 3, 1, 3, 3, 0, 0, 1]","['0', '2', '1', '17', '5', '7', '8', '10', '3', '12', '16', '87', '4', '6', '13', '15', '14', '11', '28', '9', '19', '21', '25', '30', '27', '18', '20', '36', '22', '34', '29', '33', '26', '41', '37', '82', '31', '47', '40', '48', '24', '35', '23', '44', '45', '42', '54', '39', '77', '50', '43', '32', '51', '49', '55', '59', '70', '53', '46', '38', '58', '62', '60', '52', '57', '61', '63', '56', '67', '64', '65', '66', '69', '68', '72', '74', '71', '75', '73', '76', '79', '80', '78', '81', '83', '84', '85', '86', '88', '89']"
912,1329,1.5983162958508719,31989,1432,979,665.2991581479255,"[3, 1, 2, 1, 0, 0, 2, 2, 2, 2, 3, 2, 1, 3, 3, 3, 0, 3, 0, 1, 3, 0, 2, 1, 1, 0, 2, 2, 0, 3, 3, 3, 2, 0, 3, 3, 3, 1, 3, 2, 0, 1, 0, 3, 1, 3, 0, 3, 3, 3, 0, 2, 0, 1, 1, 2, 0, 0, 3, 2, 2, 3, 2, 0, 1, 0, 1, 1, 0, 3, 2, 1, 3, 0, 0, 1, 1, 2, 3, 3, 2, 0, 3, 2, 0, 1, 1, 0, 3, 0]","['0', '1', '7', '4', '5', '12', '2', '8', '6', '11', '14', '9', '10', '16', '27', '3', '26', '18', '24', '21', '23', '35', '36', '34', '37', '45', '87', '46', '43', '20', '17', '15', '32', '22', '33', '38', '19', '29', '55', '41', '54', '25', '48', '53', '42', '30', '31', '47', '82', '39', '13', '51', '44', '52', '28', '59', '58', '60', '77', '40', '49', '50', '57', '61', '62', '56', '63', '68', '67', '70', '64', '65', '66', '69', '71', '72', '75', '74', '73', '80', '85', '81', '76', '78', '79', '83', '84', '86', '88', '89']"
913,1588,1.8865458865458866,32524,1499,1108,794.943272943273,"[0, 2, 1, 3, 2, 1, 0, 0, 2, 3, 1, 1, 3, 0, 3, 3, 0, 2, 1, 2, 2, 2, 2, 0, 3, 1, 1, 2, 2, 1, 3, 0, 2, 3, 1, 3, 1, 2, 0, 0, 1, 2, 0, 3, 0, 0, 1, 1, 1, 0, 1, 1, 0, 2, 1, 2, 2, 3, 2, 3, 1, 1, 1, 3, 0, 1, 2, 3, 2, 1, 0, 1, 0, 1, 2, 1, 3, 2, 2, 2, 3, 3, 2, 2, 0, 3, 1, 2, 1, 0]","['0', '2', '17', '1', '4', '5', '11', '8', '12', '10', '7', '3', '16', '6', '14', '15', '13', '19', '9', '87', '28', '29', '24', '27', '30', '23', '82', '26', '25', '18', '22', '31', '40', '39', '38', '21', '50', '35', '44', '36', '77', '43', '57', '34', '20', '46', '37', '33', '42', '45', '32', '41', '49', '53', '47', '51', '48', '70', '56', '59', '60', '58', '68', '55', '61', '52', '54', '62', '63', '72', '67', '73', '74', '64', '79', '80', '65', '81', '66', '85', '69', '71', '75', '76', '78', '83', '84', '86', '88', '89']"
914,1534,1.8110979929161748,30217,1227,840,767.905548996458,"[3, 2, 1, 2, 2, 2, 3, 3, 0, 3, 3, 3, 2, 0, 0, 2, 0, 0, 0, 3, 1, 1, 0, 1, 1, 2, 3, 1, 3, 0, 0, 1, 3, 2, 0, 1, 3, 3, 1, 0, 1, 3, 2, 3, 2, 3, 3, 3, 0, 1, 3, 2, 2, 0, 3, 1, 2, 3, 0, 1, 3, 3, 2, 2, 2, 2, 1, 3, 2, 3, 1, 1, 0, 0, 3, 3, 0, 3, 3, 2, 2, 0, 1, 1, 2, 1, 1, 3, 3, 1]","['0', '2', '17', '1', '4', '5', '3', '6', '12', '11', '15', '8', '14', '7', '19', '16', '13', '87', '29', '9', '22', '10', '26', '82', '24', '27', '21', '30', '28', '36', '34', '31', '25', '37', '40', '18', '39', '77', '35', '20', '44', '50', '43', '33', '45', '32', '53', '23', '38', '57', '55', '54', '46', '49', '42', '70', '41', '48', '47', '52', '51', '58', '56', '62', '67', '68', '59', '72', '74', '73', '79', '60', '80', '81', '61', '63', '85', '64', '65', '66', '69', '71', '75', '76', '78', '83', '84', '86', '88', '89']"
915,1422,1.7241588360109124,26784,1474,1001,711.8620794180055,"[3, 2, 0, 3, 3, 1, 2, 1, 0, 0, 0, 1, 0, 2, 0, 3, 2, 3, 0, 3, 3, 3, 3, 3, 3, 0, 3, 0, 3, 0, 0, 1, 3, 2, 0, 0, 1, 2, 3, 0, 2, 1, 0, 2, 0, 2, 1, 0, 3, 1, 3, 0, 1, 3, 0, 2, 0, 1, 3, 0, 2, 1, 2, 0, 3, 1, 3, 2, 1, 3, 2, 0, 2, 3, 3, 1, 3, 2, 3, 0, 2, 1, 2, 1, 3, 0, 3, 2, 3, 3]","['0', '2', '17', '1', '5', '3', '7', '8', '16', '4', '10', '11', '87', '12', '6', '13', '9', '15', '14', '22', '19', '29', '25', '23', '82', '18', '30', '21', '20', '35', '33', '32', '45', '53', '28', '34', '38', '55', '54', '37', '46', '49', '24', '43', '36', '70', '41', '51', '48', '59', '60', '58', '26', '62', '27', '44', '31', '40', '42', '39', '47', '50', '77', '57', '52', '61', '63', '56', '67', '64', '68', '72', '74', '65', '73', '79', '66', '80', '81', '85', '69', '71', '75', '76', '78', '83', '84', '86', '88', '89']"
916,1540,1.8587809293904647,33677,1471,1070,770.9293904646952,"[3, 1, 3, 3, 0, 0, 3, 2, 0, 2, 2, 0, 2, 1, 1, 2, 3, 3, 0, 2, 1, 1, 3, 1, 2, 3, 1, 0, 2, 1, 1, 1, 2, 1, 0, 3, 2, 3, 3, 1, 3, 1, 3, 3, 2, 2, 1, 0, 3, 2, 3, 0, 2, 3, 1, 0, 1, 1, 1, 3, 3, 2, 3, 1, 0, 3, 2, 2, 2, 1, 3, 3, 2, 2, 0, 3, 1, 1, 2, 1, 2, 2, 3, 1, 0, 1, 1, 1, 1, 1]","['0', '1', '8', '5', '12', '7', '11', '2', '17', '10', '4', '3', '16', '6', '14', '87', '15', '9', '23', '18', '21', '36', '13', '24', '22', '38', '27', '28', '37', '20', '26', '32', '34', '19', '25', '30', '31', '29', '49', '70', '33', '42', '35', '43', '41', '51', '48', '82', '47', '44', '46', '40', '60', '52', '39', '77', '50', '58', '56', '59', '68', '45', '55', '57', '53', '62', '72', '54', '73', '80', '79', '67', '61', '81', '74', '63', '85', '64', '65', '66', '69', '71', '75', '76', '78', '83', '84', '86', '88', '89']"
917,1534,1.8565809379727685,28380,1328,908,767.9282904689863,"[0, 3, 0, 1, 3, 0, 0, 1, 0, 3, 1, 2, 3, 1, 0, 3, 3, 3, 2, 1, 2, 0, 3, 2, 2, 0, 1, 1, 3, 3, 1, 1, 3, 0, 0, 0, 0, 3, 2, 2, 3, 2, 3, 0, 0, 2, 3, 1, 1, 3, 2, 0, 3, 0, 0, 1, 3, 1, 3, 2, 1, 2, 1, 3, 2, 3, 2, 2, 0, 0, 3, 0, 3, 3, 3, 0, 0, 1, 0, 0, 3, 3, 3, 3, 2, 2, 1, 3, 2, 0]","['0', '2', '1', '8', '4', '3', '5', '11', '6', '13', '12', '15', '10', '17', '9', '25', '18', '27', '24', '26', '28', '22', '7', '19', '30', '21', '23', '38', '35', '34', '36', '45', '31', '37', '46', '55', '14', '44', '39', '77', '29', '54', '40', '50', '82', '20', '33', '57', '43', '32', '49', '16', '87', '42', '41', '48', '70', '51', '58', '59', '53', '47', '56', '60', '52', '62', '68', '67', '72', '73', '79', '80', '85', '61', '74', '63', '64', '65', '81', '66', '69', '71', '75', '76', '78', '83', '84', '86', '88', '89']"
918,1391,1.6146256529309344,32348,1336,887,696.3073128264655,"[3, 2, 3, 3, 0, 2, 3, 0, 2, 3, 1, 1, 2, 3, 3, 2, 2, 3, 2, 1, 2, 2, 2, 1, 1, 2, 3, 0, 0, 1, 0, 3, 3, 2, 2, 2, 1, 2, 0, 3, 3, 0, 2, 2, 1, 2, 3, 0, 1, 2, 0, 1, 2, 1, 3, 1, 0, 1, 0, 1, 3, 3, 0, 3, 3, 3, 3, 3, 0, 1, 2, 0, 3, 1, 0, 3, 3, 0, 0, 1, 3, 2, 0, 1, 0, 1, 0, 1, 2, 0]","['0', '1', '2', '17', '5', '3', '8', '12', '10', '11', '7', '4', '16', '6', '9', '18', '25', '87', '21', '24', '34', '20', '23', '41', '48', '37', '13', '33', '36', '47', '22', '27', '32', '15', '42', '19', '49', '38', '14', '35', '28', '45', '53', '46', '54', '29', '30', '82', '26', '55', '43', '51', '31', '59', '44', '58', '40', '70', '52', '50', '57', '39', '77', '60', '62', '61', '63', '64', '65', '66', '56', '67', '68', '72', '73', '79', '74', '80', '85', '69', '71', '81', '75', '76', '78', '83', '84', '86', '88', '89']"
919,1494,1.7221902017291066,34293,1405,971,747.8610951008645,"[0, 1, 2, 3, 2, 3, 2, 1, 2, 2, 1, 2, 3, 0, 3, 1, 1, 2, 0, 0, 1, 2, 0, 2, 0, 1, 2, 2, 3, 3, 2, 1, 2, 2, 1, 2, 0, 3, 2, 0, 1, 0, 2, 3, 0, 3, 0, 0, 0, 1, 3, 3, 3, 1, 0, 1, 1, 1, 2, 3, 2, 3, 2, 1, 1, 3, 3, 0, 1, 0, 2, 2, 1, 3, 2, 2, 1, 1, 1, 1, 3, 2, 1, 3, 3, 2, 3, 3, 2, 1]","['0', '2', '17', '1', '8', '3', '7', '4', '6', '16', '14', '5', '87', '11', '12', '15', '9', '10', '13', '22', '26', '21', '19', '18', '24', '37', '36', '25', '23', '38', '27', '35', '30', '45', '53', '46', '28', '31', '29', '34', '43', '39', '54', '40', '55', '77', '20', '33', '32', '42', '44', '41', '51', '58', '50', '57', '47', '52', '82', '60', '61', '49', '48', '62', '70', '59', '56', '67', '68', '72', '73', '79', '63', '80', '74', '81', '85', '64', '65', '66', '69', '71', '75', '76', '78', '83', '84', '86', '88', '89']"
920,1259,1.5232909860859045,29876,1343,914,630.2616454930429,"[1, 1, 3, 3, 2, 0, 2, 1, 3, 0, 1, 2, 2, 2, 0, 2, 0, 1, 0, 1, 3, 3, 3, 3, 2, 1, 2, 3, 2, 3, 3, 3, 0, 2, 1, 2, 0, 1, 0, 1, 2, 3, 2, 0, 2, 1, 1, 0, 0, 2, 3, 1, 2, 0, 3, 3, 3, 3, 3, 1, 2, 1, 0, 3, 3, 2, 0, 2, 1, 1, 3, 1, 0, 2, 0, 0, 1, 1, 0, 0, 2, 1, 1, 1, 2, 3, 3, 3, 0, 1]","['0', '1', '2', '8', '4', '3', '6', '17', '7', '13', '5', '16', '15', '12', '14', '19', '11', '87', '9', '21', '18', '36', '24', '37', '20', '22', '32', '30', '34', '49', '27', '29', '41', '47', '25', '70', '33', '48', '23', '10', '42', '28', '38', '35', '82', '45', '43', '53', '46', '54', '55', '26', '31', '44', '39', '51', '77', '60', '58', '59', '62', '52', '40', '50', '56', '67', '68', '72', '74', '73', '57', '80', '79', '85', '61', '81', '63', '64', '65', '66', '69', '71', '75', '76', '78', '83', '84', '86', '88', '89']"
921,1443,1.7142857142857142,33001,1520,1062,722.3571428571429,"[0, 2, 0, 3, 2, 2, 2, 1, 0, 2, 1, 2, 1, 1, 2, 2, 2, 1, 3, 1, 0, 0, 3, 2, 0, 1, 3, 1, 0, 0, 1, 3, 3, 3, 1, 0, 1, 1, 1, 0, 3, 1, 2, 1, 2, 3, 0, 3, 2, 1, 0, 0, 1, 2, 3, 0, 3, 0, 1, 3, 3, 1, 2, 1, 2, 1, 1, 0, 3, 1, 0, 3, 0, 2, 0, 3, 0, 1, 1, 0, 2, 2, 1, 0, 0, 2, 3, 2, 0, 1]","['0', '2', '17', '1', '7', '5', '4', '10', '12', '11', '8', '3', '16', '6', '15', '87', '13', '14', '9', '23', '28', '27', '25', '19', '30', '29', '24', '82', '22', '21', '38', '37', '34', '18', '26', '35', '46', '44', '43', '31', '20', '45', '53', '33', '32', '54', '36', '55', '39', '49', '77', '42', '40', '41', '47', '70', '52', '51', '58', '59', '60', '48', '50', '62', '57', '56', '61', '63', '64', '68', '72', '67', '73', '80', '65', '74', '79', '66', '85', '69', '81', '71', '75', '76', '78', '83', '84', '86', '88', '89']"
922,1462,1.7255827677781057,31188,1440,1084,731.8627913838891,"[0, 0, 3, 0, 3, 1, 2, 0, 3, 3, 1, 3, 1, 2, 2, 1, 0, 1, 1, 0, 3, 1, 2, 1, 0, 0, 2, 1, 1, 2, 1, 2, 2, 3, 0, 3, 2, 1, 0, 1, 1, 1, 1, 0, 3, 3, 3, 2, 1, 1, 2, 0, 2, 2, 3, 2, 1, 2, 3, 3, 1, 2, 0, 3, 3, 0, 2, 1, 3, 0, 0, 1, 3, 3, 3, 0, 1, 0, 0, 0, 1, 0, 0, 0, 3, 2, 0, 1, 3, 2]","['0', '1', '3', '2', '17', '5', '7', '4', '12', '10', '11', '8', '16', '6', '15', '14', '19', '29', '30', '87', '9', '13', '28', '26', '24', '23', '25', '27', '21', '31', '40', '39', '50', '18', '57', '77', '82', '36', '35', '20', '43', '46', '22', '37', '32', '38', '45', '44', '49', '70', '54', '34', '41', '48', '55', '33', '56', '51', '58', '68', '72', '59', '53', '74', '73', '42', '62', '60', '67', '47', '79', '80', '61', '81', '85', '63', '52', '64', '65', '66', '69', '71', '75', '76', '78', '83', '84', '86', '88', '89']"
923,1456,1.738507462686567,33517,1373,913,728.8692537313433,"[0, 3, 1, 3, 2, 2, 3, 3, 2, 0, 0, 3, 3, 0, 0, 1, 0, 2, 0, 2, 3, 0, 3, 2, 3, 1, 2, 2, 0, 3, 3, 3, 2, 2, 2, 3, 2, 2, 2, 3, 0, 2, 1, 3, 1, 3, 1, 3, 3, 1, 2, 3, 1, 1, 0, 1, 2, 2, 3, 1, 0, 3, 0, 0, 2, 0, 2, 3, 2, 0, 0, 1, 0, 0, 1, 3, 1, 3, 2, 0, 0, 3, 2, 2, 3, 0, 1, 1, 1, 0]","['0', '2', '1', '3', '7', '4', '17', '8', '16', '87', '5', '6', '11', '13', '10', '15', '28', '14', '12', '9', '19', '26', '23', '18', '29', '20', '25', '21', '35', '43', '37', '44', '34', '41', '36', '24', '45', '47', '33', '54', '42', '48', '30', '55', '51', '58', '27', '53', '52', '31', '59', '22', '38', '32', '39', '46', '60', '49', '70', '77', '40', '82', '50', '56', '67', '68', '57', '62', '72', '61', '73', '63', '64', '65', '79', '66', '69', '74', '71', '75', '76', '80', '78', '81', '85', '83', '84', '86', '88', '89']"
924,1382,1.6575712143928036,30794,1432,982,691.8287856071964,"[0, 0, 0, 1, 3, 0, 0, 2, 2, 2, 1, 0, 1, 0, 1, 3, 1, 2, 0, 2, 3, 2, 2, 1, 2, 0, 3, 2, 1, 2, 0, 0, 2, 0, 0, 3, 1, 3, 2, 3, 2, 1, 2, 0, 0, 3, 3, 1, 0, 0, 2, 0, 3, 3, 1, 2, 0, 0, 1, 1, 2, 2, 2, 1, 3, 1, 1, 0, 3, 3, 1, 1, 2, 0, 2, 0, 2, 2, 2, 1, 0, 3, 1, 1, 0, 0, 1, 0, 3, 3]","['0', '2', '1', '17', '7', '8', '3', '16', '5', '11', '4', '6', '87', '10', '15', '14', '13', '28', '9', '23', '21', '36', '25', '35', '26', '18', '20', '37', '43', '22', '27', '24', '34', '46', '44', '41', '38', '12', '47', '19', '51', '45', '30', '55', '54', '31', '58', '39', '60', '32', '48', '59', '29', '82', '49', '77', '52', '33', '70', '40', '42', '50', '53', '56', '62', '68', '57', '61', '72', '74', '73', '79', '67', '80', '63', '81', '85', '64', '65', '66', '69', '71', '75', '76', '78', '83', '84', '86', '88', '89']"
925,1460,1.7121078862503665,33621,1508,980,730.8560539431252,"[0, 2, 1, 2, 3, 3, 1, 0, 0, 0, 3, 0, 1, 2, 0, 0, 3, 0, 3, 1, 0, 0, 1, 2, 2, 0, 2, 2, 1, 0, 3, 1, 1, 3, 0, 0, 1, 0, 3, 3, 2, 2, 2, 0, 2, 2, 2, 1, 3, 2, 3, 2, 3, 2, 3, 2, 3, 1, 1, 1, 0, 0, 2, 1, 2, 0, 3, 0, 0, 1, 3, 0, 0, 0, 0, 3, 2, 3, 1, 1, 0, 2, 2, 2, 2, 0, 3, 3, 2, 1]","['0', '2', '17', '1', '7', '4', '8', '6', '5', '14', '11', '3', '13', '15', '10', '16', '87', '12', '9', '27', '23', '22', '18', '21', '20', '35', '37', '26', '44', '28', '46', '32', '36', '38', '49', '43', '45', '34', '70', '19', '30', '55', '33', '42', '29', '82', '24', '41', '31', '48', '51', '53', '47', '40', '54', '25', '39', '52', '60', '58', '50', '62', '59', '77', '57', '56', '68', '67', '61', '63', '64', '72', '74', '65', '73', '66', '80', '79', '85', '81', '69', '71', '75', '76', '78', '83', '84', '86', '88', '89']"
926,1536,1.8081224249558563,32106,1390,1072,768.9040612124779,"[1, 0, 3, 1, 1, 0, 2, 1, 3, 0, 2, 0, 2, 2, 3, 2, 0, 1, 0, 1, 1, 2, 1, 3, 2, 1, 0, 0, 2, 2, 2, 3, 2, 2, 0, 3, 1, 0, 1, 3, 2, 3, 2, 2, 2, 3, 0, 0, 2, 2, 0, 1, 0, 0, 2, 2, 1, 1, 3, 0, 1, 2, 0, 3, 1, 2, 1, 1, 1, 3, 2, 2, 2, 0, 0, 3, 2, 1, 0, 3, 0, 0, 2, 0, 1, 1, 3, 2, 3, 2]","['0', '1', '3', '7', '2', '4', '17', '6', '14', '13', '5', '8', '10', '16', '11', '9', '24', '23', '15', '21', '22', '37', '18', '28', '20', '38', '35', '87', '34', '36', '33', '46', '25', '44', '43', '26', '27', '12', '42', '19', '29', '45', '55', '41', '47', '48', '32', '30', '52', '31', '39', '40', '51', '53', '49', '59', '77', '54', '50', '70', '60', '82', '57', '58', '61', '62', '63', '64', '65', '56', '66', '68', '72', '73', '67', '69', '80', '81', '85', '74', '79', '71', '75', '76', '78', '83', '84', '86', '88', '89']"
927,1353,1.6126340882002383,29732,1434,998,677.3063170441001,"[3, 3, 3, 3, 3, 1, 2, 1, 3, 0, 0, 2, 1, 0, 2, 1, 2, 0, 3, 2, 3, 2, 2, 2, 1, 0, 3, 3, 1, 0, 1, 1, 0, 3, 1, 2, 3, 2, 3, 1, 1, 2, 0, 2, 2, 1, 1, 2, 1, 3, 1, 0, 1, 2, 1, 0, 0, 3, 2, 0, 1, 0, 3, 0, 0, 3, 3, 1, 3, 2, 0, 2, 3, 3, 0, 2, 0, 0, 3, 0, 1, 1, 3, 3, 1, 1, 1, 0, 2, 2]","['0', '2', '17', '1', '5', '4', '8', '3', '6', '14', '9', '12', '24', '15', '26', '11', '25', '13', '19', '23', '18', '27', '22', '29', '30', '7', '31', '10', '28', '82', '38', '40', '50', '21', '57', '37', '39', '77', '34', '36', '35', '46', '16', '45', '44', '20', '87', '32', '43', '53', '55', '49', '70', '33', '54', '42', '41', '51', '59', '47', '60', '52', '61', '48', '56', '67', '58', '68', '63', '62', '72', '74', '73', '79', '64', '65', '80', '85', '81', '66', '69', '71', '75', '76', '78', '83', '84', '86', '88', '89']"
928,1436,1.7156511350059738,31959,1374,1003,718.857825567503,"[0, 2, 1, 0, 3, 3, 0, 3, 3, 1, 1, 1, 2, 3, 3, 3, 3, 0, 1, 3, 2, 2, 1, 3, 3, 1, 3, 3, 1, 2, 2, 0, 1, 0, 0, 3, 1, 2, 2, 1, 3, 0, 2, 0, 3, 0, 0, 2, 1, 2, 2, 1, 2, 0, 3, 2, 1, 0, 3, 1, 0, 3, 3, 1, 2, 0, 1, 2, 3, 0, 3, 1, 3, 2, 1, 2, 3, 3, 0, 1, 1, 0, 3, 3, 3, 1, 3, 0, 2, 3]","['0', '1', '2', '7', '4', '8', '5', '10', '3', '11', '12', '16', '87', '17', '6', '9', '22', '27', '26', '23', '15', '24', '38', '18', '20', '33', '19', '32', '30', '14', '29', '25', '82', '21', '31', '13', '36', '35', '37', '34', '42', '46', '43', '41', '28', '51', '60', '47', '49', '40', '48', '70', '39', '44', '52', '59', '58', '45', '55', '54', '53', '77', '50', '57', '56', '68', '67', '62', '72', '61', '73', '79', '80', '74', '81', '85', '63', '64', '65', '66', '69', '71', '75', '76', '78', '83', '84', '86', '88', '89']"
929,1771,2.1127348643006263,30825,1373,1001,886.5563674321503,"[1, 2, 3, 2, 3, 2, 1, 1, 0, 2, 0, 3, 2, 1, 2, 3, 1, 1, 0, 2, 0, 1, 0, 3, 1, 2, 0, 2, 3, 2, 1, 0, 0, 0, 0, 0, 1, 0, 2, 1, 2, 0, 0, 0, 2, 3, 1, 2, 2, 3, 0, 2, 0, 0, 0, 2, 2, 0, 2, 2, 0, 2, 0, 0, 3, 0, 2, 1, 0, 0, 1, 3, 2, 0, 3, 1, 3, 0, 3, 2, 3, 3, 0, 2, 0, 1, 0, 3, 3, 3]","['0', '2', '1', '7', '3', '5', '11', '10', '8', '12', '17', '4', '6', '9', '24', '15', '22', '21', '13', '26', '16', '27', '87', '28', '19', '23', '37', '35', '34', '46', '14', '44', '38', '29', '36', '45', '82', '18', '54', '53', '30', '55', '31', '20', '40', '50', '32', '33', '41', '57', '42', '49', '43', '47', '25', '52', '48', '70', '56', '67', '39', '51', '77', '59', '60', '58', '68', '62', '61', '72', '63', '64', '74', '73', '65', '79', '66', '69', '71', '80', '81', '75', '85', '76', '78', '83', '84', '86', '88', '89']"
930,1385,1.6439169139465875,32910,1400,973,693.3219584569733,"[2, 3, 2, 3, 3, 1, 0, 1, 0, 1, 2, 2, 3, 2, 2, 3, 2, 0, 2, 1, 2, 2, 0, 0, 3, 3, 0, 0, 0, 3, 0, 3, 1, 1, 1, 2, 1, 0, 2, 1, 0, 1, 2, 1, 3, 1, 3, 0, 2, 0, 2, 3, 0, 0, 1, 0, 1, 3, 1, 0, 1, 1, 2, 0, 1, 3, 3, 3, 1, 0, 2, 2, 3, 0, 1, 1, 1, 0, 1, 3, 2, 2, 0, 1, 3, 3, 1, 0, 0, 0]","['0', '1', '5', '7', '10', '3', '2', '11', '12', '4', '8', '6', '14', '17', '9', '16', '26', '24', '27', '22', '21', '36', '87', '18', '15', '19', '34', '35', '25', '13', '28', '37', '20', '23', '44', '41', '45', '47', '30', '33', '46', '52', '31', '55', '32', '53', '42', '54', '29', '40', '82', '50', '48', '57', '43', '51', '49', '58', '38', '56', '70', '62', '60', '61', '68', '39', '72', '59', '77', '73', '80', '79', '74', '67', '63', '85', '64', '81', '65', '66', '69', '71', '75', '76', '78', '83', '84', '86', '88', '89']"
931,1542,1.8200059014458543,31154,1398,948,771.910002950723,"[1, 1, 1, 3, 2, 2, 1, 0, 1, 2, 1, 0, 2, 3, 3, 2, 1, 0, 1, 0, 2, 2, 2, 1, 3, 0, 3, 2, 1, 3, 1, 1, 2, 0, 1, 2, 3, 2, 0, 1, 0, 0, 0, 0, 1, 1, 1, 3, 3, 0, 1, 1, 1, 2, 2, 3, 3, 0, 3, 1, 0, 3, 1, 1, 2, 2, 3, 3, 2, 0, 1, 0, 0, 1, 2, 1, 1, 3, 1, 0, 1, 1, 2, 1, 1, 1, 2, 2, 2, 2]","['0', '2', '1', '3', '17', '5', '12', '4', '7', '6', '15', '14', '9', '11', '27', '8', '23', '16', '87', '26', '22', '13', '19', '24', '30', '29', '82', '10', '38', '25', '18', '28', '20', '31', '39', '21', '33', '32', '35', '45', '43', '37', '54', '34', '41', '46', '36', '53', '48', '40', '47', '51', '42', '59', '60', '44', '50', '56', '49', '70', '52', '68', '57', '58', '62', '72', '67', '73', '77', '79', '74', '80', '81', '55', '61', '85', '63', '64', '65', '66', '69', '71', '75', '76', '78', '83', '84', '86', '88', '89']"
932,1396,1.6895612708018155,29888,1430,979,698.8447806354009,"[0, 0, 2, 1, 3, 1, 3, 3, 0, 3, 3, 3, 1, 2, 1, 1, 1, 3, 2, 2, 2, 1, 1, 1, 1, 2, 1, 1, 3, 0, 3, 3, 2, 3, 1, 1, 0, 2, 1, 3, 0, 0, 3, 3, 2, 0, 2, 2, 1, 0, 3, 3, 0, 0, 0, 1, 2, 2, 3, 3, 3, 1, 1, 0, 1, 3, 0, 2, 3, 3, 1, 2, 0, 3, 2, 0, 1, 3, 0, 3, 0, 0, 1, 0, 1, 3, 1, 1, 0, 3]","['0', '1', '2', '8', '3', '5', '4', '11', '10', '7', '16', '17', '6', '87', '9', '18', '25', '20', '23', '14', '15', '26', '33', '13', '27', '12', '28', '19', '30', '21', '34', '37', '36', '35', '22', '46', '31', '42', '32', '41', '38', '24', '29', '48', '47', '40', '49', '70', '50', '44', '82', '39', '52', '56', '67', '57', '68', '45', '77', '55', '53', '43', '51', '54', '58', '59', '72', '60', '74', '73', '79', '61', '63', '64', '80', '62', '65', '66', '69', '71', '75', '81', '76', '85', '78', '83', '84', '86', '88', '89']"
933,1387,1.6165501165501166,31612,1440,1040,694.3082750582751,"[2, 0, 0, 0, 2, 0, 0, 3, 3, 2, 2, 2, 2, 3, 3, 2, 0, 0, 3, 3, 2, 2, 1, 1, 0, 3, 2, 3, 0, 3, 1, 2, 0, 1, 2, 1, 0, 2, 2, 2, 0, 2, 1, 0, 3, 2, 0, 2, 1, 2, 3, 2, 1, 3, 1, 3, 0, 0, 2, 3, 0, 3, 1, 3, 2, 0, 0, 0, 2, 0, 3, 2, 3, 1, 1, 2, 1, 2, 0, 1, 3, 3, 3, 0, 0, 1, 0, 3, 3, 3]","['0', '2', '1', '4', '5', '3', '12', '11', '6', '13', '14', '15', '10', '28', '8', '9', '23', '24', '7', '26', '17', '27', '21', '37', '35', '19', '22', '18', '34', '44', '29', '82', '16', '46', '38', '20', '36', '45', '43', '87', '25', '30', '41', '54', '53', '32', '55', '49', '48', '51', '60', '33', '70', '47', '52', '59', '42', '58', '31', '62', '39', '77', '40', '50', '56', '67', '68', '57', '72', '61', '63', '74', '64', '73', '65', '80', '79', '85', '66', '81', '69', '71', '75', '76', '78', '83', '84', '86', '88', '89']"
934,1582,1.8584434654919237,33512,1486,970,791.929221732746,"[0, 1, 3, 3, 2, 1, 0, 2, 3, 3, 0, 3, 3, 2, 3, 3, 0, 0, 2, 3, 0, 0, 1, 3, 1, 3, 2, 2, 2, 2, 0, 1, 2, 3, 1, 1, 0, 2, 2, 0, 2, 3, 2, 0, 0, 1, 1, 1, 1, 0, 1, 3, 2, 0, 1, 0, 0, 0, 3, 1, 3, 2, 3, 2, 0, 0, 0, 1, 3, 3, 1, 0, 1, 0, 1, 0, 0, 3, 0, 0, 0, 0, 1, 1, 3, 1, 0, 2, 2, 1]","['0', '1', '3', '4', '8', '5', '6', '2', '9', '12', '24', '23', '10', '22', '15', '27', '17', '13', '7', '26', '16', '11', '38', '25', '28', '19', '14', '29', '82', '30', '87', '31', '21', '40', '18', '36', '37', '50', '57', '35', '39', '46', '44', '77', '45', '53', '54', '55', '34', '20', '33', '32', '42', '49', '43', '41', '70', '51', '58', '59', '47', '52', '48', '60', '62', '61', '56', '63', '68', '64', '65', '67', '72', '73', '66', '80', '74', '85', '69', '71', '79', '75', '81', '76', '78', '83', '84', '86', '88', '89']"
935,1361,1.612081729345573,32378,1305,838,681.3060408646728,"[0, 0, 2, 2, 3, 2, 3, 1, 0, 2, 3, 3, 2, 3, 2, 0, 1, 2, 1, 1, 3, 1, 3, 1, 2, 3, 3, 0, 0, 3, 1, 0, 1, 1, 1, 1, 1, 0, 3, 3, 0, 0, 2, 0, 2, 3, 3, 2, 1, 0, 2, 0, 0, 0, 2, 3, 3, 2, 0, 3, 1, 0, 0, 0, 1, 1, 1, 3, 2, 1, 0, 3, 0, 0, 2, 0, 1, 3, 3, 3, 3, 3, 3, 1, 3, 2, 0, 1, 1, 3]","['0', '2', '1', '5', '10', '7', '4', '6', '12', '17', '9', '21', '23', '18', '36', '34', '26', '27', '35', '20', '43', '13', '45', '15', '41', '44', '54', '48', '19', '24', '53', '32', '14', '25', '30', '33', '42', '47', '46', '8', '51', '60', '31', '59', '28', '55', '58', '62', '11', '16', '39', '3', '29', '22', '87', '40', '37', '77', '49', '50', '82', '57', '61', '56', '38', '67', '70', '52', '68', '63', '64', '72', '74', '73', '79', '65', '66', '69', '71', '80', '85', '81', '75', '76', '78', '83', '84', '86', '88', '89']"
936,1553,1.8576555023923444,30450,1473,1081,777.4288277511962,"[2, 0, 3, 2, 0, 3, 0, 1, 2, 0, 1, 1, 2, 2, 1, 3, 1, 3, 3, 2, 1, 3, 2, 0, 2, 3, 0, 2, 3, 3, 2, 2, 3, 1, 1, 2, 1, 1, 2, 3, 1, 3, 3, 1, 0, 0, 3, 2, 1, 1, 3, 2, 3, 2, 3, 0, 0, 3, 3, 3, 1, 1, 2, 2, 2, 2, 1, 1, 3, 2, 1, 2, 1, 3, 0, 3, 0, 2, 2, 2, 1, 1, 0, 1, 0, 2, 1, 0, 1, 1]","['0', '2', '17', '1', '7', '5', '3', '10', '11', '4', '8', '6', '9', '27', '12', '22', '16', '15', '18', '23', '87', '21', '38', '14', '20', '32', '33', '37', '13', '28', '34', '49', '19', '24', '29', '82', '25', '30', '36', '35', '41', '42', '48', '46', '47', '44', '52', '43', '51', '26', '45', '60', '70', '59', '55', '31', '58', '53', '40', '50', '62', '56', '68', '54', '72', '74', '57', '61', '39', '63', '67', '77', '64', '65', '66', '73', '79', '69', '71', '80', '81', '75', '85', '76', '78', '83', '84', '86', '88', '89']"
937,1658,1.9933874361286443,33625,1623,1217,829.9966937180643,"[3, 0, 0, 2, 2, 0, 1, 3, 1, 0, 0, 2, 2, 1, 1, 0, 1, 0, 2, 0, 0, 3, 2, 1, 3, 2, 0, 3, 3, 2, 1, 3, 1, 2, 2, 2, 3, 2, 0, 1, 2, 3, 2, 3, 3, 2, 2, 3, 1, 2, 1, 3, 2, 1, 1, 0, 3, 1, 2, 1, 3, 2, 2, 3, 1, 1, 3, 0, 2, 0, 1, 3, 1, 2, 3, 2, 3, 0, 1, 3, 1, 2, 2, 2, 0, 1, 2, 0, 3, 0]","['0', '1', '7', '3', '4', '6', '5', '9', '23', '21', '36', '2', '15', '8', '17', '25', '13', '16', '37', '87', '24', '26', '22', '27', '11', '34', '18', '14', '10', '12', '38', '35', '19', '28', '44', '29', '30', '46', '45', '43', '31', '39', '20', '55', '82', '53', '54', '40', '32', '41', '77', '51', '47', '52', '49', '48', '33', '58', '62', '60', '70', '42', '50', '57', '59', '61', '63', '64', '65', '56', '67', '68', '72', '66', '69', '71', '74', '75', '76', '73', '79', '78', '80', '85', '81', '83', '84', '86', '88', '89']"
938,1385,1.6318114874815906,32171,1339,919,693.3159057437408,"[2, 3, 2, 3, 3, 1, 0, 0, 1, 0, 2, 3, 1, 0, 1, 0, 0, 3, 0, 3, 2, 2, 2, 3, 3, 3, 3, 3, 2, 1, 1, 2, 3, 0, 3, 2, 2, 1, 1, 2, 0, 1, 3, 3, 3, 0, 3, 0, 1, 1, 3, 3, 0, 2, 0, 0, 0, 1, 1, 2, 0, 2, 2, 2, 2, 2, 1, 0, 0, 3, 0, 0, 2, 1, 2, 1, 1, 3, 2, 2, 0, 0, 2, 3, 2, 0, 0, 1, 3, 1]","['0', '1', '2', '7', '5', '4', '11', '12', '10', '6', '17', '13', '15', '8', '16', '19', '30', '14', '87', '9', '23', '25', '26', '3', '29', '24', '82', '28', '21', '35', '44', '34', '22', '38', '46', '27', '45', '31', '18', '40', '39', '53', '55', '36', '20', '33', '43', '54', '37', '42', '32', '50', '77', '41', '51', '58', '59', '57', '47', '62', '49', '52', '60', '70', '48', '56', '68', '67', '61', '72', '73', '80', '85', '79', '74', '81', '63', '64', '65', '66', '69', '71', '75', '76', '78', '83', '84', '86', '88', '89']"
939,1469,1.7394908229721728,31155,1437,961,735.3697454114861,"[2, 2, 0, 0, 1, 0, 3, 2, 2, 0, 2, 1, 2, 2, 2, 1, 1, 1, 0, 1, 2, 0, 1, 3, 3, 1, 0, 2, 3, 1, 2, 0, 1, 2, 0, 2, 0, 3, 3, 3, 2, 1, 3, 0, 1, 2, 2, 1, 1, 0, 1, 2, 0, 2, 0, 1, 2, 2, 3, 0, 2, 1, 3, 0, 1, 3, 2, 3, 3, 3, 1, 0, 0, 1, 0, 1, 2, 1, 2, 0, 0, 2, 0, 3, 0, 2, 3, 2, 3, 1]","['0', '1', '2', '8', '5', '12', '4', '11', '3', '17', '7', '16', '87', '10', '6', '15', '19', '30', '9', '21', '22', '18', '13', '27', '35', '28', '14', '23', '44', '34', '25', '36', '29', '45', '43', '26', '37', '55', '24', '20', '53', '33', '31', '82', '46', '39', '77', '32', '49', '41', '38', '51', '40', '59', '42', '50', '70', '48', '60', '57', '54', '61', '47', '58', '52', '56', '63', '67', '68', '72', '64', '62', '73', '74', '65', '79', '80', '85', '66', '69', '81', '71', '75', '76', '78', '83', '84', '86', '88', '89']"
940,1551,1.8475282906491959,33841,1501,988,776.4237641453246,"[0, 1, 2, 3, 0, 2, 1, 1, 0, 3, 2, 3, 2, 1, 1, 1, 3, 3, 2, 2, 2, 2, 0, 1, 1, 2, 2, 1, 2, 0, 3, 3, 0, 3, 0, 3, 3, 2, 1, 1, 1, 1, 3, 2, 2, 1, 3, 2, 2, 3, 1, 3, 3, 0, 2, 1, 3, 0, 2, 3, 1, 1, 0, 2, 0, 0, 2, 2, 2, 0, 2, 1, 3, 1, 0, 1, 2, 0, 1, 1, 3, 0, 0, 0, 1, 0, 2, 2, 1, 0]","['0', '1', '8', '2', '7', '4', '17', '5', '16', '6', '14', '10', '9', '12', '15', '18', '11', '21', '22', '37', '87', '34', '35', '20', '33', '44', '25', '13', '26', '3', '43', '19', '32', '23', '36', '29', '24', '46', '30', '28', '38', '45', '49', '42', '27', '31', '39', '53', '40', '55', '77', '41', '47', '48', '50', '51', '52', '82', '58', '70', '56', '57', '67', '59', '54', '68', '72', '74', '60', '61', '73', '79', '62', '63', '80', '85', '81', '64', '65', '66', '69', '71', '75', '76', '78', '83', '84', '86', '88', '89']"
941,1446,1.6937042459736458,33095,1340,955,723.8468521229868,"[2, 0, 1, 2, 3, 2, 1, 0, 3, 1, 3, 3, 1, 1, 0, 1, 0, 2, 1, 0, 2, 0, 2, 0, 1, 2, 2, 1, 3, 3, 2, 1, 0, 0, 0, 2, 0, 3, 0, 1, 0, 0, 2, 0, 3, 1, 2, 3, 1, 2, 2, 3, 1, 2, 1, 3, 1, 0, 3, 0, 0, 1, 0, 2, 0, 1, 2, 1, 0, 2, 1, 1, 1, 2, 2, 2, 3, 3, 0, 0, 1, 3, 1, 0, 2, 0, 1, 2, 1, 0]","['0', '2', '1', '4', '5', '7', '3', '11', '10', '12', '8', '6', '9', '18', '14', '27', '24', '20', '17', '22', '16', '21', '36', '37', '32', '15', '35', '46', '87', '13', '19', '28', '33', '45', '34', '29', '53', '42', '49', '43', '41', '44', '23', '25', '51', '55', '60', '58', '62', '47', '30', '59', '82', '38', '52', '54', '26', '48', '31', '39', '40', '50', '57', '56', '67', '61', '77', '70', '63', '68', '64', '72', '74', '65', '66', '69', '71', '73', '79', '80', '85', '81', '75', '76', '78', '83', '84', '86', '88', '89']"
942,1366,1.631044776119403,32090,1260,884,683.8155223880597,"[3, 0, 0, 1, 2, 2, 0, 1, 3, 1, 0, 1, 1, 3, 1, 3, 2, 3, 1, 3, 2, 3, 0, 1, 3, 3, 0, 0, 1, 1, 0, 0, 0, 3, 1, 0, 1, 0, 1, 1, 3, 1, 1, 1, 0, 2, 2, 1, 3, 1, 1, 2, 3, 2, 0, 1, 3, 3, 2, 3, 1, 0, 2, 3, 3, 3, 1, 0, 0, 0, 3, 3, 1, 0, 3, 3, 0, 2, 3, 0, 0, 3, 2, 1, 1, 1, 0, 0, 0, 3]","['0', '2', '17', '1', '3', '7', '8', '5', '4', '6', '12', '10', '16', '11', '9', '13', '25', '14', '87', '15', '28', '24', '22', '18', '26', '20', '23', '38', '27', '21', '19', '37', '32', '33', '35', '30', '29', '43', '49', '31', '34', '39', '70', '77', '40', '44', '45', '50', '55', '36', '41', '57', '54', '48', '53', '46', '47', '51', '60', '42', '58', '56', '59', '82', '68', '61', '67', '72', '62', '74', '63', '64', '73', '79', '52', '80', '85', '65', '81', '66', '69', '71', '75', '76', '78', '83', '84', '86', '88', '89']"
943,1312,1.5792958170328018,29819,1345,884,656.7896479085164,"[1, 1, 3, 0, 3, 3, 0, 2, 1, 2, 3, 3, 3, 2, 1, 2, 1, 0, 0, 0, 0, 0, 2, 2, 3, 1, 3, 1, 1, 3, 1, 0, 0, 3, 3, 1, 2, 3, 2, 1, 1, 0, 2, 2, 2, 1, 2, 3, 0, 0, 0, 1, 3, 3, 0, 3, 3, 2, 2, 1, 1, 0, 0, 2, 0, 3, 2, 0, 2, 0, 1, 1, 2, 2, 3, 1, 2, 2, 2, 0, 3, 3, 3, 2, 2, 2, 3, 3, 1, 1]","['0', '1', '8', '2', '3', '5', '4', '17', '12', '7', '6', '10', '15', '9', '22', '27', '24', '11', '16', '23', '19', '87', '13', '21', '30', '14', '35', '18', '34', '26', '43', '20', '38', '31', '46', '36', '44', '45', '28', '53', '33', '32', '41', '51', '60', '47', '37', '58', '29', '48', '40', '62', '25', '54', '82', '50', '42', '52', '57', '55', '59', '61', '56', '39', '63', '68', '67', '64', '65', '66', '49', '69', '77', '71', '70', '75', '72', '73', '80', '85', '79', '81', '74', '76', '78', '83', '84', '86', '88', '89']"
944,1317,1.545774647887324,31877,1392,956,659.2728873239437,"[1, 1, 1, 3, 3, 0, 0, 1, 2, 0, 1, 0, 3, 3, 1, 2, 0, 2, 2, 0, 2, 2, 1, 3, 1, 3, 0, 2, 1, 1, 3, 0, 0, 2, 2, 2, 3, 1, 1, 0, 3, 1, 0, 2, 3, 2, 0, 2, 1, 1, 2, 0, 2, 0, 3, 2, 0, 2, 3, 0, 3, 1, 1, 1, 2, 3, 1, 3, 2, 1, 1, 3, 3, 3, 0, 0, 1, 2, 2, 2, 0, 0, 0, 0, 1, 1, 2, 3, 3, 1]","['0', '1', '7', '4', '3', '5', '8', '11', '6', '13', '9', '21', '12', '22', '34', '15', '14', '23', '26', '2', '24', '16', '37', '87', '25', '17', '35', '36', '46', '45', '18', '27', '10', '53', '20', '28', '54', '33', '42', '41', '38', '44', '19', '43', '51', '60', '47', '32', '55', '30', '48', '59', '52', '31', '39', '77', '49', '58', '29', '62', '40', '50', '56', '70', '82', '67', '68', '72', '73', '79', '74', '57', '80', '81', '85', '61', '63', '64', '65', '66', '69', '71', '75', '76', '78', '83', '84', '86', '88', '89']"
945,1491,1.8056312443233424,32958,1443,1054,746.4028156221617,"[2, 1, 3, 1, 3, 2, 2, 2, 2, 2, 1, 3, 3, 3, 3, 2, 0, 1, 0, 3, 0, 1, 2, 2, 0, 3, 0, 2, 2, 2, 0, 0, 2, 2, 1, 0, 3, 0, 1, 0, 0, 0, 1, 0, 0, 1, 0, 1, 2, 1, 3, 0, 2, 2, 1, 2, 0, 3, 1, 0, 0, 3, 0, 0, 0, 2, 2, 0, 1, 2, 2, 0, 2, 1, 2, 3, 2, 3, 3, 3, 2, 2, 0, 2, 1, 1, 0, 1, 0, 2]","['0', '2', '17', '1', '7', '3', '5', '4', '12', '11', '6', '8', '10', '15', '9', '13', '26', '21', '28', '27', '36', '23', '18', '16', '25', '24', '87', '34', '37', '35', '45', '22', '46', '38', '20', '33', '41', '14', '44', '32', '42', '55', '19', '48', '43', '30', '51', '59', '31', '53', '60', '49', '70', '58', '62', '40', '29', '50', '56', '57', '61', '67', '68', '82', '54', '39', '77', '72', '73', '47', '79', '80', '85', '52', '63', '74', '81', '64', '65', '66', '69', '71', '75', '76', '78', '83', '84', '86', '88', '89']"
946,1387,1.6351311523725316,29800,1378,933,694.3175655761862,"[1, 2, 2, 1, 2, 3, 1, 1, 2, 3, 3, 3, 2, 0, 1, 1, 2, 1, 1, 1, 0, 2, 2, 3, 2, 0, 2, 0, 1, 2, 1, 3, 0, 0, 3, 0, 2, 2, 0, 2, 3, 0, 0, 0, 0, 1, 0, 0, 1, 0, 1, 0, 0, 2, 2, 1, 3, 2, 2, 2, 3, 3, 0, 2, 0, 1, 0, 3, 3, 2, 1, 1, 2, 0, 2, 1, 0, 1, 0, 3, 1, 0, 1, 2, 1, 3, 1, 1, 2, 2]","['0', '2', '17', '1', '8', '7', '16', '4', '3', '6', '15', '13', '5', '12', '14', '11', '10', '87', '28', '19', '29', '9', '26', '23', '18', '30', '27', '31', '24', '20', '21', '25', '37', '33', '36', '32', '34', '40', '39', '42', '49', '35', '41', '22', '50', '43', '48', '51', '57', '47', '46', '45', '53', '77', '58', '38', '62', '82', '70', '55', '56', '67', '54', '44', '59', '52', '68', '72', '60', '74', '61', '73', '80', '85', '79', '63', '81', '64', '65', '66', '69', '71', '75', '76', '78', '83', '84', '86', '88', '89']"
947,1439,1.6679223413503332,33339,1362,992,720.3339611706751,"[3, 1, 2, 3, 3, 1, 3, 2, 2, 3, 0, 3, 2, 1, 3, 2, 2, 3, 0, 0, 3, 2, 0, 3, 1, 1, 2, 2, 3, 0, 0, 0, 1, 3, 2, 0, 2, 1, 2, 0, 2, 3, 2, 3, 2, 0, 3, 3, 3, 2, 2, 3, 0, 0, 2, 2, 0, 3, 2, 3, 1, 0, 1, 0, 0, 2, 0, 3, 0, 1, 3, 3, 0, 0, 0, 3, 3, 2, 3, 0, 1, 1, 3, 2, 2, 0, 3, 0, 1, 2]","['0', '1', '2', '5', '3', '10', '11', '7', '17', '4', '6', '9', '21', '35', '36', '37', '8', '14', '24', '43', '46', '18', '34', '27', '12', '20', '33', '15', '41', '45', '22', '54', '32', '25', '47', '42', '53', '19', '16', '49', '87', '30', '23', '13', '70', '29', '28', '26', '38', '31', '82', '44', '52', '39', '48', '51', '40', '59', '58', '77', '62', '55', '60', '50', '57', '61', '63', '56', '64', '67', '68', '65', '66', '69', '71', '75', '72', '73', '79', '80', '74', '76', '78', '81', '83', '85', '84', '86', '88', '89']"
948,1438,1.7568723274282223,30246,1365,887,719.8784361637141,"[1, 1, 0, 1, 3, 2, 3, 0, 3, 3, 0, 2, 2, 0, 0, 1, 1, 1, 3, 1, 3, 1, 2, 3, 1, 1, 0, 0, 3, 2, 0, 0, 1, 0, 1, 2, 3, 1, 3, 3, 2, 2, 1, 2, 3, 1, 2, 0, 3, 3, 2, 3, 1, 2, 3, 1, 0, 1, 2, 1, 1, 2, 0, 3, 0, 0, 3, 2, 1, 1, 2, 1, 2, 2, 0, 0, 2, 2, 0, 2, 1, 2, 0, 2, 2, 2, 3, 2, 0, 1]","['0', '2', '1', '7', '17', '3', '4', '5', '8', '6', '15', '14', '10', '16', '13', '9', '22', '18', '87', '27', '20', '21', '28', '24', '35', '45', '12', '26', '25', '54', '11', '46', '23', '44', '43', '33', '53', '37', '38', '34', '41', '48', '51', '32', '47', '36', '42', '19', '52', '59', '29', '60', '58', '30', '62', '55', '49', '31', '39', '77', '70', '82', '40', '50', '57', '61', '63', '64', '65', '56', '67', '68', '72', '66', '73', '79', '69', '71', '75', '80', '74', '76', '81', '78', '85', '83', '84', '86', '88', '89']"
949,1318,1.5492212753452836,31594,1406,965,659.7746106376726,"[1, 1, 2, 0, 2, 0, 2, 3, 2, 2, 0, 2, 2, 3, 0, 2, 2, 0, 3, 3, 0, 1, 3, 3, 3, 3, 3, 1, 0, 0, 3, 2, 3, 1, 2, 1, 3, 1, 1, 2, 1, 3, 1, 1, 0, 3, 1, 3, 1, 0, 1, 1, 2, 1, 1, 3, 0, 1, 3, 2, 2, 0, 3, 3, 1, 0, 0, 2, 0, 1, 2, 1, 0, 0, 3, 2, 2, 3, 2, 3, 3, 1, 2, 1, 2, 0, 0, 2, 3, 3]","['0', '2', '17', '1', '7', '5', '8', '16', '4', '6', '87', '10', '12', '15', '9', '25', '26', '21', '23', '24', '27', '18', '19', '30', '36', '22', '20', '11', '32', '35', '37', '44', '33', '14', '3', '29', '43', '45', '31', '49', '82', '54', '39', '46', '40', '50', '77', '34', '42', '55', '13', '38', '41', '57', '53', '47', '48', '56', '68', '70', '52', '28', '72', '51', '67', '59', '60', '74', '58', '61', '62', '73', '63', '80', '85', '81', '79', '64', '65', '66', '69', '71', '75', '76', '78', '83', '84', '86', '88', '89']"
950,1491,1.7382687263188574,31426,1168,881,746.3691343631594,"[1, 2, 0, 0, 3, 1, 0, 3, 0, 2, 2, 3, 1, 2, 2, 3, 3, 3, 3, 0, 1, 1, 3, 1, 0, 3, 0, 2, 1, 0, 1, 2, 0, 1, 2, 3, 2, 0, 0, 3, 2, 2, 0, 3, 2, 1, 1, 0, 0, 2, 1, 0, 2, 0, 3, 1, 0, 2, 3, 0, 1, 3, 3, 3, 3, 0, 1, 1, 3, 1, 0, 1, 0, 0, 3, 3, 0, 0, 3, 3, 0, 0, 0, 3, 0, 1, 1, 1, 3, 2]","['0', '2', '1', '4', '3', '8', '6', '17', '14', '13', '5', '12', '9', '24', '27', '26', '18', '22', '21', '23', '10', '28', '11', '20', '7', '32', '36', '33', '25', '42', '34', '37', '38', '16', '49', '87', '41', '35', '48', '46', '47', '70', '15', '19', '29', '44', '45', '55', '54', '82', '30', '43', '31', '51', '60', '40', '59', '50', '57', '58', '39', '53', '56', '68', '72', '61', '62', '67', '52', '77', '63', '73', '79', '64', '74', '65', '80', '66', '85', '69', '71', '81', '75', '76', '78', '83', '84', '86', '88', '89']"
951,1572,1.873100983020554,32069,1386,916,786.9365504915103,"[2, 3, 3, 1, 3, 0, 0, 3, 0, 2, 3, 3, 2, 1, 2, 2, 0, 1, 1, 2, 2, 0, 3, 0, 0, 2, 2, 3, 2, 3, 2, 2, 2, 0, 2, 3, 0, 2, 3, 3, 3, 0, 3, 3, 0, 3, 3, 3, 1, 2, 0, 3, 1, 2, 2, 2, 0, 0, 0, 0, 3, 2, 3, 0, 3, 2, 0, 0, 3, 2, 0, 0, 0, 0, 1, 2, 1, 3, 2, 3, 3, 1, 2, 3, 0, 1, 3, 0, 3, 1]","['0', '2', '17', '1', '4', '7', '5', '6', '3', '8', '13', '15', '10', '16', '28', '87', '14', '11', '9', '24', '25', '27', '23', '12', '22', '26', '38', '18', '21', '35', '43', '44', '20', '32', '37', '36', '19', '34', '45', '49', '30', '55', '53', '54', '31', '39', '77', '29', '82', '33', '41', '70', '48', '40', '42', '47', '50', '52', '46', '56', '57', '51', '68', '58', '59', '62', '72', '73', '74', '67', '80', '81', '79', '60', '61', '63', '85', '64', '65', '66', '69', '71', '75', '76', '78', '83', '84', '86', '88', '89']"
952,1504,1.7746312684365781,31827,1560,1049,752.8873156342183,"[0, 3, 1, 3, 3, 2, 2, 3, 2, 1, 1, 3, 2, 1, 0, 0, 0, 0, 0, 0, 1, 3, 1, 1, 2, 3, 3, 1, 0, 1, 2, 0, 0, 0, 2, 3, 3, 2, 1, 0, 1, 3, 2, 3, 1, 0, 1, 2, 3, 1, 3, 3, 1, 1, 0, 0, 1, 1, 2, 0, 0, 3, 1, 1, 2, 3, 0, 0, 0, 1, 0, 0, 3, 0, 1, 2, 1, 0, 0, 1, 3, 2, 0, 0, 1, 0, 3, 1, 3, 1]","['0', '1', '4', '8', '6', '13', '2', '14', '7', '5', '11', '9', '25', '3', '21', '16', '10', '36', '34', '23', '28', '26', '22', '37', '38', '12', '17', '87', '27', '35', '24', '45', '55', '44', '18', '43', '15', '53', '20', '32', '33', '41', '54', '42', '46', '48', '19', '51', '49', '29', '59', '70', '58', '62', '30', '47', '60', '31', '82', '39', '77', '40', '50', '57', '61', '56', '68', '63', '52', '72', '67', '73', '74', '80', '81', '85', '79', '64', '65', '66', '69', '71', '75', '76', '78', '83', '84', '86', '88', '89']"
953,1620,1.92,31765,1321,925,810.96,"[2, 2, 2, 0, 2, 3, 0, 0, 2, 2, 2, 3, 0, 0, 2, 2, 2, 2, 2, 2, 3, 0, 1, 0, 1, 2, 0, 1, 0, 0, 1, 3, 0, 0, 0, 0, 0, 2, 0, 0, 2, 0, 2, 1, 0, 1, 3, 0, 1, 3, 1, 0, 1, 2, 0, 1, 1, 0, 3, 3, 0, 2, 0, 2, 3, 3, 1, 2, 2, 2, 2, 2, 0, 2, 3, 0, 2, 0, 2, 2, 3, 1, 3, 2, 2, 0, 0, 2, 0, 2]","['0', '1', '2', '8', '5', '4', '3', '11', '10', '6', '15', '9', '7', '23', '16', '21', '12', '22', '18', '14', '34', '26', '36', '20', '38', '35', '37', '27', '13', '28', '25', '44', '46', '17', '45', '41', '19', '55', '33', '42', '24', '32', '49', '43', '53', '29', '70', '87', '54', '48', '47', '51', '59', '30', '52', '60', '31', '40', '50', '39', '77', '57', '61', '82', '63', '64', '56', '58', '62', '67', '68', '72', '65', '66', '73', '79', '69', '71', '74', '75', '80', '76', '81', '85', '78', '83', '84', '86', '88', '89']"
954,1395,1.6577540106951871,32451,1269,871,698.3288770053476,"[3, 2, 3, 1, 2, 0, 0, 3, 1, 2, 0, 2, 0, 0, 3, 1, 3, 1, 0, 1, 0, 2, 3, 3, 1, 2, 1, 3, 3, 0, 3, 0, 1, 3, 2, 1, 1, 0, 1, 0, 0, 3, 1, 0, 3, 3, 0, 1, 2, 2, 2, 2, 1, 0, 2, 2, 1, 3, 2, 0, 1, 2, 1, 0, 1, 1, 2, 2, 2, 1, 3, 1, 1, 2, 1, 1, 1, 0, 3, 2, 2, 3, 3, 0, 0, 2, 1, 1, 0, 0]","['0', '2', '17', '1', '4', '3', '8', '7', '5', '12', '10', '16', '87', '6', '11', '14', '9', '22', '26', '24', '25', '23', '15', '13', '19', '28', '18', '38', '21', '27', '34', '35', '44', '20', '30', '29', '82', '36', '43', '46', '32', '37', '33', '31', '41', '47', '48', '40', '39', '50', '56', '67', '52', '45', '49', '51', '60', '42', '57', '70', '55', '68', '72', '74', '54', '73', '59', '61', '77', '79', '53', '58', '63', '62', '80', '81', '85', '64', '65', '66', '69', '71', '75', '76', '78', '83', '84', '86', '88', '89']"
955,1737,2.0629453681710213,32569,1411,992,869.5314726840855,"[3, 1, 0, 3, 3, 1, 1, 2, 1, 2, 1, 1, 3, 1, 3, 3, 0, 1, 2, 0, 1, 1, 2, 2, 1, 3, 3, 3, 1, 2, 1, 3, 0, 3, 2, 1, 2, 0, 0, 0, 1, 0, 2, 0, 3, 3, 2, 0, 0, 3, 2, 3, 1, 1, 2, 1, 1, 3, 2, 0, 2, 1, 1, 0, 2, 0, 1, 2, 3, 3, 0, 1, 1, 1, 3, 3, 2, 1, 2, 1, 0, 2, 0, 1, 3, 2, 1, 0, 0, 2]","['0', '1', '5', '7', '4', '12', '6', '9', '27', '2', '18', '15', '3', '26', '8', '11', '16', '24', '14', '87', '22', '10', '23', '21', '35', '44', '20', '34', '13', '33', '36', '41', '17', '47', '42', '19', '43', '37', '29', '28', '38', '48', '46', '25', '32', '45', '55', '30', '52', '31', '51', '53', '54', '39', '60', '40', '58', '77', '62', '82', '50', '57', '56', '67', '59', '61', '68', '63', '64', '65', '49', '72', '74', '70', '66', '73', '79', '69', '80', '85', '81', '71', '75', '76', '78', '83', '84', '86', '88', '89']"
956,1355,1.6145367887995234,31611,1219,838,678.3072683943998,"[1, 0, 0, 0, 1, 0, 3, 0, 1, 2, 1, 1, 1, 2, 2, 1, 3, 0, 0, 0, 1, 3, 0, 0, 3, 0, 1, 2, 3, 2, 2, 1, 3, 3, 3, 2, 0, 3, 3, 1, 1, 1, 1, 2, 2, 0, 2, 2, 0, 3, 0, 0, 3, 0, 1, 0, 3, 3, 1, 1, 0, 0, 3, 0, 0, 3, 1, 2, 1, 1, 2, 0, 0, 0, 1, 3, 0, 0, 2, 3, 0, 2, 2, 1, 1, 0, 3, 3, 1, 2]","['0', '1', '3', '7', '8', '5', '12', '10', '2', '4', '11', '16', '17', '87', '6', '13', '28', '9', '25', '24', '26', '27', '22', '18', '15', '19', '21', '37', '23', '34', '20', '32', '41', '48', '49', '33', '35', '47', '43', '70', '51', '14', '58', '59', '46', '44', '60', '36', '30', '38', '31', '40', '42', '52', '50', '57', '39', '45', '77', '29', '55', '54', '82', '61', '56', '53', '62', '68', '67', '63', '72', '64', '65', '74', '66', '73', '79', '69', '80', '85', '81', '71', '75', '76', '78', '83', '84', '86', '88', '89']"
957,1402,1.67803710353082,33008,1445,1018,701.8390185517654,"[3, 3, 1, 0, 2, 1, 2, 3, 3, 0, 3, 0, 2, 0, 1, 1, 2, 2, 0, 0, 1, 3, 2, 2, 2, 0, 0, 2, 0, 1, 1, 2, 3, 1, 1, 0, 1, 3, 2, 3, 3, 3, 0, 1, 2, 1, 0, 0, 1, 2, 3, 1, 1, 1, 1, 0, 1, 3, 0, 1, 3, 1, 2, 1, 0, 1, 2, 2, 3, 2, 1, 0, 0, 0, 3, 2, 3, 2, 1, 1, 0, 2, 0, 0, 2, 2, 0, 0, 1, 1]","['0', '2', '17', '1', '4', '7', '5', '12', '6', '9', '11', '8', '15', '26', '22', '23', '13', '18', '19', '14', '27', '10', '21', '20', '35', '33', '36', '16', '29', '45', '87', '38', '28', '34', '55', '24', '44', '43', '46', '32', '82', '41', '54', '53', '3', '25', '51', '42', '60', '30', '58', '59', '47', '52', '48', '31', '39', '62', '37', '49', '40', '70', '77', '50', '57', '56', '61', '67', '63', '64', '68', '72', '65', '73', '79', '74', '80', '81', '85', '66', '69', '71', '75', '76', '78', '83', '84', '86', '88', '89']"
958,1358,1.6292741451709658,32441,1440,1049,679.8146370725855,"[2, 0, 2, 0, 3, 0, 3, 3, 1, 1, 1, 2, 2, 1, 2, 2, 2, 3, 2, 1, 3, 0, 0, 2, 3, 1, 3, 3, 2, 0, 3, 2, 1, 3, 0, 1, 3, 1, 1, 3, 2, 3, 3, 0, 0, 2, 2, 3, 0, 1, 1, 2, 2, 2, 3, 2, 1, 3, 2, 0, 0, 2, 0, 2, 2, 3, 0, 2, 0, 0, 3, 2, 0, 0, 2, 3, 0, 2, 3, 2, 1, 3, 0, 0, 3, 1, 1, 0, 3, 0]","['0', '2', '17', '1', '4', '6', '13', '3', '5', '15', '9', '25', '8', '7', '11', '24', '18', '21', '23', '34', '35', '27', '44', '26', '12', '36', '43', '20', '10', '32', '45', '41', '22', '53', '55', '54', '19', '38', '51', '58', '28', '33', '60', '62', '46', '16', '30', '31', '14', '39', '77', '48', '29', '82', '40', '47', '37', '42', '50', '49', '57', '52', '61', '59', '56', '63', '67', '70', '87', '68', '72', '73', '79', '80', '85', '81', '64', '65', '66', '69', '71', '74', '75', '76', '78', '83', '84', '86', '88', '89']"
959,1529,1.8051948051948052,30561,1329,930,765.4025974025974,"[2, 0, 1, 2, 1, 2, 1, 1, 0, 2, 2, 3, 2, 3, 3, 2, 1, 2, 2, 0, 2, 2, 0, 0, 3, 1, 3, 0, 3, 0, 2, 3, 1, 2, 1, 2, 3, 0, 1, 0, 3, 1, 0, 1, 1, 1, 1, 1, 1, 0, 3, 3, 1, 0, 0, 2, 3, 2, 2, 0, 0, 3, 1, 1, 2, 2, 1, 3, 3, 2, 2, 3, 3, 0, 3, 1, 1, 3, 2, 0, 2, 2, 0, 1, 2, 2, 1, 0, 1, 0]","['0', '2', '17', '1', '5', '7', '12', '11', '3', '8', '10', '16', '4', '87', '6', '13', '28', '15', '9', '24', '27', '18', '14', '19', '30', '20', '21', '34', '41', '26', '22', '31', '23', '32', '48', '35', '43', '44', '47', '40', '25', '36', '50', '38', '51', '58', '46', '56', '37', '59', '39', '67', '68', '45', '54', '49', '77', '57', '72', '52', '29', '33', '60', '42', '53', '74', '82', '73', '80', '62', '55', '70', '79', '85', '81', '61', '63', '64', '65', '66', '69', '71', '75', '76', '78', '83', '84', '86', '88', '89']"
960,1370,1.6093979441997064,32343,1344,911,685.8046989720998,"[0, 2, 1, 2, 1, 0, 2, 1, 0, 3, 0, 2, 0, 2, 3, 0, 1, 0, 2, 3, 0, 1, 0, 1, 3, 1, 3, 2, 0, 0, 1, 0, 3, 3, 3, 2, 2, 3, 0, 3, 1, 2, 2, 1, 3, 3, 1, 3, 0, 1, 1, 3, 3, 3, 0, 1, 1, 1, 0, 2, 1, 3, 2, 3, 0, 0, 1, 2, 2, 1, 2, 1, 2, 3, 1, 0, 3, 0, 0, 2, 2, 1, 0, 1, 1, 3, 1, 3, 2, 0]","['0', '1', '2', '7', '4', '3', '8', '6', '15', '13', '14', '5', '11', '16', '12', '9', '18', '20', '32', '26', '24', '23', '21', '17', '33', '10', '28', '36', '19', '37', '22', '49', '38', '30', '27', '35', '34', '44', '43', '87', '42', '70', '45', '25', '41', '31', '48', '55', '54', '29', '46', '39', '51', '40', '77', '50', '82', '58', '60', '59', '57', '56', '53', '61', '62', '63', '47', '52', '64', '68', '65', '67', '72', '66', '69', '74', '71', '75', '76', '73', '80', '85', '78', '81', '79', '83', '84', '86', '88', '89']"
961,1524,1.7939964685108887,33408,1499,1034,762.8969982342554,"[0, 1, 0, 0, 3, 1, 0, 2, 3, 3, 1, 1, 3, 0, 3, 2, 0, 1, 0, 0, 2, 1, 2, 1, 0, 2, 0, 3, 3, 3, 1, 2, 1, 1, 1, 3, 2, 1, 0, 1, 0, 2, 3, 2, 0, 1, 3, 2, 3, 3, 2, 3, 1, 1, 3, 3, 2, 2, 1, 2, 0, 3, 2, 0, 3, 2, 2, 0, 0, 1, 3, 2, 2, 2, 2, 3, 3, 2, 3, 0, 1, 0, 3, 0, 0, 3, 2, 2, 3, 2]","['0', '1', '8', '5', '4', '2', '10', '3', '17', '7', '16', '12', '11', '87', '6', '9', '18', '14', '25', '15', '26', '13', '24', '22', '28', '19', '20', '32', '21', '27', '34', '37', '33', '41', '35', '47', '29', '82', '48', '46', '36', '42', '49', '45', '43', '30', '53', '23', '38', '54', '70', '51', '59', '31', '44', '55', '40', '60', '52', '58', '50', '62', '57', '56', '67', '61', '63', '39', '77', '64', '68', '72', '73', '79', '74', '65', '80', '85', '66', '69', '81', '71', '75', '76', '78', '83', '84', '86', '88', '89']"
962,1321,1.6060790273556231,32172,1543,1178,661.3030395136778,"[0, 1, 2, 3, 3, 3, 2, 3, 1, 1, 2, 0, 0, 0, 2, 2, 0, 0, 3, 1, 3, 2, 3, 3, 2, 2, 1, 3, 2, 1, 0, 1, 0, 0, 0, 3, 2, 1, 1, 0, 0, 1, 0, 3, 2, 1, 3, 3, 3, 2, 3, 0, 1, 3, 3, 2, 0, 1, 0, 1, 2, 2, 3, 1, 0, 0, 1, 2, 1, 1, 3, 3, 2, 0, 3, 2, 2, 1, 0, 3, 1, 1, 2, 3, 0, 0, 0, 1, 0, 3]","['0', '2', '17', '1', '4', '8', '7', '6', '3', '5', '10', '13', '28', '11', '12', '9', '27', '15', '19', '24', '18', '22', '16', '25', '20', '23', '38', '33', '14', '29', '30', '32', '87', '26', '21', '31', '39', '37', '77', '34', '82', '35', '43', '41', '47', '51', '60', '58', '49', '46', '59', '48', '36', '44', '52', '45', '53', '42', '70', '40', '54', '55', '62', '50', '56', '57', '68', '72', '74', '61', '73', '63', '80', '64', '65', '67', '85', '81', '66', '79', '69', '71', '75', '76', '78', '83', '84', '86', '88', '89']"
963,1547,1.8416666666666666,31686,1468,1000,774.4208333333333,"[0, 0, 1, 3, 0, 0, 0, 3, 2, 1, 0, 3, 0, 1, 2, 0, 1, 0, 2, 1, 0, 0, 0, 0, 1, 0, 2, 0, 3, 1, 3, 1, 0, 0, 2, 2, 3, 0, 2, 1, 3, 2, 0, 1, 0, 0, 3, 0, 1, 2, 2, 1, 0, 0, 0, 3, 1, 2, 1, 2, 0, 2, 2, 2, 1, 1, 1, 1, 0, 0, 0, 2, 0, 0, 0, 3, 2, 2, 1, 2, 3, 2, 2, 3, 2, 3, 1, 2, 3, 1]","['0', '2', '17', '1', '4', '3', '8', '7', '16', '87', '6', '13', '15', '14', '5', '10', '12', '28', '19', '9', '26', '21', '34', '30', '24', '27', '11', '29', '35', '43', '23', '36', '37', '46', '18', '45', '55', '54', '22', '31', '44', '53', '25', '20', '38', '40', '32', '49', '50', '82', '70', '39', '33', '77', '57', '42', '41', '48', '56', '68', '47', '51', '72', '52', '74', '73', '80', '59', '85', '58', '62', '81', '67', '79', '60', '61', '63', '64', '65', '66', '69', '71', '75', '76', '78', '83', '84', '86', '88', '89']"
964,1417,1.7082579867389993,30235,1540,1056,709.3541289933695,"[1, 1, 3, 0, 3, 3, 3, 3, 2, 0, 3, 3, 1, 0, 3, 1, 2, 0, 2, 2, 1, 2, 0, 0, 2, 2, 0, 3, 1, 0, 1, 2, 3, 1, 0, 3, 0, 0, 0, 0, 0, 3, 3, 1, 1, 0, 0, 0, 0, 3, 2, 1, 1, 3, 1, 1, 3, 2, 1, 2, 0, 2, 1, 1, 2, 2, 0, 3, 3, 1, 3, 1, 0, 0, 0, 1, 3, 3, 2, 0, 0, 0, 3, 2, 3, 3, 3, 2, 3, 2]","['0', '1', '8', '5', '4', '3', '7', '6', '10', '15', '13', '2', '28', '17', '14', '9', '23', '27', '11', '18', '21', '35', '25', '36', '34', '22', '16', '24', '43', '46', '44', '20', '32', '12', '26', '19', '29', '33', '82', '87', '38', '42', '41', '51', '59', '60', '58', '47', '30', '31', '37', '49', '45', '70', '48', '40', '53', '50', '54', '62', '52', '57', '56', '67', '68', '72', '55', '61', '63', '64', '74', '39', '65', '73', '79', '66', '77', '80', '69', '85', '71', '81', '75', '76', '78', '83', '84', '86', '88', '89']"
965,1373,1.625814091178212,33287,1297,925,687.3129070455891,"[0, 0, 2, 0, 2, 0, 3, 2, 2, 2, 2, 0, 1, 2, 0, 2, 3, 1, 1, 1, 2, 3, 3, 1, 3, 1, 3, 3, 0, 2, 0, 2, 1, 1, 2, 2, 2, 0, 1, 2, 3, 2, 2, 3, 0, 2, 3, 1, 2, 2, 1, 1, 1, 1, 0, 2, 0, 3, 1, 2, 1, 0, 1, 0, 2, 2, 0, 2, 3, 0, 2, 2, 3, 1, 3, 0, 3, 1, 2, 0, 3, 1, 1, 1, 2, 2, 1, 3, 3, 3]","['0', '2', '1', '4', '5', '11', '7', '12', '8', '3', '6', '16', '13', '87', '15', '17', '9', '26', '10', '18', '23', '25', '20', '21', '37', '34', '41', '35', '19', '24', '28', '46', '32', '44', '36', '14', '30', '45', '48', '22', '33', '55', '42', '54', '38', '29', '49', '43', '70', '82', '27', '47', '51', '53', '59', '52', '60', '31', '39', '40', '58', '77', '50', '57', '56', '61', '67', '68', '63', '64', '62', '65', '72', '74', '73', '80', '85', '81', '79', '66', '69', '71', '75', '76', '78', '83', '84', '86', '88', '89']"
966,1515,1.7621401570223902,32931,1241,911,758.3810700785112,"[3, 2, 2, 3, 3, 2, 0, 0, 1, 2, 2, 1, 3, 2, 1, 0, 0, 2, 1, 0, 1, 3, 2, 3, 2, 1, 1, 3, 3, 3, 0, 3, 3, 0, 2, 3, 1, 0, 2, 2, 1, 1, 0, 2, 2, 3, 3, 0, 0, 0, 1, 1, 2, 0, 0, 1, 2, 3, 2, 0, 1, 2, 2, 1, 0, 2, 1, 3, 2, 0, 1, 3, 2, 2, 0, 1, 0, 1, 2, 1, 2, 3, 1, 0, 2, 2, 2, 0, 2, 3]","['0', '1', '2', '4', '17', '3', '7', '5', '8', '16', '11', '87', '12', '6', '15', '10', '13', '14', '9', '24', '25', '27', '19', '21', '23', '36', '18', '34', '22', '37', '28', '29', '35', '43', '30', '45', '54', '44', '38', '82', '20', '33', '53', '26', '41', '32', '48', '49', '47', '31', '55', '42', '51', '46', '60', '59', '40', '70', '50', '57', '61', '39', '56', '63', '64', '58', '52', '62', '68', '67', '72', '77', '65', '66', '73', '80', '69', '85', '74', '79', '81', '71', '75', '76', '78', '83', '84', '86', '88', '89']"
967,1514,1.833484710868907,29866,1248,886,757.9167423554345,"[1, 1, 0, 0, 2, 3, 0, 3, 1, 1, 2, 3, 3, 1, 3, 2, 0, 1, 1, 2, 2, 0, 1, 3, 0, 1, 0, 2, 2, 2, 0, 3, 2, 1, 3, 3, 1, 2, 1, 0, 1, 3, 0, 2, 1, 2, 2, 3, 2, 3, 3, 2, 0, 0, 2, 2, 3, 3, 0, 3, 3, 3, 2, 3, 3, 2, 2, 0, 1, 2, 1, 0, 1, 1, 3, 2, 2, 0, 3, 3, 0, 3, 2, 2, 1, 1, 2, 1, 1, 1]","['0', '1', '3', '4', '2', '7', '8', '6', '5', '17', '9', '15', '22', '11', '10', '26', '16', '14', '23', '13', '28', '87', '38', '21', '18', '27', '35', '45', '54', '53', '12', '46', '34', '36', '24', '25', '44', '37', '19', '55', '29', '43', '30', '20', '82', '33', '41', '48', '51', '47', '32', '42', '31', '40', '49', '50', '39', '52', '57', '60', '70', '77', '56', '61', '68', '67', '59', '72', '74', '58', '62', '73', '63', '79', '80', '85', '64', '65', '66', '81', '69', '71', '75', '76', '78', '83', '84', '86', '88', '89']"
968,1668,1.926653190874964,34736,1496,1047,834.9633265954375,"[3, 1, 1, 2, 0, 1, 3, 1, 1, 1, 0, 1, 1, 0, 0, 3, 3, 0, 3, 0, 2, 2, 0, 3, 3, 3, 1, 2, 0, 3, 1, 2, 2, 1, 3, 2, 0, 2, 0, 1, 1, 3, 3, 0, 1, 3, 2, 0, 1, 1, 0, 2, 2, 0, 0, 0, 1, 1, 0, 1, 2, 1, 1, 1, 3, 1, 2, 0, 3, 1, 1, 0, 2, 2, 1, 1, 3, 0, 2, 1, 1, 2, 3, 1, 0, 0, 0, 1, 1, 0]","['0', '1', '2', '5', '11', '17', '7', '10', '3', '8', '12', '4', '6', '13', '16', '28', '87', '15', '9', '18', '21', '25', '35', '14', '46', '45', '53', '43', '27', '19', '22', '55', '37', '23', '44', '36', '29', '82', '24', '26', '30', '31', '40', '54', '50', '39', '57', '38', '34', '77', '20', '33', '41', '32', '47', '49', '48', '70', '42', '51', '56', '58', '60', '52', '67', '62', '68', '72', '74', '59', '61', '63', '64', '65', '73', '79', '66', '69', '80', '81', '85', '71', '75', '76', '78', '83', '84', '86', '88', '89']"
969,1376,1.668890236506974,28520,1283,841,688.8344451182535,"[3, 1, 1, 3, 3, 3, 1, 3, 3, 0, 2, 0, 3, 2, 0, 2, 0, 1, 3, 3, 0, 0, 1, 0, 2, 1, 1, 0, 3, 3, 0, 0, 1, 2, 1, 1, 3, 2, 1, 0, 2, 0, 2, 1, 2, 3, 3, 0, 2, 2, 1, 2, 0, 1, 1, 3, 2, 1, 3, 2, 1, 3, 3, 2, 3, 2, 2, 0, 0, 0, 2, 1, 0, 3, 2, 1, 1, 2, 1, 1, 2, 3, 3, 3, 3, 2, 2, 2, 1, 1]","['0', '2', '17', '1', '8', '5', '4', '11', '12', '6', '14', '7', '15', '16', '3', '19', '13', '30', '10', '28', '9', '29', '87', '25', '18', '26', '82', '20', '33', '24', '22', '27', '23', '32', '21', '35', '44', '45', '38', '37', '43', '31', '53', '34', '49', '46', '55', '54', '39', '40', '41', '36', '48', '70', '77', '51', '42', '60', '50', '47', '58', '57', '59', '61', '62', '52', '63', '56', '67', '64', '68', '72', '74', '65', '66', '73', '79', '69', '71', '80', '81', '85', '75', '76', '78', '83', '84', '86', '88', '89']"
970,1429,1.703725782414307,33111,1465,998,715.3518628912071,"[3, 3, 3, 2, 0, 1, 0, 1, 3, 1, 0, 1, 0, 2, 2, 0, 1, 3, 3, 1, 1, 2, 0, 1, 0, 2, 3, 2, 0, 1, 1, 3, 1, 1, 0, 3, 3, 3, 2, 3, 3, 0, 0, 0, 3, 3, 2, 3, 3, 3, 1, 1, 0, 0, 3, 2, 0, 2, 1, 1, 3, 3, 0, 3, 2, 1, 0, 2, 0, 1, 2, 1, 3, 0, 3, 1, 2, 0, 3, 0, 1, 0, 3, 2, 3, 1, 0, 0, 2, 2]","['0', '2', '17', '1', '8', '7', '3', '4', '6', '15', '16', '5', '10', '87', '11', '13', '14', '28', '9', '21', '12', '22', '34', '23', '38', '18', '26', '27', '19', '37', '36', '30', '20', '32', '49', '31', '24', '29', '70', '40', '41', '25', '33', '82', '48', '35', '45', '54', '53', '43', '51', '60', '46', '39', '55', '77', '58', '50', '47', '56', '67', '44', '68', '57', '59', '72', '73', '61', '42', '52', '63', '74', '64', '62', '65', '66', '79', '69', '80', '85', '71', '75', '76', '78', '83', '84', '86', '88', '81', '89']"
971,1607,1.915946348733234,30242,1287,886,804.4579731743667,"[2, 0, 0, 2, 2, 1, 0, 2, 2, 1, 0, 0, 3, 2, 3, 0, 3, 2, 1, 0, 1, 3, 0, 3, 3, 3, 0, 2, 2, 0, 2, 1, 1, 0, 1, 0, 1, 2, 2, 2, 2, 0, 2, 3, 0, 0, 0, 2, 1, 3, 1, 1, 1, 2, 2, 3, 3, 2, 2, 2, 0, 2, 2, 2, 0, 2, 0, 2, 2, 1, 1, 0, 2, 0, 0, 0, 2, 1, 0, 0, 2, 1, 3, 1, 1, 0, 1, 1, 1, 3]","['0', '1', '2', '3', '5', '4', '12', '11', '17', '7', '6', '10', '14', '8', '16', '9', '27', '18', '26', '21', '22', '37', '24', '34', '87', '20', '25', '32', '33', '41', '49', '36', '35', '13', '46', '45', '70', '44', '42', '23', '53', '55', '48', '28', '43', '15', '47', '38', '51', '59', '60', '58', '62', '52', '54', '19', '30', '31', '29', '39', '77', '40', '82', '50', '57', '56', '61', '63', '67', '64', '68', '65', '72', '66', '69', '74', '71', '73', '75', '79', '80', '81', '76', '85', '78', '83', '84', '86', '88', '89']"
972,1412,1.7089258698941,29435,1295,973,706.854462934947,"[3, 3, 0, 1, 0, 2, 0, 1, 0, 1, 1, 0, 0, 2, 1, 3, 0, 3, 3, 2, 3, 2, 0, 2, 2, 1, 2, 3, 1, 2, 2, 1, 0, 0, 3, 1, 1, 3, 1, 0, 3, 2, 1, 0, 0, 3, 1, 3, 0, 2, 3, 1, 3, 1, 2, 0, 3, 1, 0, 2, 2, 3, 2, 3, 3, 2, 1, 2, 3, 2, 0, 0, 0, 2, 0, 0, 2, 3, 0, 1, 2, 3, 0, 0, 0, 0, 3, 3, 0, 1]","['0', '1', '5', '7', '2', '12', '4', '10', '17', '6', '3', '11', '9', '23', '24', '25', '22', '13', '15', '8', '28', '38', '26', '16', '27', '14', '19', '30', '21', '87', '29', '18', '20', '32', '35', '43', '46', '44', '45', '31', '82', '33', '39', '40', '50', '34', '55', '41', '54', '47', '57', '37', '77', '48', '53', '49', '70', '56', '68', '72', '73', '80', '79', '81', '74', '36', '52', '42', '51', '58', '60', '59', '62', '67', '85', '61', '63', '64', '65', '66', '69', '71', '75', '76', '78', '83', '84', '86', '88', '89']"
973,1392,1.6309314586994728,31297,1427,938,696.8154657293497,"[0, 3, 0, 0, 2, 0, 1, 0, 2, 0, 1, 1, 1, 2, 2, 2, 2, 0, 3, 3, 2, 1, 3, 0, 3, 1, 2, 2, 3, 2, 3, 3, 3, 0, 2, 3, 1, 3, 0, 1, 0, 1, 2, 0, 0, 2, 2, 0, 0, 1, 3, 0, 0, 2, 1, 2, 1, 2, 1, 0, 1, 0, 2, 3, 0, 2, 1, 2, 0, 0, 1, 3, 2, 3, 0, 1, 2, 3, 3, 0, 0, 0, 0, 3, 3, 1, 3, 0, 3, 3]","['0', '1', '7', '4', '8', '5', '3', '11', '6', '15', '13', '14', '9', '21', '18', '22', '37', '2', '24', '10', '17', '25', '20', '35', '43', '26', '33', '45', '28', '16', '54', '46', '32', '36', '55', '44', '87', '49', '12', '53', '23', '38', '27', '42', '70', '19', '30', '31', '40', '39', '77', '29', '50', '57', '34', '82', '41', '51', '48', '58', '62', '59', '56', '47', '67', '68', '72', '74', '60', '61', '73', '63', '80', '85', '81', '52', '79', '64', '65', '66', '69', '71', '75', '76', '78', '83', '84', '86', '88', '89']"
974,1528,1.8072146658781787,32336,1349,940,764.9036073329391,"[0, 3, 1, 3, 1, 0, 2, 3, 2, 1, 2, 2, 1, 1, 2, 2, 0, 0, 1, 0, 2, 1, 1, 3, 2, 2, 1, 0, 1, 2, 3, 1, 2, 0, 0, 2, 1, 0, 3, 2, 2, 1, 0, 2, 2, 2, 3, 2, 1, 2, 3, 0, 3, 1, 0, 3, 0, 1, 1, 0, 0, 2, 2, 3, 2, 2, 3, 0, 0, 2, 2, 2, 0, 2, 0, 1, 1, 3, 0, 2, 0, 0, 0, 2, 2, 3, 0, 1, 1, 2]","['0', '2', '17', '1', '3', '5', '8', '7', '11', '4', '12', '16', '6', '15', '13', '9', '14', '26', '23', '22', '24', '87', '27', '38', '25', '10', '19', '21', '18', '34', '28', '36', '35', '45', '53', '44', '30', '20', '32', '29', '41', '55', '43', '46', '51', '59', '47', '31', '37', '39', '48', '60', '52', '49', '82', '40', '70', '58', '62', '77', '50', '33', '57', '61', '56', '42', '68', '54', '63', '64', '67', '72', '74', '65', '66', '69', '71', '73', '75', '80', '76', '81', '78', '79', '85', '83', '84', '86', '88', '89']"
975,1383,1.6697856927256263,31396,1302,903,692.3348928463628,"[0, 2, 3, 3, 0, 1, 0, 3, 3, 1, 3, 1, 1, 2, 2, 1, 2, 2, 3, 0, 2, 2, 3, 0, 2, 2, 1, 2, 1, 3, 0, 0, 2, 2, 3, 1, 2, 3, 0, 3, 1, 3, 3, 0, 2, 3, 3, 3, 2, 2, 0, 2, 0, 0, 2, 0, 0, 1, 3, 0, 3, 2, 0, 0, 3, 1, 0, 3, 0, 1, 3, 2, 2, 3, 3, 2, 1, 1, 0, 3, 2, 1, 1, 1, 2, 2, 1, 1, 3, 1]","['0', '1', '4', '7', '8', '3', '2', '17', '5', '11', '6', '10', '12', '9', '18', '14', '20', '27', '16', '25', '23', '15', '13', '21', '22', '33', '87', '38', '19', '26', '35', '24', '36', '37', '43', '28', '42', '45', '29', '34', '44', '82', '41', '46', '47', '53', '54', '48', '51', '59', '30', '60', '58', '52', '55', '31', '39', '62', '32', '77', '49', '40', '70', '50', '56', '67', '68', '57', '61', '72', '63', '73', '64', '74', '79', '80', '85', '65', '81', '66', '69', '71', '75', '76', '78', '83', '84', '86', '88', '89']"
976,1580,1.8922155688622755,29346,1481,948,790.9461077844311,"[2, 1, 2, 2, 0, 2, 3, 2, 2, 0, 0, 2, 0, 3, 3, 0, 3, 0, 3, 0, 2, 3, 2, 2, 2, 1, 3, 0, 1, 1, 1, 2, 0, 0, 1, 3, 1, 1, 0, 3, 2, 0, 0, 3, 0, 3, 2, 0, 2, 0, 3, 1, 2, 3, 2, 2, 2, 0, 2, 1, 2, 0, 0, 2, 0, 0, 0, 3, 0, 1, 2, 3, 2, 0, 3, 3, 0, 0, 2, 0, 1, 2, 3, 2, 3, 2, 3, 1, 2, 1]","['0', '2', '17', '1', '7', '5', '4', '11', '10', '6', '9', '22', '8', '23', '12', '13', '18', '3', '28', '14', '38', '25', '20', '33', '27', '16', '21', '36', '35', '24', '32', '44', '15', '26', '42', '45', '55', '54', '37', '43', '19', '34', '53', '30', '31', '39', '77', '87', '29', '49', '46', '41', '40', '50', '47', '51', '82', '70', '52', '59', '48', '60', '57', '58', '56', '67', '68', '62', '61', '72', '63', '64', '73', '74', '79', '80', '85', '65', '81', '66', '69', '71', '75', '76', '78', '83', '84', '86', '88', '89']"
977,1569,1.829737609329446,31679,1300,893,785.4148688046647,"[3, 3, 0, 1, 1, 1, 0, 2, 1, 3, 2, 0, 1, 3, 1, 1, 1, 1, 3, 2, 2, 3, 0, 2, 0, 1, 2, 1, 2, 1, 0, 1, 2, 1, 0, 3, 3, 2, 3, 0, 3, 2, 0, 1, 1, 2, 0, 0, 2, 1, 1, 2, 1, 1, 3, 3, 1, 0, 2, 1, 1, 0, 2, 0, 1, 3, 1, 1, 2, 1, 0, 0, 1, 2, 2, 0, 3, 1, 2, 1, 0, 0, 2, 1, 2, 1, 0, 2, 0, 1]","['0', '2', '1', '17', '3', '5', '8', '7', '12', '4', '16', '87', '6', '11', '10', '14', '9', '18', '26', '20', '33', '27', '23', '22', '25', '24', '32', '15', '13', '19', '38', '30', '29', '31', '39', '21', '40', '37', '28', '36', '49', '35', '44', '46', '50', '43', '57', '42', '77', '82', '70', '34', '41', '51', '47', '52', '58', '60', '59', '45', '54', '53', '55', '62', '48', '56', '61', '68', '63', '67', '64', '65', '66', '72', '69', '71', '74', '73', '75', '79', '80', '85', '76', '81', '78', '83', '84', '86', '88', '89']"
978,1753,2.0714918759231904,33433,1376,959,877.5357459379616,"[2, 3, 0, 3, 3, 0, 2, 1, 2, 1, 2, 0, 1, 1, 1, 0, 1, 1, 0, 1, 2, 1, 3, 0, 3, 1, 3, 1, 1, 0, 0, 2, 2, 0, 2, 0, 2, 3, 1, 3, 0, 1, 3, 3, 1, 3, 0, 2, 1, 2, 1, 2, 0, 2, 3, 1, 1, 1, 0, 3, 2, 0, 2, 1, 0, 1, 3, 0, 2, 1, 2, 2, 1, 0, 0, 3, 3, 3, 1, 1, 0, 0, 1, 2, 3, 1, 1, 1, 0, 0]","['0', '2', '17', '1', '7', '8', '3', '4', '6', '13', '16', '15', '14', '5', '12', '9', '23', '24', '22', '11', '26', '87', '27', '18', '19', '29', '25', '30', '20', '33', '10', '31', '28', '32', '82', '38', '21', '35', '39', '77', '43', '46', '44', '45', '53', '54', '37', '40', '50', '49', '70', '57', '36', '34', '41', '48', '55', '56', '42', '51', '58', '60', '47', '68', '61', '67', '52', '59', '63', '72', '62', '74', '73', '64', '65', '80', '66', '85', '81', '69', '79', '71', '75', '76', '78', '83', '84', '86', '88', '89']"
979,1246,1.5121359223300972,32035,1423,1055,623.7560679611651,"[1, 0, 0, 0, 1, 3, 3, 1, 2, 3, 3, 0, 0, 3, 2, 0, 2, 2, 3, 2, 2, 1, 0, 1, 1, 3, 1, 2, 3, 2, 0, 2, 2, 2, 0, 3, 2, 1, 2, 2, 0, 0, 0, 1, 1, 3, 2, 0, 1, 0, 3, 1, 0, 1, 1, 2, 0, 1, 3, 2, 0, 0, 0, 3, 2, 2, 3, 0, 1, 3, 3, 1, 1, 1, 3, 3, 1, 3, 1, 2, 3, 2, 1, 2, 3, 0, 0, 3, 3, 0]","['0', '2', '17', '1', '7', '3', '4', '8', '5', '11', '12', '10', '6', '14', '13', '16', '87', '28', '9', '15', '18', '19', '24', '23', '26', '29', '21', '25', '20', '30', '37', '82', '27', '22', '36', '33', '32', '31', '49', '38', '34', '70', '42', '40', '50', '41', '57', '47', '35', '39', '45', '46', '53', '44', '54', '48', '77', '52', '43', '56', '51', '60', '58', '59', '67', '62', '55', '61', '68', '63', '64', '72', '65', '66', '74', '69', '71', '75', '76', '78', '73', '79', '83', '80', '85', '81', '84', '86', '88', '89']"
980,1481,1.7500738552437223,31611,1609,1115,741.3750369276219,"[3, 1, 1, 3, 1, 1, 0, 0, 1, 2, 3, 2, 1, 0, 1, 1, 2, 0, 0, 3, 1, 0, 0, 3, 1, 0, 1, 1, 0, 1, 3, 2, 2, 1, 2, 3, 0, 0, 0, 3, 3, 0, 2, 0, 3, 0, 3, 3, 0, 3, 2, 3, 3, 0, 3, 0, 3, 1, 0, 1, 0, 1, 1, 2, 0, 1, 1, 2, 0, 3, 3, 3, 0, 3, 3, 1, 2, 2, 1, 3, 1, 1, 2, 3, 3, 0, 1, 2, 0, 2]","['0', '2', '17', '1', '3', '5', '8', '10', '4', '6', '12', '9', '18', '23', '20', '26', '7', '13', '27', '14', '11', '22', '21', '24', '16', '38', '37', '32', '36', '15', '87', '35', '49', '33', '25', '34', '41', '43', '47', '44', '28', '19', '46', '42', '52', '70', '48', '29', '51', '60', '45', '54', '58', '59', '30', '55', '31', '39', '40', '50', '56', '68', '67', '82', '72', '57', '53', '73', '62', '74', '77', '79', '80', '61', '85', '63', '81', '64', '65', '66', '69', '71', '75', '76', '78', '83', '84', '86', '88', '89']"
981,1538,1.814749262536873,29516,1401,986,769.9073746312685,"[0, 0, 0, 3, 2, 3, 1, 0, 2, 0, 2, 1, 3, 0, 0, 3, 0, 0, 0, 3, 0, 2, 0, 2, 2, 2, 2, 2, 2, 3, 1, 3, 1, 0, 2, 1, 0, 1, 2, 2, 2, 0, 0, 1, 2, 0, 1, 2, 0, 0, 3, 0, 3, 0, 2, 2, 3, 3, 3, 0, 1, 2, 1, 2, 2, 1, 3, 0, 0, 2, 1, 3, 3, 0, 2, 0, 0, 3, 0, 3, 2, 1, 2, 3, 0, 1, 3, 2, 1, 3]","['0', '2', '1', '5', '3', '17', '7', '8', '10', '16', '4', '11', '87', '6', '15', '12', '19', '30', '14', '9', '24', '23', '27', '18', '26', '29', '31', '20', '82', '40', '13', '21', '32', '33', '22', '35', '50', '25', '28', '46', '44', '43', '39', '37', '49', '77', '34', '38', '41', '70', '57', '47', '51', '48', '45', '60', '59', '56', '58', '55', '61', '54', '68', '36', '42', '53', '72', '67', '52', '73', '74', '62', '63', '79', '64', '80', '65', '81', '66', '69', '71', '75', '76', '85', '78', '83', '84', '86', '88', '89']"
982,1416,1.6832095096582467,32185,1345,948,708.8416047548292,"[0, 0, 1, 0, 0, 2, 3, 0, 0, 3, 1, 2, 0, 2, 2, 1, 0, 2, 0, 3, 0, 2, 1, 2, 2, 1, 2, 0, 2, 3, 0, 0, 1, 2, 0, 0, 0, 0, 1, 0, 3, 1, 2, 1, 0, 2, 3, 0, 1, 3, 2, 3, 1, 3, 3, 0, 2, 1, 1, 1, 2, 1, 1, 1, 1, 2, 2, 0, 2, 0, 0, 2, 0, 3, 2, 3, 3, 3, 3, 3, 0, 0, 0, 1, 0, 2, 3, 3, 2, 2]","['0', '2', '1', '4', '3', '8', '17', '7', '5', '10', '16', '12', '6', '11', '15', '13', '14', '19', '28', '9', '24', '22', '25', '27', '21', '29', '23', '35', '38', '18', '26', '44', '82', '20', '87', '30', '43', '36', '32', '31', '40', '46', '50', '57', '33', '34', '37', '49', '42', '70', '45', '53', '55', '39', '54', '77', '41', '48', '56', '67', '51', '47', '68', '52', '59', '72', '73', '80', '79', '60', '58', '74', '81', '85', '61', '62', '63', '64', '65', '66', '69', '71', '75', '76', '78', '83', '84', '86', '88', '89']"
983,1508,1.7809270741068792,32688,1511,1071,754.8904635370534,"[1, 0, 2, 2, 3, 3, 3, 0, 0, 1, 1, 0, 3, 2, 1, 2, 0, 0, 0, 1, 2, 2, 0, 0, 3, 1, 1, 3, 1, 2, 2, 1, 1, 3, 3, 2, 0, 0, 2, 3, 0, 1, 3, 1, 1, 2, 3, 0, 3, 3, 3, 3, 1, 0, 0, 2, 3, 3, 3, 1, 1, 0, 2, 2, 1, 2, 2, 3, 0, 0, 2, 0, 1, 2, 0, 3, 1, 3, 0, 3, 3, 3, 0, 3, 0, 1, 0, 0, 2, 2]","['0', '2', '1', '4', '5', '6', '10', '14', '7', '8', '13', '11', '3', '9', '12', '16', '24', '25', '18', '23', '20', '27', '33', '21', '37', '36', '17', '22', '34', '38', '35', '42', '28', '41', '44', '45', '32', '49', '48', '43', '47', '70', '54', '55', '15', '19', '26', '52', '46', '87', '29', '30', '31', '39', '40', '77', '82', '51', '59', '60', '50', '53', '57', '61', '63', '56', '64', '58', '62', '65', '67', '68', '66', '72', '73', '80', '74', '81', '85', '79', '69', '71', '75', '76', '78', '83', '84', '86', '88', '89']"
984,1743,2.121728545343883,31047,1534,1088,872.5608642726719,"[2, 3, 3, 0, 0, 1, 0, 0, 0, 3, 3, 3, 1, 2, 3, 2, 3, 1, 1, 0, 3, 1, 3, 2, 2, 0, 2, 3, 0, 1, 2, 3, 2, 3, 3, 0, 2, 3, 1, 3, 3, 0, 3, 1, 1, 2, 3, 0, 0, 2, 3, 2, 1, 3, 2, 0, 2, 1, 2, 3, 1, 3, 2, 0, 0, 3, 3, 0, 1, 3, 2, 3, 1, 3, 0, 2, 2, 0, 2, 1, 0, 3, 3, 3, 3, 1, 2, 3, 3, 0]","['0', '2', '1', '17', '4', '3', '8', '7', '6', '16', '15', '5', '9', '24', '26', '12', '27', '11', '14', '10', '25', '87', '23', '21', '19', '18', '35', '34', '22', '13', '29', '36', '28', '45', '44', '55', '46', '30', '38', '82', '31', '20', '40', '32', '54', '43', '53', '37', '49', '50', '57', '33', '41', '70', '47', '42', '48', '52', '39', '51', '56', '58', '60', '62', '77', '67', '68', '61', '72', '73', '79', '80', '85', '74', '81', '59', '63', '64', '65', '66', '69', '71', '75', '76', '78', '83', '84', '86', '88', '89']"
985,1414,1.6888623469692445,33918,1494,998,707.8444311734846,"[2, 0, 1, 2, 1, 3, 2, 3, 1, 2, 3, 0, 2, 2, 0, 0, 0, 3, 2, 2, 1, 2, 3, 0, 0, 1, 1, 1, 0, 0, 3, 3, 0, 2, 2, 0, 1, 0, 0, 2, 1, 1, 1, 3, 3, 0, 2, 1, 3, 2, 2, 1, 2, 0, 2, 1, 1, 3, 3, 1, 0, 2, 0, 2, 3, 0, 1, 3, 1, 2, 2, 1, 1, 2, 1, 3, 1, 2, 0, 2, 2, 3, 1, 0, 1, 3, 0, 3, 1, 2]","['0', '2', '1', '7', '8', '4', '17', '16', '5', '6', '87', '9', '22', '3', '24', '26', '10', '21', '18', '13', '28', '11', '37', '14', '34', '36', '25', '15', '23', '35', '44', '46', '45', '54', '38', '27', '53', '55', '12', '20', '41', '43', '51', '48', '32', '49', '58', '62', '33', '47', '60', '19', '70', '29', '30', '59', '31', '42', '82', '39', '52', '40', '50', '57', '61', '77', '63', '64', '56', '65', '67', '68', '66', '72', '74', '73', '79', '80', '85', '69', '71', '75', '76', '81', '78', '83', '84', '86', '88', '89']"
986,1310,1.5951293759512937,27782,1296,966,655.7975646879756,"[3, 2, 3, 3, 3, 2, 0, 3, 2, 1, 3, 0, 0, 0, 1, 0, 1, 0, 3, 3, 3, 3, 3, 1, 0, 2, 1, 2, 3, 0, 1, 3, 3, 3, 2, 3, 2, 0, 1, 1, 2, 1, 2, 3, 3, 0, 2, 0, 0, 1, 2, 1, 3, 1, 0, 0, 1, 1, 1, 1, 2, 0, 0, 2, 2, 3, 2, 3, 3, 1, 2, 0, 0, 0, 1, 1, 1, 2, 3, 3, 2, 1, 0, 1, 2, 2, 0, 3, 3, 2]","['0', '2', '1', '17', '3', '7', '4', '6', '13', '15', '5', '9', '8', '24', '12', '27', '25', '11', '21', '37', '36', '23', '34', '14', '22', '18', '16', '20', '33', '87', '19', '10', '30', '28', '42', '29', '26', '82', '38', '35', '41', '43', '51', '32', '46', '58', '47', '59', '60', '49', '31', '39', '44', '48', '40', '77', '50', '52', '57', '56', '70', '67', '68', '45', '53', '54', '62', '55', '61', '63', '64', '65', '66', '72', '69', '73', '74', '80', '85', '81', '79', '71', '75', '76', '78', '83', '84', '86', '88', '89']"
987,1409,1.680882791529973,32608,1361,968,705.340441395765,"[1, 2, 2, 2, 0, 3, 2, 1, 3, 2, 1, 3, 1, 3, 3, 0, 3, 0, 0, 0, 2, 2, 1, 2, 0, 3, 3, 0, 2, 2, 2, 2, 1, 2, 2, 1, 0, 2, 1, 2, 3, 0, 2, 2, 3, 1, 2, 0, 0, 3, 1, 1, 0, 1, 2, 3, 1, 0, 0, 3, 0, 1, 0, 0, 3, 2, 0, 2, 0, 3, 3, 1, 3, 0, 0, 3, 2, 0, 0, 2, 3, 0, 1, 2, 1, 3, 3, 2, 3, 1]","['0', '1', '4', '6', '2', '17', '3', '13', '5', '11', '15', '7', '8', '12', '16', '19', '14', '87', '9', '22', '25', '26', '27', '18', '29', '82', '20', '30', '32', '21', '35', '45', '33', '37', '55', '10', '31', '49', '40', '50', '57', '54', '53', '34', '46', '28', '43', '24', '41', '47', '23', '51', '36', '59', '42', '60', '44', '58', '38', '39', '77', '70', '52', '48', '62', '61', '56', '67', '63', '64', '68', '65', '66', '69', '71', '72', '75', '74', '76', '78', '73', '79', '80', '83', '81', '84', '85', '86', '88', '89']"
988,1592,1.9157641395908545,29953,1411,951,796.9578820697955,"[2, 2, 3, 2, 1, 0, 2, 3, 2, 1, 0, 0, 1, 0, 0, 1, 0, 1, 2, 3, 2, 2, 2, 3, 3, 2, 2, 3, 3, 0, 1, 0, 3, 0, 1, 3, 1, 1, 3, 1, 2, 2, 2, 1, 2, 3, 1, 0, 3, 3, 1, 1, 2, 1, 3, 0, 1, 1, 3, 1, 0, 1, 1, 0, 0, 1, 2, 1, 1, 1, 1, 0, 3, 2, 1, 2, 0, 2, 1, 3, 2, 0, 0, 2, 3, 3, 3, 3, 0, 0]","['0', '1', '3', '4', '2', '17', '7', '8', '16', '87', '5', '11', '10', '6', '15', '14', '12', '9', '24', '27', '26', '18', '22', '23', '19', '30', '29', '31', '40', '82', '25', '20', '21', '38', '35', '13', '37', '36', '45', '55', '34', '39', '41', '44', '47', '54', '48', '32', '46', '52', '43', '51', '28', '58', '50', '56', '68', '33', '77', '59', '60', '53', '57', '49', '61', '42', '72', '67', '70', '63', '64', '62', '74', '73', '80', '85', '81', '65', '66', '69', '79', '71', '75', '76', '78', '83', '84', '86', '88', '89']"
989,1437,1.7256079255478836,29706,1248,792,719.3628039627739,"[2, 1, 2, 2, 2, 0, 1, 0, 1, 3, 3, 3, 2, 1, 0, 0, 3, 0, 2, 3, 0, 2, 1, 0, 1, 3, 2, 2, 1, 3, 3, 2, 3, 3, 2, 1, 0, 2, 2, 1, 1, 1, 3, 0, 1, 0, 1, 3, 0, 0, 1, 1, 0, 1, 2, 2, 3, 1, 3, 2, 3, 3, 3, 2, 2, 0, 2, 2, 3, 3, 2, 2, 3, 1, 0, 2, 2, 1, 0, 0, 1, 1, 3, 1, 1, 1, 2, 2, 2, 0]","['0', '2', '1', '3', '5', '4', '8', '7', '12', '17', '11', '10', '16', '6', '87', '15', '9', '23', '26', '19', '25', '22', '30', '18', '14', '21', '29', '82', '37', '35', '27', '38', '36', '45', '53', '20', '31', '33', '40', '50', '13', '54', '44', '34', '55', '46', '42', '28', '32', '41', '43', '57', '51', '60', '61', '24', '39', '48', '49', '47', '70', '77', '52', '56', '59', '58', '63', '64', '62', '65', '68', '67', '66', '69', '72', '73', '74', '79', '80', '81', '85', '71', '75', '76', '78', '83', '84', '86', '88', '89']"
990,1418,1.6657856093979442,31078,1358,974,709.832892804699,"[0, 0, 3, 0, 3, 0, 1, 1, 1, 3, 0, 1, 3, 2, 0, 0, 2, 2, 0, 0, 0, 1, 1, 2, 1, 3, 0, 2, 3, 2, 3, 0, 1, 0, 1, 3, 2, 0, 0, 0, 0, 1, 0, 1, 1, 3, 1, 0, 0, 2, 0, 3, 0, 2, 1, 1, 1, 1, 2, 2, 3, 2, 2, 2, 2, 2, 3, 3, 1, 1, 2, 2, 2, 1, 0, 1, 3, 0, 1, 2, 1, 1, 3, 3, 0, 0, 0, 2, 3, 0]","['0', '2', '17', '1', '5', '8', '11', '12', '4', '7', '3', '6', '10', '15', '14', '13', '28', '9', '22', '25', '26', '19', '23', '27', '38', '29', '24', '30', '16', '87', '18', '82', '20', '31', '33', '39', '32', '21', '37', '49', '36', '77', '42', '70', '34', '41', '47', '35', '43', '46', '45', '40', '51', '58', '59', '54', '53', '50', '55', '44', '60', '52', '62', '48', '57', '56', '61', '67', '63', '64', '65', '68', '66', '69', '71', '75', '72', '73', '80', '74', '76', '79', '85', '81', '78', '83', '84', '86', '88', '89']"
991,1498,1.7353026353895165,32862,1445,954,749.8676513176947,"[0, 3, 0, 1, 1, 1, 1, 3, 1, 2, 3, 1, 1, 1, 2, 2, 3, 3, 3, 2, 3, 2, 0, 3, 1, 1, 1, 0, 0, 0, 3, 0, 1, 2, 3, 2, 0, 0, 2, 3, 2, 1, 3, 2, 1, 3, 3, 1, 0, 3, 1, 1, 1, 1, 2, 1, 3, 1, 2, 0, 1, 2, 2, 0, 3, 1, 0, 0, 2, 0, 2, 3, 0, 1, 2, 2, 0, 1, 3, 2, 2, 3, 0, 0, 1, 2, 3, 1, 1, 2]","['0', '1', '4', '3', '6', '14', '2', '7', '13', '5', '9', '11', '22', '27', '26', '10', '28', '17', '24', '21', '34', '15', '37', '23', '36', '12', '38', '18', '8', '20', '25', '19', '16', '33', '42', '35', '87', '44', '32', '43', '46', '30', '31', '41', '48', '40', '49', '45', '51', '58', '70', '55', '50', '53', '59', '39', '54', '62', '77', '56', '47', '60', '52', '57', '67', '29', '61', '63', '68', '64', '72', '74', '65', '66', '69', '73', '82', '79', '71', '75', '76', '80', '85', '81', '78', '83', '84', '86', '88', '89']"
992,1445,1.739915713425647,31316,1506,1032,723.3699578567129,"[2, 2, 0, 0, 2, 1, 0, 0, 1, 2, 1, 0, 2, 0, 1, 2, 0, 3, 0, 0, 1, 2, 3, 0, 0, 3, 3, 1, 0, 3, 3, 0, 3, 3, 3, 2, 1, 1, 3, 1, 0, 2, 1, 3, 3, 3, 1, 3, 1, 2, 0, 3, 3, 2, 1, 1, 3, 3, 0, 3, 2, 3, 0, 0, 3, 0, 3, 2, 2, 3, 3, 3, 0, 2, 0, 1, 0, 1, 2, 0, 3, 1, 2, 3, 2, 1, 1, 0, 1, 3]","['0', '2', '1', '3', '5', '7', '11', '4', '12', '6', '17', '9', '22', '23', '18', '20', '33', '24', '21', '14', '13', '38', '27', '36', '32', '26', '37', '8', '25', '10', '34', '42', '28', '41', '15', '19', '16', '29', '35', '47', '48', '43', '45', '87', '82', '55', '49', '30', '46', '51', '59', '31', '60', '44', '40', '50', '53', '52', '57', '39', '54', '77', '58', '70', '62', '61', '63', '64', '56', '67', '65', '68', '66', '72', '74', '73', '69', '79', '80', '71', '75', '76', '78', '83', '81', '85', '84', '86', '88', '89']"
993,1296,1.5619162398312745,29282,1376,1019,648.7809581199157,"[0, 3, 0, 0, 1, 2, 3, 2, 3, 2, 1, 2, 0, 3, 3, 0, 3, 2, 1, 2, 2, 2, 0, 0, 3, 2, 1, 0, 3, 0, 3, 3, 2, 1, 0, 2, 1, 1, 2, 3, 1, 3, 0, 3, 1, 2, 1, 3, 0, 1, 2, 0, 0, 1, 2, 3, 1, 0, 3, 1, 3, 2, 0, 0, 1, 2, 1, 0, 1, 2, 3, 2, 3, 1, 0, 0, 1, 3, 2, 3, 1, 0, 1, 2, 0, 2, 3, 0, 0, 1]","['0', '2', '17', '1', '5', '10', '8', '3', '7', '11', '16', '12', '4', '6', '14', '87', '15', '13', '19', '28', '29', '82', '9', '22', '23', '18', '20', '25', '38', '26', '32', '21', '33', '37', '24', '34', '30', '27', '49', '70', '31', '40', '41', '47', '36', '42', '35', '39', '46', '45', '48', '53', '43', '44', '77', '51', '58', '54', '59', '52', '62', '55', '60', '50', '57', '56', '68', '72', '74', '67', '73', '61', '80', '63', '85', '81', '64', '79', '65', '66', '69', '71', '75', '76', '78', '83', '84', '86', '88', '89']"
994,1253,1.4952267303102624,31283,1278,833,627.2476133651551,"[3, 0, 2, 2, 1, 2, 3, 3, 3, 1, 3, 3, 1, 0, 2, 3, 1, 2, 1, 0, 1, 2, 3, 3, 2, 0, 0, 2, 2, 3, 2, 3, 1, 1, 0, 3, 3, 3, 0, 0, 2, 0, 2, 1, 3, 3, 3, 0, 0, 3, 3, 0, 3, 1, 0, 3, 3, 0, 3, 3, 3, 3, 1, 2, 1, 1, 0, 0, 3, 1, 1, 0, 2, 2, 3, 0, 1, 1, 2, 0, 2, 2, 2, 2, 1, 3, 0, 1, 2, 0]","['0', '2', '1', '7', '4', '3', '6', '14', '15', '8', '13', '5', '16', '11', '10', '28', '9', '21', '37', '87', '23', '22', '34', '27', '25', '26', '24', '17', '36', '35', '43', '46', '12', '18', '44', '45', '38', '55', '20', '33', '32', '54', '41', '19', '53', '51', '29', '42', '58', '82', '47', '59', '60', '30', '48', '62', '49', '52', '31', '70', '39', '77', '40', '50', '56', '57', '61', '63', '68', '72', '73', '67', '74', '80', '79', '85', '81', '64', '65', '66', '69', '71', '75', '76', '78', '83', '84', '86', '88', '89']"
995,1495,1.7834774828511781,30934,1532,1065,748.3917387414256,"[3, 3, 2, 2, 1, 1, 1, 0, 0, 1, 3, 1, 0, 0, 2, 3, 3, 2, 1, 3, 0, 0, 0, 2, 0, 1, 3, 0, 3, 2, 2, 0, 3, 0, 3, 0, 2, 0, 3, 3, 1, 2, 2, 1, 1, 1, 3, 2, 1, 2, 0, 0, 2, 2, 3, 1, 0, 3, 1, 3, 3, 3, 3, 1, 2, 2, 1, 1, 1, 2, 0, 1, 2, 2, 0, 0, 3, 1, 3, 0, 0, 1, 0, 1, 0, 2, 3, 0, 2, 3]","['0', '1', '2', '5', '4', '3', '12', '7', '17', '10', '6', '8', '11', '13', '16', '9', '14', '26', '15', '87', '18', '19', '21', '24', '29', '28', '25', '23', '36', '35', '34', '46', '27', '22', '44', '20', '45', '33', '38', '32', '43', '41', '47', '51', '54', '30', '55', '52', '58', '37', '53', '48', '49', '42', '70', '62', '31', '39', '77', '82', '59', '60', '40', '50', '57', '56', '61', '67', '63', '64', '68', '65', '66', '72', '73', '74', '80', '85', '81', '69', '71', '75', '79', '76', '78', '83', '84', '86', '88', '89']"
996,1362,1.6132662126147468,34173,1494,950,681.8066331063073,"[2, 1, 1, 2, 3, 0, 1, 2, 2, 2, 0, 1, 3, 0, 3, 0, 3, 3, 2, 2, 0, 2, 1, 2, 2, 3, 3, 0, 1, 0, 2, 1, 2, 1, 0, 0, 0, 0, 3, 2, 2, 3, 3, 2, 3, 3, 1, 3, 0, 1, 1, 3, 1, 3, 0, 3, 0, 3, 0, 1, 2, 1, 0, 1, 1, 2, 1, 3, 0, 0, 1, 1, 0, 0, 1, 3, 3, 0, 3, 1, 1, 1, 2, 1, 0, 2, 3, 0, 3, 1]","['0', '1', '3', '8', '2', '5', '10', '12', '4', '11', '6', '9', '27', '17', '26', '23', '24', '13', '15', '21', '19', '37', '7', '18', '14', '36', '20', '25', '30', '16', '34', '41', '28', '31', '87', '48', '39', '77', '40', '22', '38', '35', '29', '33', '44', '46', '47', '45', '50', '56', '55', '68', '54', '67', '82', '53', '42', '57', '32', '43', '49', '72', '70', '51', '52', '60', '74', '73', '79', '61', '80', '59', '58', '63', '81', '62', '85', '64', '65', '66', '69', '71', '75', '76', '78', '83', '84', '86', '88', '89']"
997,1351,1.566376811594203,34915,1455,1025,676.2831884057971,"[0, 3, 0, 2, 2, 3, 2, 3, 3, 2, 1, 2, 3, 1, 0, 3, 3, 0, 1, 2, 3, 3, 1, 2, 0, 0, 0, 3, 1, 3, 1, 1, 1, 1, 1, 1, 1, 0, 2, 3, 0, 2, 2, 2, 1, 2, 1, 1, 2, 2, 1, 0, 3, 0, 2, 2, 0, 2, 3, 3, 0, 3, 2, 3, 0, 2, 2, 3, 0, 0, 3, 1, 0, 2, 3, 2, 2, 0, 2, 2, 3, 0, 3, 2, 3, 0, 3, 1, 0, 3]","['0', '2', '17', '1', '5', '4', '8', '12', '7', '6', '14', '9', '3', '15', '10', '19', '27', '25', '24', '23', '16', '11', '18', '87', '22', '38', '26', '13', '28', '21', '20', '37', '32', '34', '35', '36', '30', '44', '41', '43', '31', '39', '49', '77', '33', '51', '60', '47', '52', '46', '40', '42', '58', '50', '70', '57', '45', '48', '54', '59', '56', '55', '67', '61', '63', '53', '64', '68', '72', '74', '29', '82', '73', '62', '65', '66', '80', '69', '85', '81', '71', '75', '79', '76', '78', '83', '84', '86', '88', '89']"
998,1484,1.7412731006160165,31158,1414,989,742.8706365503081,"[0, 0, 0, 3, 2, 0, 0, 2, 3, 2, 0, 1, 1, 1, 3, 2, 3, 2, 0, 2, 1, 2, 1, 0, 3, 0, 3, 2, 3, 1, 1, 3, 3, 1, 0, 1, 3, 2, 3, 0, 3, 2, 0, 0, 3, 0, 0, 2, 1, 0, 1, 2, 2, 2, 1, 0, 0, 1, 3, 1, 0, 0, 0, 1, 0, 3, 1, 0, 2, 2, 3, 3, 2, 0, 0, 0, 1, 0, 0, 1, 3, 2, 1, 2, 0, 0, 1, 1, 0, 3]","['0', '1', '5', '4', '7', '12', '3', '10', '8', '6', '13', '11', '2', '14', '28', '17', '9', '23', '18', '27', '15', '21', '20', '16', '26', '37', '24', '32', '33', '49', '35', '34', '25', '45', '44', '43', '41', '54', '22', '51', '70', '55', '53', '48', '38', '47', '52', '19', '87', '60', '36', '30', '58', '29', '82', '31', '42', '46', '62', '40', '50', '57', '56', '67', '59', '61', '39', '77', '63', '64', '68', '65', '72', '73', '66', '80', '69', '79', '85', '81', '71', '74', '75', '76', '78', '83', '84', '86', '88', '89']"
999,1266,1.5026706231454006,31308,1184,797,633.7513353115727,"[2, 3, 3, 0, 3, 3, 0, 3, 1, 0, 1, 0, 3, 2, 1, 1, 0, 0, 0, 0, 3, 1, 0, 0, 0, 2, 3, 1, 1, 2, 3, 2, 1, 3, 3, 1, 0, 0, 3, 0, 2, 1, 1, 2, 3, 0, 1, 2, 3, 3, 0, 0, 2, 1, 1, 1, 3, 1, 2, 2, 0, 1, 2, 2, 0, 0, 2, 2, 2, 2, 2, 0, 2, 2, 2, 0, 0, 1, 2, 3, 3, 1, 3, 1, 0, 3, 2, 0, 3, 0]","['0', '1', '3', '2', '7', '8', '4', '5', '16', '11', '6', '87', '12', '9', '21', '17', '35', '14', '25', '23', '18', '26', '15', '10', '46', '20', '44', '13', '43', '34', '45', '22', '37', '36', '28', '41', '27', '47', '19', '52', '54', '51', '33', '58', '53', '60', '42', '30', '62', '59', '38', '31', '32', '24', '49', '29', '55', '48', '40', '82', '50', '70', '39', '77', '56', '57', '61', '63', '64', '68', '65', '67', '72', '74', '66', '73', '79', '69', '80', '71', '75', '85', '76', '81', '78', '83', '84', '86', '88', '89']"
